# Blender 5.0.0
# www.blender.org
mtllib login.mtl
o Text
v 3.625000 -0.009000 -0.000037
v 3.664003 0.017309 0.000071
v 3.700852 0.046976 0.000194
v 3.735313 0.079609 0.000328
v 3.767148 0.114814 0.000474
v 3.796123 0.152200 0.000628
v 3.822000 0.191373 0.000789
v 3.844544 0.231943 0.000957
v 3.863518 0.273516 0.001128
v 3.878687 0.315700 0.001302
v 3.889815 0.358103 0.001477
v 3.896664 0.400333 0.001652
v 3.899000 0.441996 0.001823
v 3.897137 0.476935 0.001968
v 3.891676 0.510093 0.002104
v 3.882812 0.541230 0.002233
v 3.870741 0.570106 0.002352
v 3.855655 0.596483 0.002461
v 3.837750 0.620120 0.002558
v 3.817220 0.640778 0.002643
v 3.794259 0.658217 0.002715
v 3.769063 0.672197 0.002773
v 3.741824 0.682480 0.002816
v 3.712739 0.688826 0.002842
v 3.682000 0.690994 0.002851
v 3.651439 0.688948 0.002842
v 3.622843 0.683045 0.002818
v 3.596344 0.673635 0.002779
v 3.572074 0.661068 0.002727
v 3.550166 0.645697 0.002664
v 3.530750 0.627870 0.002590
v 3.513960 0.607939 0.002508
v 3.499926 0.586254 0.002419
v 3.488782 0.563167 0.002323
v 3.480658 0.539028 0.002224
v 3.475687 0.514187 0.002121
v 3.474000 0.488996 0.002017
v 3.475735 0.461763 0.001905
v 3.480797 0.435714 0.001798
v 3.488969 0.411075 0.001696
v 3.500037 0.388071 0.001601
v 3.513786 0.366928 0.001514
v 3.530000 0.347872 0.001435
v 3.548465 0.331129 0.001366
v 3.568963 0.316923 0.001307
v 3.591282 0.305482 0.001260
v 3.615204 0.297030 0.001225
v 3.640515 0.291793 0.001204
v 3.667000 0.289998 0.001196
v 3.676075 0.290224 0.001197
v 3.685269 0.290896 0.001200
v 3.694531 0.291998 0.001205
v 3.703815 0.293516 0.001211
v 3.713071 0.295437 0.001219
v 3.722250 0.297747 0.001228
v 3.731305 0.300433 0.001239
v 3.740185 0.303479 0.001252
v 3.748844 0.306872 0.001266
v 3.757232 0.310599 0.001281
v 3.765300 0.314645 0.001298
v 3.773000 0.318997 0.001316
v 3.766017 0.299809 0.001237
v 3.754859 0.284727 0.001175
v 3.739960 0.272976 0.001126
v 3.721756 0.263780 0.001088
v 3.700681 0.256364 0.001058
v 3.677171 0.249953 0.001031
v 3.651661 0.243771 0.001006
v 3.624586 0.237043 0.000978
v 3.596382 0.228993 0.000945
v 3.567483 0.218846 0.000903
v 3.538324 0.205826 0.000849
v 3.509341 0.189159 0.000780
v 3.572000 0.489996 0.002021
v 3.572963 0.505355 0.002085
v 3.575783 0.519871 0.002145
v 3.580360 0.533449 0.002201
v 3.586593 0.545995 0.002252
v 3.594382 0.557417 0.002300
v 3.603625 0.567620 0.002342
v 3.614223 0.576511 0.002378
v 3.626074 0.583995 0.002409
v 3.639078 0.589979 0.002434
v 3.653135 0.594370 0.002452
v 3.668142 0.597073 0.002463
v 3.684000 0.597995 0.002467
v 3.699478 0.596835 0.002462
v 3.714320 0.593467 0.002448
v 3.728391 0.588058 0.002426
v 3.741556 0.580773 0.002396
v 3.753679 0.571780 0.002359
v 3.764626 0.561245 0.002315
v 3.774259 0.549336 0.002266
v 3.782445 0.536218 0.002212
v 3.789048 0.522058 0.002154
v 3.793931 0.507023 0.002092
v 3.796961 0.491280 0.002027
v 3.798000 0.474996 0.001960
v 3.797997 0.470801 0.001942
v 3.797977 0.466686 0.001925
v 3.797922 0.462605 0.001908
v 3.797815 0.458515 0.001892
v 3.797639 0.454368 0.001874
v 3.797375 0.450121 0.001857
v 3.797008 0.445728 0.001839
v 3.796519 0.441144 0.001820
v 3.795891 0.436324 0.001800
v 3.795107 0.431223 0.001779
v 3.794149 0.425796 0.001757
v 3.793000 0.419996 0.001733
v 3.783715 0.413807 0.001707
v 3.774389 0.408228 0.001684
v 3.765063 0.403247 0.001664
v 3.755778 0.398848 0.001645
v 3.746577 0.395020 0.001630
v 3.737500 0.391747 0.001616
v 3.728590 0.389015 0.001605
v 3.719889 0.386812 0.001596
v 3.711438 0.385122 0.001589
v 3.703278 0.383932 0.001584
v 3.695452 0.383228 0.001581
v 3.688000 0.382997 0.001580
v 3.672273 0.383975 0.001584
v 3.657186 0.386825 0.001596
v 3.642875 0.391419 0.001615
v 3.629482 0.397626 0.001640
v 3.617144 0.405320 0.001672
v 3.606001 0.414371 0.001709
v 3.596190 0.424652 0.001752
v 3.587852 0.436033 0.001799
v 3.581126 0.448387 0.001850
v 3.576149 0.461584 0.001904
v 3.573061 0.475497 0.001962
v 0.172000 0.681994 0.002814
v 0.074000 0.681994 0.002814
v 0.074000 -0.000000 -0.000000
v 0.480000 -0.000000 -0.000000
v 0.480000 0.087999 0.000363
v 0.212817 0.165921 0.000684
v 0.852000 0.685994 0.002830
v 0.783000 0.685994 0.002830
v 0.490000 -0.000000 -0.000000
v 0.590000 -0.000000 -0.000000
v 0.724238 0.171314 0.000707
v 0.891788 0.171314 0.000707
v 1.057000 -0.000000 -0.000000
v 1.157000 -0.000000 -0.000000
v 0.804868 0.387572 0.001599
v 0.926000 0.288998 0.001192
v 0.714000 0.288998 0.001192
v 1.863000 0.681994 0.002814
v 1.771000 0.681994 0.002814
v 1.689367 0.361791 0.001493
v 1.309000 0.681994 0.002814
v 1.231000 0.681994 0.002814
v 1.231000 -0.000000 -0.000000
v 1.323000 -0.000000 -0.000000
v 1.389791 0.250413 0.001033
v 1.779000 -0.000000 -0.000000
v 1.863000 -0.000000 -0.000000
v 2.408000 0.340997 0.001407
v 2.406192 0.391998 0.001617
v 2.400870 0.439839 0.001815
v 2.392187 0.484277 0.001998
v 2.380296 0.525070 0.002166
v 2.365350 0.561973 0.002318
v 2.347500 0.594745 0.002454
v 2.326900 0.623142 0.002571
v 2.303704 0.646920 0.002669
v 2.278063 0.665838 0.002747
v 2.250130 0.679652 0.002804
v 2.220058 0.688118 0.002839
v 2.188000 0.690994 0.002851
v 2.155942 0.688118 0.002839
v 2.125870 0.679652 0.002804
v 2.097938 0.665838 0.002747
v 2.072296 0.646920 0.002669
v 2.049100 0.623142 0.002571
v 2.028500 0.594745 0.002454
v 2.010651 0.561973 0.002318
v 1.995704 0.525070 0.002166
v 1.983813 0.484277 0.001998
v 1.975130 0.439839 0.001815
v 1.969808 0.391998 0.001617
v 1.968000 0.340997 0.001407
v 1.969808 0.289996 0.001196
v 1.975130 0.242155 0.000999
v 1.983813 0.197717 0.000816
v 1.995704 0.156925 0.000647
v 2.010651 0.120021 0.000495
v 2.028500 0.087249 0.000360
v 2.049100 0.058853 0.000243
v 2.072296 0.035074 0.000145
v 2.097938 0.016156 0.000067
v 2.125870 0.002343 0.000010
v 2.155942 -0.006124 -0.000025
v 2.188000 -0.009000 -0.000037
v 2.220058 -0.006124 -0.000025
v 2.250130 0.002343 0.000010
v 2.278063 0.016156 0.000067
v 2.303704 0.035074 0.000145
v 2.326900 0.058853 0.000243
v 2.347500 0.087249 0.000360
v 2.365350 0.120021 0.000495
v 2.380296 0.156925 0.000647
v 2.392187 0.197717 0.000816
v 2.400870 0.242155 0.000999
v 2.406192 0.289996 0.001196
v 2.310000 0.340997 0.001407
v 2.308978 0.303206 0.001251
v 2.305966 0.269703 0.001113
v 2.301045 0.240299 0.000991
v 2.294297 0.214802 0.000886
v 2.285804 0.193020 0.000796
v 2.275645 0.174762 0.000721
v 2.263903 0.159838 0.000659
v 2.250659 0.148056 0.000611
v 2.235995 0.139225 0.000574
v 2.219990 0.133154 0.000549
v 2.202729 0.129651 0.000535
v 2.184290 0.128526 0.000530
v 2.165997 0.129651 0.000535
v 2.149139 0.133154 0.000549
v 2.133744 0.139225 0.000574
v 2.119844 0.148056 0.000611
v 2.107468 0.159838 0.000659
v 2.096645 0.174762 0.000721
v 2.087405 0.193020 0.000796
v 2.079778 0.214802 0.000886
v 2.073795 0.240299 0.000991
v 2.069484 0.269703 0.001113
v 2.066876 0.303206 0.001251
v 2.066000 0.340997 0.001407
v 2.066803 0.379008 0.001564
v 2.069210 0.413115 0.001704
v 2.073215 0.443434 0.001829
v 2.078817 0.470079 0.001939
v 2.086010 0.493162 0.002035
v 2.094790 0.512798 0.002116
v 2.105153 0.529101 0.002183
v 2.117095 0.542184 0.002237
v 2.130614 0.552162 0.002278
v 2.145703 0.559148 0.002307
v 2.162359 0.563256 0.002324
v 2.180579 0.564600 0.002329
v 2.199091 0.563256 0.002324
v 2.216555 0.559148 0.002307
v 2.232864 0.552162 0.002278
v 2.247910 0.542184 0.002237
v 2.261588 0.529101 0.002183
v 2.273790 0.512798 0.002116
v 2.284408 0.493162 0.002035
v 2.293336 0.470079 0.001939
v 2.300466 0.443434 0.001829
v 2.305691 0.413115 0.001704
v 2.308905 0.379008 0.001564
v 2.907711 0.200606 0.000828
v 2.643000 0.092999 0.000384
v 2.679102 0.136477 0.000563
v 2.711482 0.176656 0.000729
v 2.740250 0.213904 0.000882
v 2.765519 0.248591 0.001026
v 2.787398 0.281082 0.001160
v 2.806000 0.311747 0.001286
v 2.821435 0.340954 0.001407
v 2.833815 0.369071 0.001523
v 2.843250 0.396465 0.001636
v 2.849852 0.423506 0.001747
v 2.853732 0.450560 0.001859
v 2.855000 0.477996 0.001972
v 2.853257 0.508655 0.002098
v 2.848135 0.537523 0.002218
v 2.839797 0.564433 0.002329
v 2.828408 0.589217 0.002431
v 2.814129 0.611710 0.002524
v 2.797125 0.631745 0.002606
v 2.777559 0.649154 0.002678
v 2.755593 0.663772 0.002738
v 2.731391 0.675432 0.002786
v 2.705116 0.683966 0.002822
v 2.676931 0.689209 0.002843
v 2.647000 0.690994 0.002851
v 2.633329 0.690556 0.002849
v 2.619797 0.689235 0.002843
v 2.606375 0.687025 0.002834
v 2.593037 0.683920 0.002821
v 2.579755 0.679912 0.002805
v 2.566500 0.674994 0.002785
v 2.553245 0.669160 0.002761
v 2.539963 0.662402 0.002733
v 2.526625 0.654713 0.002701
v 2.513204 0.646087 0.002665
v 2.499671 0.636517 0.002626
v 2.486000 0.625995 0.002582
v 2.489711 0.332309 0.001371
v 2.503286 0.352183 0.001453
v 2.516538 0.376073 0.001551
v 2.529506 0.402885 0.001662
v 2.542230 0.431524 0.001780
v 2.554750 0.460895 0.001901
v 2.567105 0.489902 0.002021
v 2.579336 0.517451 0.002135
v 2.591481 0.542447 0.002238
v 2.603580 0.563794 0.002326
v 2.615673 0.580398 0.002394
v 2.627800 0.591163 0.002439
v 2.640000 0.594995 0.002455
v 2.656377 0.593909 0.002450
v 2.671931 0.590722 0.002437
v 2.686547 0.585542 0.002416
v 2.700111 0.578476 0.002386
v 2.712509 0.569633 0.002350
v 2.723625 0.559120 0.002307
v 2.733346 0.547045 0.002257
v 2.741556 0.533514 0.002201
v 2.748141 0.518636 0.002140
v 2.752986 0.502519 0.002073
v 2.755978 0.485269 0.002002
v 2.757000 0.466996 0.001927
v 2.756670 0.453198 0.001870
v 2.755678 0.440203 0.001816
v 2.754024 0.427858 0.001765
v 2.751704 0.416012 0.001716
v 2.748717 0.404513 0.001669
v 2.745062 0.393210 0.001622
v 2.740737 0.381951 0.001576
v 2.735741 0.370584 0.001529
v 2.730070 0.358956 0.001481
v 2.723725 0.346917 0.001431
v 2.716702 0.334315 0.001379
v 2.709000 0.320997 0.001324
v 2.693585 0.295760 0.001220
v 2.676514 0.269683 0.001113
v 2.658047 0.242967 0.001002
v 2.638444 0.215813 0.000890
v 2.617967 0.188423 0.000777
v 2.596875 0.160999 0.000664
v 2.575429 0.133741 0.000552
v 2.553889 0.106851 0.000441
v 2.532516 0.080531 0.000332
v 2.511569 0.054981 0.000227
v 2.491311 0.030404 0.000125
v 2.472000 0.007000 0.000029
v 2.472000 -0.000000 -0.000000
v 2.904000 -0.000000 -0.000000
v 3.381737 0.193185 0.000797
v 3.143000 0.092999 0.000384
v 3.179102 0.136477 0.000563
v 3.211482 0.176656 0.000729
v 3.240250 0.213904 0.000882
v 3.265519 0.248591 0.001026
v 3.287398 0.281082 0.001160
v 3.306000 0.311747 0.001286
v 3.321435 0.340954 0.001407
v 3.333815 0.369071 0.001523
v 3.343250 0.396465 0.001636
v 3.349852 0.423506 0.001747
v 3.353732 0.450560 0.001859
v 3.355000 0.477996 0.001972
v 3.353257 0.508655 0.002098
v 3.348135 0.537523 0.002218
v 3.339797 0.564433 0.002329
v 3.328408 0.589217 0.002431
v 3.314129 0.611710 0.002524
v 3.297125 0.631745 0.002606
v 3.277559 0.649154 0.002678
v 3.255593 0.663772 0.002738
v 3.231391 0.675432 0.002786
v 3.205116 0.683966 0.002822
v 3.176931 0.689209 0.002843
v 3.147000 0.690994 0.002851
v 3.133329 0.690556 0.002849
v 3.119797 0.689235 0.002843
v 3.106375 0.687025 0.002834
v 3.093037 0.683920 0.002821
v 3.079755 0.679912 0.002805
v 3.066500 0.674994 0.002785
v 3.053245 0.669160 0.002761
v 3.039963 0.662402 0.002733
v 3.026625 0.654713 0.002701
v 3.013204 0.646087 0.002665
v 2.999671 0.636517 0.002626
v 2.986000 0.625995 0.002582
v 2.989711 0.310046 0.001279
v 3.003286 0.330357 0.001363
v 3.016538 0.355459 0.001466
v 3.029506 0.384100 0.001585
v 3.042230 0.415032 0.001712
v 3.054750 0.447006 0.001844
v 3.067105 0.478770 0.001975
v 3.079336 0.509076 0.002100
v 3.091481 0.536675 0.002214
v 3.103580 0.560315 0.002312
v 3.115673 0.578749 0.002388
v 3.127800 0.590725 0.002437
v 3.140000 0.594995 0.002455
v 3.156377 0.593909 0.002450
v 3.171931 0.590722 0.002437
v 3.186547 0.585542 0.002416
v 3.200111 0.578476 0.002386
v 3.212509 0.569633 0.002350
v 3.223625 0.559120 0.002307
v 3.233346 0.547045 0.002257
v 3.241556 0.533514 0.002201
v 3.248141 0.518636 0.002140
v 3.252986 0.502519 0.002073
v 3.255978 0.485269 0.002002
v 3.257000 0.466996 0.001927
v 3.256670 0.453198 0.001870
v 3.255678 0.440203 0.001816
v 3.254024 0.427858 0.001765
v 3.251704 0.416012 0.001716
v 3.248717 0.404513 0.001669
v 3.245062 0.393210 0.001622
v 3.240737 0.381951 0.001576
v 3.235741 0.370584 0.001529
v 3.230070 0.358956 0.001481
v 3.223725 0.346917 0.001431
v 3.216702 0.334315 0.001379
v 3.209000 0.320997 0.001324
v 3.193585 0.295760 0.001220
v 3.176514 0.269683 0.001113
v 3.158047 0.242967 0.001002
v 3.138444 0.215813 0.000890
v 3.117967 0.188423 0.000777
v 3.096875 0.160999 0.000664
v 3.075429 0.133741 0.000552
v 3.053889 0.106851 0.000441
v 3.032516 0.080531 0.000332
v 3.011569 0.054981 0.000227
v 2.991311 0.030404 0.000125
v 2.972000 0.007000 0.000029
v 2.972000 -0.000000 -0.000000
v 3.404000 -0.000000 -0.000000
v 3.625000 -0.010791 0.434014
v 3.664003 0.015519 0.434122
v 3.700852 0.045186 0.434245
v 3.735313 0.077818 0.434379
v 3.767148 0.113023 0.434525
v 3.796123 0.150409 0.434679
v 3.822000 0.189583 0.434840
v 3.844544 0.230152 0.435008
v 3.863518 0.271726 0.435179
v 3.878687 0.313910 0.435353
v 3.889815 0.356313 0.435528
v 3.896664 0.398542 0.435703
v 3.899000 0.440206 0.435874
v 3.897137 0.475145 0.436018
v 3.891676 0.508302 0.436155
v 3.882812 0.539439 0.436284
v 3.870741 0.568316 0.436403
v 3.855655 0.594692 0.436512
v 3.837750 0.618329 0.436609
v 3.817220 0.638987 0.436694
v 3.794259 0.656426 0.436766
v 3.769063 0.670407 0.436824
v 3.741824 0.680690 0.436866
v 3.712739 0.687035 0.436893
v 3.682000 0.689204 0.436902
v 3.651439 0.687158 0.436893
v 3.622843 0.681255 0.436869
v 3.596344 0.671844 0.436830
v 3.572074 0.659278 0.436778
v 3.550166 0.643906 0.436715
v 3.530750 0.626079 0.436641
v 3.513960 0.606148 0.436559
v 3.499926 0.584464 0.436469
v 3.488782 0.561376 0.436374
v 3.480658 0.537237 0.436275
v 3.475687 0.512397 0.436172
v 3.474000 0.487205 0.436068
v 3.475735 0.459972 0.435956
v 3.480797 0.433923 0.435848
v 3.488969 0.409284 0.435747
v 3.500037 0.386280 0.435652
v 3.513786 0.365137 0.435565
v 3.530000 0.346081 0.435486
v 3.548465 0.329338 0.435417
v 3.568963 0.315133 0.435358
v 3.591282 0.303691 0.435311
v 3.615204 0.295239 0.435276
v 3.640515 0.290003 0.435255
v 3.667000 0.288207 0.435247
v 3.676075 0.288434 0.435248
v 3.685269 0.289105 0.435251
v 3.694531 0.290207 0.435256
v 3.703815 0.291725 0.435262
v 3.713071 0.293647 0.435270
v 3.722250 0.295957 0.435279
v 3.731305 0.298642 0.435290
v 3.740185 0.301688 0.435303
v 3.748844 0.305082 0.435317
v 3.757232 0.308809 0.435332
v 3.765300 0.312855 0.435349
v 3.773000 0.317207 0.435367
v 3.766017 0.298018 0.435288
v 3.754859 0.282936 0.435226
v 3.739960 0.271185 0.435177
v 3.721756 0.261990 0.435139
v 3.700681 0.254574 0.435109
v 3.677171 0.248163 0.435082
v 3.651661 0.241980 0.435057
v 3.624586 0.235252 0.435029
v 3.596382 0.227202 0.434996
v 3.567483 0.217055 0.434954
v 3.538324 0.204036 0.434900
v 3.509341 0.187368 0.434831
v 3.572000 0.488205 0.436072
v 3.572963 0.503564 0.436136
v 3.575783 0.518080 0.436196
v 3.580360 0.531658 0.436252
v 3.586593 0.544205 0.436303
v 3.594382 0.555627 0.436351
v 3.603625 0.565830 0.436393
v 3.614223 0.574720 0.436429
v 3.626074 0.582204 0.436460
v 3.639078 0.588189 0.436485
v 3.653135 0.592579 0.436503
v 3.668142 0.595282 0.436514
v 3.684000 0.596204 0.436518
v 3.699478 0.595045 0.436513
v 3.714320 0.591677 0.436499
v 3.728391 0.586267 0.436477
v 3.741556 0.578982 0.436447
v 3.753679 0.569989 0.436410
v 3.764626 0.559455 0.436366
v 3.774259 0.547545 0.436317
v 3.782445 0.534427 0.436263
v 3.789048 0.520267 0.436205
v 3.793931 0.505233 0.436143
v 3.796961 0.489490 0.436078
v 3.798000 0.473205 0.436011
v 3.797997 0.469010 0.435993
v 3.797977 0.464895 0.435976
v 3.797922 0.460815 0.435959
v 3.797815 0.456724 0.435943
v 3.797639 0.452578 0.435925
v 3.797375 0.448331 0.435908
v 3.797008 0.443938 0.435890
v 3.796519 0.439354 0.435871
v 3.795891 0.434534 0.435851
v 3.795107 0.429433 0.435830
v 3.794149 0.424005 0.435808
v 3.793000 0.418206 0.435784
v 3.783715 0.412016 0.435758
v 3.774389 0.406437 0.435735
v 3.765063 0.401456 0.435715
v 3.755778 0.397058 0.435696
v 3.746577 0.393229 0.435681
v 3.737500 0.389956 0.435667
v 3.728590 0.387225 0.435656
v 3.719889 0.385021 0.435647
v 3.711438 0.383331 0.435640
v 3.703278 0.382141 0.435635
v 3.695452 0.381438 0.435632
v 3.688000 0.381206 0.435631
v 3.672273 0.382185 0.435635
v 3.657186 0.385035 0.435647
v 3.642875 0.389628 0.435666
v 3.629482 0.395836 0.435691
v 3.617144 0.403529 0.435723
v 3.606001 0.412581 0.435760
v 3.596190 0.422861 0.435803
v 3.587852 0.434243 0.435850
v 3.581126 0.446596 0.435901
v 3.576149 0.459793 0.435955
v 3.573061 0.473706 0.436013
v 0.172000 0.680204 0.436864
v 0.074000 0.680204 0.436864
v 0.074000 -0.001791 0.434051
v 0.480000 -0.001791 0.434051
v 0.480000 0.086209 0.434414
v 0.212817 0.164131 0.434735
v 0.852000 0.684204 0.436881
v 0.783000 0.684204 0.436881
v 0.490000 -0.001791 0.434051
v 0.590000 -0.001791 0.434051
v 0.724238 0.169523 0.434758
v 0.891788 0.169523 0.434758
v 1.057000 -0.001791 0.434051
v 1.157000 -0.001791 0.434051
v 0.804868 0.385782 0.435650
v 0.926000 0.287207 0.435243
v 0.714000 0.287207 0.435243
v 1.863000 0.680204 0.436864
v 1.771000 0.680204 0.436864
v 1.689367 0.360000 0.435543
v 1.309000 0.680204 0.436864
v 1.231000 0.680204 0.436864
v 1.231000 -0.001791 0.434051
v 1.323000 -0.001791 0.434051
v 1.389791 0.248622 0.435084
v 1.779000 -0.001791 0.434051
v 1.863000 -0.001791 0.434051
v 2.408000 0.339206 0.435458
v 2.406192 0.390207 0.435668
v 2.400870 0.438048 0.435865
v 2.392187 0.482486 0.436049
v 2.380296 0.523279 0.436217
v 2.365350 0.560183 0.436369
v 2.347500 0.592954 0.436505
v 2.326900 0.621351 0.436622
v 2.303704 0.645130 0.436720
v 2.278063 0.664048 0.436798
v 2.250130 0.677861 0.436855
v 2.220058 0.686327 0.436890
v 2.188000 0.689204 0.436902
v 2.155942 0.686327 0.436890
v 2.125870 0.677861 0.436855
v 2.097938 0.664047 0.436798
v 2.072296 0.645130 0.436720
v 2.049100 0.621351 0.436622
v 2.028500 0.592954 0.436505
v 2.010651 0.560183 0.436369
v 1.995704 0.523279 0.436217
v 1.983813 0.482487 0.436049
v 1.975130 0.438048 0.435865
v 1.969808 0.390207 0.435668
v 1.968000 0.339206 0.435458
v 1.969808 0.288206 0.435247
v 1.975130 0.240365 0.435050
v 1.983813 0.195926 0.434867
v 1.995704 0.155134 0.434698
v 2.010651 0.118230 0.434546
v 2.028500 0.085459 0.434411
v 2.049100 0.057062 0.434294
v 2.072296 0.033283 0.434196
v 2.097938 0.014365 0.434118
v 2.125870 0.000552 0.434061
v 2.155942 -0.007914 0.434026
v 2.188000 -0.010791 0.434014
v 2.220058 -0.007914 0.434026
v 2.250130 0.000552 0.434061
v 2.278063 0.014365 0.434118
v 2.303704 0.033283 0.434196
v 2.326900 0.057062 0.434294
v 2.347500 0.085459 0.434411
v 2.365350 0.118230 0.434546
v 2.380296 0.155134 0.434698
v 2.392187 0.195926 0.434867
v 2.400870 0.240365 0.435050
v 2.406192 0.288206 0.435247
v 2.310000 0.339206 0.435458
v 2.308978 0.301415 0.435302
v 2.305966 0.267913 0.435164
v 2.301045 0.238508 0.435042
v 2.294297 0.213011 0.434937
v 2.285804 0.191229 0.434847
v 2.275645 0.172972 0.434772
v 2.263903 0.158047 0.434710
v 2.250659 0.146265 0.434662
v 2.235995 0.137434 0.434625
v 2.219990 0.131363 0.434600
v 2.202729 0.127861 0.434586
v 2.184290 0.126736 0.434581
v 2.165997 0.127861 0.434586
v 2.149139 0.131363 0.434600
v 2.133744 0.137434 0.434625
v 2.119844 0.146265 0.434662
v 2.107468 0.158047 0.434710
v 2.096645 0.172971 0.434772
v 2.087405 0.191229 0.434847
v 2.079778 0.213011 0.434937
v 2.073795 0.238508 0.435042
v 2.069484 0.267913 0.435164
v 2.066876 0.301415 0.435302
v 2.066000 0.339206 0.435458
v 2.066803 0.377217 0.435615
v 2.069210 0.411325 0.435755
v 2.073215 0.441644 0.435880
v 2.078817 0.468288 0.435990
v 2.086010 0.491371 0.436085
v 2.094790 0.511007 0.436166
v 2.105153 0.527310 0.436234
v 2.117095 0.540393 0.436288
v 2.130614 0.550371 0.436329
v 2.145703 0.557357 0.436358
v 2.162359 0.561465 0.436375
v 2.180579 0.562809 0.436380
v 2.199091 0.561465 0.436375
v 2.216555 0.557357 0.436358
v 2.232864 0.550371 0.436329
v 2.247910 0.540393 0.436288
v 2.261588 0.527310 0.436234
v 2.273790 0.511007 0.436166
v 2.284408 0.491371 0.436085
v 2.293336 0.468288 0.435990
v 2.300466 0.441644 0.435880
v 2.305691 0.411325 0.435755
v 2.308905 0.377217 0.435615
v 2.907711 0.198815 0.434879
v 2.643000 0.091209 0.434435
v 2.679102 0.134686 0.434614
v 2.711482 0.174865 0.434780
v 2.740250 0.212114 0.434933
v 2.765519 0.246800 0.435076
v 2.787398 0.279292 0.435211
v 2.806000 0.309957 0.435337
v 2.821435 0.339164 0.435458
v 2.833815 0.367280 0.435574
v 2.843250 0.394675 0.435687
v 2.849852 0.421715 0.435798
v 2.853732 0.448769 0.435910
v 2.855000 0.476205 0.436023
v 2.853257 0.506865 0.436149
v 2.848135 0.535733 0.436268
v 2.839797 0.562642 0.436379
v 2.828408 0.587427 0.436482
v 2.814129 0.609919 0.436575
v 2.797125 0.629954 0.436657
v 2.777559 0.647364 0.436729
v 2.755593 0.661982 0.436789
v 2.731391 0.673641 0.436837
v 2.705116 0.682176 0.436873
v 2.676931 0.687419 0.436894
v 2.647000 0.689204 0.436902
v 2.633329 0.688765 0.436900
v 2.619797 0.687444 0.436894
v 2.606375 0.685235 0.436885
v 2.593037 0.682130 0.436872
v 2.579755 0.678121 0.436856
v 2.566500 0.673204 0.436836
v 2.553245 0.667369 0.436812
v 2.539963 0.660611 0.436784
v 2.526625 0.652923 0.436752
v 2.513204 0.644297 0.436716
v 2.499671 0.634726 0.436677
v 2.486000 0.624204 0.436633
v 2.489711 0.330519 0.435422
v 2.503286 0.350392 0.435504
v 2.516538 0.374282 0.435602
v 2.529506 0.401094 0.435713
v 2.542230 0.429733 0.435831
v 2.554750 0.459104 0.435952
v 2.567105 0.488111 0.436072
v 2.579336 0.515660 0.436186
v 2.591481 0.540656 0.436289
v 2.603580 0.562003 0.436377
v 2.615673 0.578607 0.436445
v 2.627800 0.589373 0.436490
v 2.640000 0.593204 0.436506
v 2.656377 0.592118 0.436501
v 2.671931 0.588931 0.436488
v 2.686547 0.583751 0.436467
v 2.700111 0.576686 0.436437
v 2.712509 0.567843 0.436401
v 2.723625 0.557330 0.436358
v 2.733346 0.545254 0.436308
v 2.741556 0.531723 0.436252
v 2.748141 0.516846 0.436191
v 2.752986 0.500728 0.436124
v 2.755978 0.483479 0.436053
v 2.757000 0.465205 0.435978
v 2.756670 0.451407 0.435921
v 2.755678 0.438412 0.435867
v 2.754024 0.426067 0.435816
v 2.751704 0.414221 0.435767
v 2.748717 0.402723 0.435720
v 2.745062 0.391420 0.435673
v 2.740737 0.380160 0.435627
v 2.735741 0.368793 0.435580
v 2.730070 0.357165 0.435532
v 2.723725 0.345127 0.435482
v 2.716702 0.332524 0.435430
v 2.709000 0.319207 0.435375
v 2.693585 0.293970 0.435271
v 2.676514 0.267892 0.435163
v 2.658047 0.241176 0.435053
v 2.638444 0.214022 0.434941
v 2.617967 0.186633 0.434828
v 2.596875 0.159208 0.434715
v 2.575429 0.131950 0.434603
v 2.553889 0.105060 0.434492
v 2.532516 0.078740 0.434383
v 2.511569 0.053190 0.434278
v 2.491311 0.028613 0.434176
v 2.472000 0.005209 0.434080
v 2.472000 -0.001791 0.434051
v 2.904000 -0.001791 0.434051
v 3.381737 0.191394 0.434848
v 3.143000 0.091209 0.434435
v 3.179102 0.134686 0.434614
v 3.211482 0.174865 0.434780
v 3.240250 0.212114 0.434933
v 3.265519 0.246800 0.435076
v 3.287398 0.279292 0.435211
v 3.306000 0.309957 0.435337
v 3.321435 0.339164 0.435458
v 3.333815 0.367280 0.435574
v 3.343250 0.394675 0.435687
v 3.349852 0.421715 0.435798
v 3.353732 0.448769 0.435910
v 3.355000 0.476205 0.436023
v 3.353257 0.506865 0.436149
v 3.348135 0.535733 0.436268
v 3.339797 0.562642 0.436379
v 3.328408 0.587427 0.436482
v 3.314129 0.609919 0.436575
v 3.297125 0.629954 0.436657
v 3.277559 0.647364 0.436729
v 3.255593 0.661982 0.436789
v 3.231391 0.673641 0.436837
v 3.205116 0.682176 0.436873
v 3.176931 0.687419 0.436894
v 3.147000 0.689204 0.436902
v 3.133329 0.688765 0.436900
v 3.119797 0.687444 0.436894
v 3.106375 0.685235 0.436885
v 3.093037 0.682130 0.436872
v 3.079755 0.678121 0.436856
v 3.066500 0.673204 0.436836
v 3.053245 0.667369 0.436812
v 3.039963 0.660611 0.436784
v 3.026625 0.652923 0.436752
v 3.013204 0.644297 0.436716
v 2.999671 0.634726 0.436677
v 2.986000 0.624204 0.436633
v 2.989711 0.308255 0.435330
v 3.003286 0.328567 0.435414
v 3.016538 0.353668 0.435517
v 3.029506 0.382310 0.435636
v 3.042230 0.413242 0.435763
v 3.054750 0.445215 0.435895
v 3.067105 0.476980 0.436026
v 3.079336 0.507286 0.436151
v 3.091481 0.534884 0.436265
v 3.103580 0.558525 0.436362
v 3.115673 0.576958 0.436439
v 3.127800 0.588934 0.436488
v 3.140000 0.593204 0.436506
v 3.156377 0.592118 0.436501
v 3.171931 0.588931 0.436488
v 3.186547 0.583751 0.436467
v 3.200111 0.576686 0.436437
v 3.212509 0.567843 0.436401
v 3.223625 0.557330 0.436358
v 3.233346 0.545254 0.436308
v 3.241556 0.531723 0.436252
v 3.248141 0.516846 0.436191
v 3.252986 0.500728 0.436124
v 3.255978 0.483479 0.436053
v 3.257000 0.465205 0.435978
v 3.256670 0.451407 0.435921
v 3.255678 0.438412 0.435867
v 3.254024 0.426067 0.435816
v 3.251704 0.414221 0.435767
v 3.248717 0.402723 0.435720
v 3.245062 0.391420 0.435673
v 3.240737 0.380160 0.435627
v 3.235741 0.368793 0.435580
v 3.230070 0.357165 0.435532
v 3.223725 0.345127 0.435482
v 3.216702 0.332524 0.435430
v 3.209000 0.319207 0.435375
v 3.193585 0.293970 0.435271
v 3.176514 0.267892 0.435163
v 3.158047 0.241176 0.435053
v 3.138444 0.214022 0.434941
v 3.117967 0.186633 0.434828
v 3.096875 0.159208 0.434715
v 3.075429 0.131950 0.434603
v 3.053889 0.105060 0.434492
v 3.032516 0.078740 0.434383
v 3.011569 0.053190 0.434278
v 2.991311 0.028613 0.434176
v 2.972000 0.005209 0.434080
v 2.972000 -0.001791 0.434051
v 3.404000 -0.001791 0.434051
vn -0.1823 -0.7959 -0.5773
vn 0.4253 -0.5736 -0.7001
vn 0.4710 -0.5363 -0.7004
vn 0.5118 -0.4973 -0.7006
vn 0.5485 -0.4565 -0.7006
vn 0.5816 -0.4137 -0.7004
vn 0.6117 -0.3683 -0.7001
vn 0.6389 -0.3198 -0.6996
vn 0.6633 -0.2672 -0.6990
vn 0.6846 -0.2096 -0.6981
vn 0.7020 -0.1458 -0.6971
vn 0.7143 -0.0749 -0.6958
vn 0.7190 0.0019 -0.6950
vn 0.7149 0.0806 -0.6946
vn 0.7021 0.1601 -0.6938
vn 0.6796 0.2407 -0.6930
vn 0.6463 0.3213 -0.6922
vn 0.6016 0.4003 -0.6913
vn 0.5447 0.4761 -0.6904
vn 0.4756 0.5462 -0.6896
vn 0.3948 0.6080 -0.6889
vn 0.3038 0.6587 -0.6884
vn 0.2052 0.6959 -0.6882
vn 0.1027 0.7181 -0.6883
vn 0.0013 0.7247 -0.6890
vn -0.0973 0.7181 -0.6891
vn -0.1942 0.6982 -0.6891
vn -0.2874 0.6650 -0.6893
vn -0.3740 0.6200 -0.6898
vn -0.4520 0.5649 -0.6903
vn -0.5205 0.5016 -0.6909
vn -0.5793 0.4317 -0.6915
vn -0.6282 0.3559 -0.6919
vn -0.6673 0.2750 -0.6922
vn -0.6964 0.1889 -0.6923
vn -0.7149 0.0979 -0.6923
vn -0.7212 0.0040 -0.6927
vn -0.7151 -0.0890 -0.6933
vn -0.6975 -0.1798 -0.6937
vn -0.6684 -0.2675 -0.6941
vn -0.6283 -0.3507 -0.6944
vn -0.5780 -0.4282 -0.6947
vn -0.5179 -0.4989 -0.6949
vn -0.4486 -0.5619 -0.6950
vn -0.3708 -0.6159 -0.6951
vn -0.2854 -0.6599 -0.6951
vn -0.1938 -0.6924 -0.6950
vn -0.0978 -0.7123 -0.6950
vn -0.0153 -0.7142 -0.6998
vn 0.0349 -0.7087 -0.7047
vn 0.0680 -0.7060 -0.7049
vn 0.0995 -0.7021 -0.7051
vn 0.1298 -0.6970 -0.7052
vn 0.1592 -0.6908 -0.7053
vn 0.1881 -0.6835 -0.7053
vn 0.2167 -0.6751 -0.7052
vn 0.2454 -0.6653 -0.7050
vn 0.2745 -0.6541 -0.7048
vn 0.3044 -0.6411 -0.7045
vn 0.3351 -0.6260 -0.7042
vn -0.1238 -0.1421 -0.9821
vn -0.5917 0.3209 -0.7396
vn -0.4843 0.4726 -0.7363
vn -0.3674 0.5790 -0.7279
vn -0.2714 0.6395 -0.7193
vn -0.2080 0.6701 -0.7126
vn -0.1755 0.6846 -0.7075
vn -0.1687 0.6903 -0.7036
vn -0.1833 0.6898 -0.7004
vn -0.2163 0.6830 -0.6976
vn -0.2648 0.6682 -0.6952
vn -0.3259 0.6429 -0.6932
vn -0.7892 0.2126 -0.5761
vn 0.6912 0.0066 -0.7226
vn 0.6864 -0.0848 -0.7223
vn 0.6685 -0.1738 -0.7231
vn 0.6384 -0.2618 -0.7238
vn 0.5963 -0.3462 -0.7243
vn 0.5427 -0.4246 -0.7247
vn 0.4793 -0.4949 -0.7249
vn 0.4076 -0.5553 -0.7249
vn 0.3299 -0.6049 -0.7248
vn 0.2483 -0.6430 -0.7245
vn 0.1649 -0.6696 -0.7242
vn 0.0817 -0.6853 -0.7237
vn -0.0058 -0.6885 -0.7252
vn -0.1024 -0.6790 -0.7270
vn -0.2007 -0.6573 -0.7264
vn -0.2919 -0.6232 -0.7256
vn -0.3742 -0.5785 -0.7248
vn -0.4471 -0.5254 -0.7240
vn -0.5103 -0.4652 -0.7233
vn -0.5643 -0.3990 -0.7228
vn -0.6090 -0.3275 -0.7224
vn -0.6446 -0.2509 -0.7222
vn -0.6707 -0.1698 -0.7220
vn -0.6867 -0.0847 -0.7220
vn -0.6994 -0.0191 -0.7145
vn -0.7066 0.0049 -0.7076
vn -0.7061 0.0094 -0.7080
vn -0.7055 0.0169 -0.7085
vn -0.7048 0.0271 -0.7088
vn -0.7040 0.0397 -0.7091
vn -0.7028 0.0541 -0.7093
vn -0.7014 0.0697 -0.7094
vn -0.6996 0.0858 -0.7094
vn -0.6975 0.1020 -0.7093
vn -0.6952 0.1177 -0.7091
vn -0.6927 0.1326 -0.7089
vn -0.4939 0.3334 -0.8031
vn -0.3747 0.5960 -0.7102
vn -0.3454 0.6136 -0.7101
vn -0.3155 0.6296 -0.7100
vn -0.2850 0.6441 -0.7099
vn -0.2538 0.6570 -0.7099
vn -0.2219 0.6685 -0.7099
vn -0.1890 0.6785 -0.7099
vn -0.1549 0.6869 -0.7100
vn -0.1194 0.6938 -0.7102
vn -0.0820 0.6989 -0.7105
vn -0.0423 0.7021 -0.7109
vn 0.0108 0.6992 -0.7149
vn 0.0859 0.6901 -0.7185
vn 0.1704 0.6743 -0.7185
vn 0.2520 0.6482 -0.7186
vn 0.3295 0.6122 -0.7188
vn 0.4023 0.5667 -0.7191
vn 0.4696 0.5116 -0.7195
vn 0.5305 0.4472 -0.7201
vn 0.5838 0.3734 -0.7209
vn 0.6281 0.2908 -0.7218
vn 0.6617 0.2001 -0.7226
vn 0.6827 0.1032 -0.7234
vn 0.5521 0.5998 -0.5791
vn -0.5774 0.5797 -0.5750
vn -0.5774 -0.5750 -0.5797
vn 0.5774 -0.5750 -0.5797
vn 0.6437 0.4852 -0.5918
vn 0.3964 0.3260 -0.8583
vn 0.4348 0.6717 -0.5998
vn -0.4401 0.6691 -0.5989
vn -0.6919 -0.4546 -0.5609
vn 0.3432 -0.7025 -0.6235
vn 0.2505 -0.5111 -0.8222
vn -0.2312 -0.5407 -0.8088
vn -0.3041 -0.7131 -0.6317
vn 0.6956 -0.4497 -0.5603
vn 0.0315 -0.4367 -0.8990
vn -0.1740 0.0659 -0.9825
vn 0.2062 0.0944 -0.9739
vn 0.5774 0.5797 -0.5750
vn -0.4947 0.6390 -0.5890
vn -0.0941 0.2969 -0.9503
vn 0.2641 0.7264 -0.6345
vn 0.4908 -0.6365 -0.5949
vn 0.1247 -0.3185 -0.9397
vn -0.2146 -0.7274 -0.6518
vn 0.7149 0.0029 -0.6992
vn 0.7135 0.0551 -0.6985
vn 0.7079 0.1112 -0.6975
vn 0.6968 0.1721 -0.6963
vn 0.6784 0.2385 -0.6949
vn 0.6504 0.3105 -0.6932
vn 0.6097 0.3878 -0.6913
vn 0.5526 0.4686 -0.6892
vn 0.4759 0.5491 -0.6871
vn 0.3778 0.6226 -0.6852
vn 0.2607 0.6812 -0.6841
vn 0.1315 0.7176 -0.6839
vn -0.0000 0.7290 -0.6845
vn -0.1315 0.7176 -0.6839
vn -0.2607 0.6812 -0.6841
vn -0.3778 0.6226 -0.6852
vn -0.4759 0.5491 -0.6871
vn -0.5526 0.4686 -0.6892
vn -0.6097 0.3878 -0.6913
vn -0.6504 0.3105 -0.6932
vn -0.6784 0.2385 -0.6949
vn -0.6968 0.1721 -0.6963
vn -0.7079 0.1112 -0.6975
vn -0.7135 0.0551 -0.6985
vn -0.7149 0.0029 -0.6992
vn -0.7135 -0.0494 -0.6989
vn -0.7079 -0.1055 -0.6984
vn -0.6968 -0.1664 -0.6977
vn -0.6784 -0.2327 -0.6969
vn -0.6504 -0.3047 -0.6958
vn -0.6097 -0.3821 -0.6945
vn -0.5526 -0.4629 -0.6930
vn -0.4759 -0.5434 -0.6916
vn -0.3778 -0.6170 -0.6904
vn -0.2607 -0.6756 -0.6897
vn -0.1315 -0.7119 -0.6898
vn -0.0000 -0.7233 -0.6905
vn 0.1315 -0.7119 -0.6898
vn 0.2607 -0.6755 -0.6897
vn 0.3778 -0.6170 -0.6904
vn 0.4759 -0.5434 -0.6916
vn 0.5526 -0.4629 -0.6930
vn 0.6097 -0.3821 -0.6945
vn 0.6504 -0.3047 -0.6958
vn 0.6784 -0.2327 -0.6969
vn 0.6968 -0.1664 -0.6977
vn 0.7079 -0.1055 -0.6984
vn 0.7135 -0.0494 -0.6989
vn -0.7007 0.0023 -0.7134
vn -0.6987 0.0438 -0.7140
vn -0.6926 0.0919 -0.7154
vn -0.6807 0.1497 -0.7171
vn -0.6597 0.2181 -0.7192
vn -0.6254 0.2972 -0.7215
vn -0.5730 0.3843 -0.7238
vn -0.4995 0.4732 -0.7256
vn -0.4061 0.5547 -0.7262
vn -0.2997 0.6198 -0.7253
vn -0.1910 0.6638 -0.7231
vn -0.0899 0.6878 -0.7203
vn 0.0002 0.6958 -0.7183
vn 0.0916 0.6871 -0.7208
vn 0.1966 0.6611 -0.7241
vn 0.3104 0.6129 -0.7266
vn 0.4211 0.5418 -0.7274
vn 0.5158 0.4543 -0.7263
vn 0.5875 0.3616 -0.7239
vn 0.6364 0.2740 -0.7211
vn 0.6670 0.1974 -0.7185
vn 0.6850 0.1333 -0.7162
vn 0.6950 0.0809 -0.7145
vn 0.7000 0.0383 -0.7131
vn 0.7021 0.0037 -0.7121
vn 0.7007 -0.0292 -0.7128
vn 0.6966 -0.0676 -0.7143
vn 0.6884 -0.1147 -0.7162
vn 0.6737 -0.1724 -0.7186
vn 0.6485 -0.2421 -0.7217
vn 0.6077 -0.3238 -0.7252
vn 0.5452 -0.4141 -0.7289
vn 0.4577 -0.5050 -0.7318
vn 0.3480 -0.5845 -0.7330
vn 0.2267 -0.6425 -0.7320
vn 0.1079 -0.6756 -0.7293
vn 0.0004 -0.6869 -0.7267
vn -0.1041 -0.6774 -0.7282
vn -0.2146 -0.6491 -0.7298
vn -0.3257 -0.6002 -0.7305
vn -0.4283 -0.5328 -0.7298
vn -0.5146 -0.4530 -0.7280
vn -0.5811 -0.3687 -0.7255
vn -0.6286 -0.2871 -0.7228
vn -0.6604 -0.2124 -0.7203
vn -0.6804 -0.1464 -0.7181
vn -0.6922 -0.0892 -0.7162
vn -0.6983 -0.0400 -0.7147
vn 0.4693 0.6859 -0.5562
vn 0.1056 0.0814 -0.9911
vn 0.5486 -0.4458 -0.7073
vn 0.5569 -0.4365 -0.7066
vn 0.5681 -0.4233 -0.7057
vn 0.5825 -0.4052 -0.7047
vn 0.6001 -0.3809 -0.7034
vn 0.6208 -0.3490 -0.7020
vn 0.6437 -0.3084 -0.7004
vn 0.6669 -0.2583 -0.6989
vn 0.6882 -0.1992 -0.6977
vn 0.7047 -0.1333 -0.6969
vn 0.7144 -0.0647 -0.6967
vn 0.7183 0.0067 -0.6957
vn 0.7151 0.0863 -0.6936
vn 0.7003 0.1728 -0.6926
vn 0.6735 0.2607 -0.6917
vn 0.6339 0.3477 -0.6908
vn 0.5814 0.4309 -0.6901
vn 0.5166 0.5075 -0.6896
vn 0.4412 0.5746 -0.6893
vn 0.3575 0.6301 -0.6893
vn 0.2687 0.6726 -0.6895
vn 0.1777 0.7018 -0.6899
vn 0.0875 0.7181 -0.6904
vn 0.0099 0.7199 -0.6940
vn -0.0462 0.7157 -0.6969
vn -0.0928 0.7112 -0.6968
vn -0.1391 0.7035 -0.6969
vn -0.1842 0.6929 -0.6971
vn -0.2274 0.6797 -0.6974
vn -0.2680 0.6643 -0.6977
vn -0.3055 0.6474 -0.6982
vn -0.3398 0.6296 -0.6987
vn -0.3706 0.6114 -0.6992
vn -0.3982 0.5932 -0.6997
vn -0.4225 0.5755 -0.7002
vn -0.7069 0.3450 -0.6175
vn -0.2428 -0.8016 -0.5463
vn 0.6104 -0.3738 -0.6984
vn 0.6332 -0.3255 -0.7022
vn 0.6447 -0.2961 -0.7047
vn 0.6499 -0.2800 -0.7066
vn 0.6505 -0.2743 -0.7082
vn 0.6469 -0.2784 -0.7100
vn 0.6377 -0.2934 -0.7122
vn 0.6195 -0.3227 -0.7156
vn 0.5832 -0.3729 -0.7217
vn 0.5043 -0.4549 -0.7340
vn 0.3217 -0.5651 -0.7597
vn 0.0784 -0.6525 -0.7537
vn -0.0925 -0.6820 -0.7255
vn -0.1852 -0.6626 -0.7258
vn -0.2756 -0.6304 -0.7258
vn -0.3610 -0.5859 -0.7255
vn -0.4390 -0.5305 -0.7251
vn -0.5079 -0.4659 -0.7246
vn -0.5662 -0.3941 -0.7239
vn -0.6135 -0.3172 -0.7232
vn -0.6495 -0.2373 -0.7224
vn -0.6745 -0.1563 -0.7215
vn -0.6891 -0.0758 -0.7207
vn -0.6978 -0.0082 -0.7162
vn -0.7003 0.0380 -0.7129
vn -0.6967 0.0762 -0.7133
vn -0.6909 0.1168 -0.7135
vn -0.6827 0.1583 -0.7133
vn -0.6724 0.1988 -0.7130
vn -0.6609 0.2365 -0.7122
vn -0.6489 0.2700 -0.7114
vn -0.6375 0.2983 -0.7104
vn -0.6274 0.3212 -0.7093
vn -0.6193 0.3386 -0.7083
vn -0.6134 0.3511 -0.7075
vn -0.6055 0.3629 -0.7083
vn -0.5946 0.3790 -0.7091
vn -0.5843 0.3960 -0.7083
vn -0.5756 0.4096 -0.7077
vn -0.5683 0.4205 -0.7073
vn -0.5622 0.4292 -0.7069
vn -0.5571 0.4363 -0.7066
vn -0.5530 0.4420 -0.7063
vn -0.5498 0.4464 -0.7060
vn -0.5475 0.4496 -0.7058
vn -0.5460 0.4518 -0.7055
vn -0.5455 0.4528 -0.7053
vn -0.7244 0.2629 -0.6373
vn 0.5715 -0.5798 -0.5807
vn 0.4170 0.7151 -0.5610
vn 0.1027 0.0801 -0.9915
vn -0.7067 0.3453 -0.6176
vn -0.2391 -0.8029 -0.5460
vn 0.6171 -0.3649 -0.6972
vn 0.6410 -0.3111 -0.7016
vn 0.6527 -0.2790 -0.7044
vn 0.6580 -0.2612 -0.7063
vn 0.6590 -0.2543 -0.7079
vn 0.6561 -0.2570 -0.7096
vn 0.6483 -0.2704 -0.7117
vn 0.6326 -0.2978 -0.7150
vn 0.6004 -0.3463 -0.7208
vn 0.5275 -0.4289 -0.7334
vn 0.3441 -0.5482 -0.7623
vn 0.0884 -0.6466 -0.7577
vn -0.6133 0.3511 -0.7075
vn 0.6126 -0.5437 -0.5738
vn -0.1823 -0.8007 0.5707
vn 0.4253 -0.5793 0.6954
vn 0.4710 -0.5421 0.6960
vn 0.5118 -0.5030 0.6964
vn 0.5485 -0.4623 0.6968
vn 0.5816 -0.4195 0.6970
vn 0.6117 -0.3741 0.6971
vn 0.6389 -0.3256 0.6970
vn 0.6633 -0.2730 0.6968
vn 0.6846 -0.2153 0.6964
vn 0.7020 -0.1516 0.6959
vn 0.7143 -0.0806 0.6952
vn 0.7190 -0.0038 0.6950
vn 0.7149 0.0748 0.6952
vn 0.7021 0.1543 0.6951
vn 0.6796 0.2350 0.6950
vn 0.6463 0.3155 0.6948
vn 0.6016 0.3946 0.6945
vn 0.5447 0.4704 0.6943
vn 0.4756 0.5405 0.6940
vn 0.3948 0.6023 0.6939
vn 0.3038 0.6530 0.6938
vn 0.2052 0.6902 0.6939
vn 0.1027 0.7124 0.6942
vn 0.0013 0.7190 0.6950
vn -0.0973 0.7124 0.6950
vn -0.1942 0.6925 0.6948
vn -0.2874 0.6593 0.6948
vn -0.3740 0.6143 0.6949
vn -0.4520 0.5592 0.6950
vn -0.5205 0.4959 0.6950
vn -0.5793 0.4259 0.6950
vn -0.6282 0.3502 0.6948
vn -0.6673 0.2692 0.6944
vn -0.6964 0.1832 0.6938
vn -0.7149 0.0922 0.6931
vn -0.7212 -0.0017 0.6927
vn -0.7151 -0.0947 0.6926
vn -0.6975 -0.1855 0.6922
vn -0.6684 -0.2732 0.6918
vn -0.6283 -0.3564 0.6915
vn -0.5780 -0.4339 0.6912
vn -0.5179 -0.5046 0.6908
vn -0.4486 -0.5676 0.6904
vn -0.3708 -0.6217 0.6900
vn -0.2854 -0.6656 0.6896
vn -0.1938 -0.6981 0.6893
vn -0.0978 -0.7180 0.6891
vn -0.0153 -0.7199 0.6939
vn 0.0348 -0.7145 0.6988
vn 0.0680 -0.7118 0.6991
vn 0.0995 -0.7079 0.6993
vn 0.1298 -0.7028 0.6995
vn 0.1592 -0.6966 0.6996
vn 0.1881 -0.6893 0.6996
vn 0.2167 -0.6809 0.6996
vn 0.2454 -0.6711 0.6995
vn 0.2745 -0.6599 0.6994
vn 0.3044 -0.6469 0.6992
vn 0.3351 -0.6318 0.6990
vn -0.1238 -0.1502 0.9809
vn -0.5917 0.3148 0.7422
vn -0.4843 0.4665 0.7401
vn -0.3674 0.5729 0.7327
vn -0.2714 0.6335 0.7246
vn -0.2080 0.6642 0.7181
vn -0.1755 0.6787 0.7131
vn -0.1687 0.6844 0.7093
vn -0.1833 0.6840 0.7061
vn -0.2163 0.6773 0.7032
vn -0.2648 0.6625 0.7007
vn -0.3259 0.6372 0.6984
vn -0.7892 0.2078 0.5779
vn 0.6912 0.0006 0.7227
vn 0.6864 -0.0908 0.7216
vn 0.6685 -0.1797 0.7217
vn 0.6384 -0.2677 0.7216
vn 0.5963 -0.3522 0.7214
vn 0.5427 -0.4306 0.7211
vn 0.4793 -0.5008 0.7207
vn 0.4076 -0.5613 0.7203
vn 0.3299 -0.6108 0.7197
vn 0.2483 -0.6489 0.7192
vn 0.1649 -0.6756 0.7186
vn 0.0817 -0.6912 0.7180
vn -0.0058 -0.6945 0.7195
vn -0.1024 -0.6850 0.7214
vn -0.2007 -0.6633 0.7209
vn -0.2919 -0.6291 0.7204
vn -0.3742 -0.5845 0.7200
vn -0.4471 -0.5313 0.7196
vn -0.5103 -0.4712 0.7194
vn -0.5643 -0.4050 0.7195
vn -0.6090 -0.3334 0.7197
vn -0.6446 -0.2569 0.7201
vn -0.6707 -0.1757 0.7206
vn -0.6867 -0.0906 0.7212
vn -0.6994 -0.0250 0.7143
vn -0.7066 -0.0009 0.7076
vn -0.7061 0.0036 0.7081
vn -0.7055 0.0111 0.7086
vn -0.7048 0.0213 0.7090
vn -0.7040 0.0339 0.7094
vn -0.7028 0.0482 0.7097
vn -0.7014 0.0638 0.7100
vn -0.6996 0.0799 0.7101
vn -0.6975 0.0961 0.7101
vn -0.6952 0.1118 0.7101
vn -0.6927 0.1268 0.7100
vn -0.4939 0.3268 0.8058
vn -0.3747 0.5901 0.7151
vn -0.3454 0.6077 0.7151
vn -0.3155 0.6237 0.7152
vn -0.2850 0.6382 0.7152
vn -0.2538 0.6511 0.7153
vn -0.2219 0.6626 0.7154
vn -0.1890 0.6726 0.7155
vn -0.1549 0.6810 0.7157
vn -0.1194 0.6879 0.7159
vn -0.0820 0.6930 0.7162
vn -0.0423 0.6962 0.7166
vn 0.0108 0.6933 0.7206
vn 0.0859 0.6842 0.7242
vn 0.1704 0.6683 0.7241
vn 0.2520 0.6422 0.7239
vn 0.3295 0.6063 0.7238
vn 0.4023 0.5607 0.7237
vn 0.4696 0.5057 0.7237
vn 0.5305 0.4412 0.7238
vn 0.5838 0.3675 0.7240
vn 0.6281 0.2848 0.7241
vn 0.6617 0.1941 0.7242
vn 0.6827 0.0972 0.7242
vn 0.5521 0.5950 0.5841
vn -0.5774 0.5750 0.5797
vn -0.5774 -0.5797 0.5750
vn 0.5774 -0.5797 0.5750
vn 0.6437 0.4803 0.5957
vn 0.3964 0.3189 0.8609
vn 0.4348 0.6667 0.6053
vn -0.4401 0.6641 0.6044
vn -0.6919 -0.4592 0.5571
vn 0.3432 -0.7076 0.6177
vn 0.2505 -0.5179 0.8179
vn -0.2312 -0.5474 0.8043
vn -0.3041 -0.7183 0.6258
vn 0.6956 -0.4543 0.5566
vn 0.0315 -0.4441 0.8954
vn -0.1740 0.0578 0.9830
vn 0.2062 0.0863 0.9747
vn 0.5774 0.5750 0.5797
vn -0.4947 0.6342 0.5943
vn -0.0941 0.2891 0.9527
vn 0.2641 0.7212 0.6405
vn 0.4908 -0.6414 0.5897
vn 0.1247 -0.3262 0.9370
vn -0.2146 -0.7327 0.6458
vn 0.7149 -0.0029 0.6992
vn 0.7135 0.0494 0.6989
vn 0.7079 0.1055 0.6984
vn 0.6968 0.1664 0.6977
vn 0.6784 0.2327 0.6969
vn 0.6504 0.3047 0.6958
vn 0.6097 0.3821 0.6945
vn 0.5526 0.4629 0.6930
vn 0.4759 0.5434 0.6916
vn 0.3778 0.6170 0.6904
vn 0.2607 0.6755 0.6897
vn 0.1315 0.7119 0.6898
vn -0.0000 0.7233 0.6905
vn -0.1315 0.7119 0.6898
vn -0.2607 0.6756 0.6897
vn -0.3778 0.6170 0.6904
vn -0.4759 0.5434 0.6916
vn -0.5526 0.4629 0.6930
vn -0.6097 0.3821 0.6945
vn -0.6504 0.3047 0.6958
vn -0.6784 0.2327 0.6969
vn -0.6968 0.1664 0.6977
vn -0.7079 0.1055 0.6984
vn -0.7135 0.0494 0.6989
vn -0.7149 -0.0029 0.6992
vn -0.7135 -0.0551 0.6985
vn -0.7079 -0.1112 0.6975
vn -0.6968 -0.1721 0.6963
vn -0.6784 -0.2385 0.6949
vn -0.6504 -0.3105 0.6932
vn -0.6097 -0.3878 0.6913
vn -0.5526 -0.4686 0.6892
vn -0.4759 -0.5491 0.6871
vn -0.3778 -0.6226 0.6852
vn -0.2607 -0.6812 0.6841
vn -0.1315 -0.7176 0.6839
vn -0.0000 -0.7290 0.6845
vn 0.1315 -0.7176 0.6839
vn 0.2607 -0.6812 0.6841
vn 0.3778 -0.6226 0.6852
vn 0.4759 -0.5491 0.6871
vn 0.5526 -0.4686 0.6892
vn 0.6097 -0.3878 0.6913
vn 0.6504 -0.3105 0.6932
vn 0.6784 -0.2385 0.6949
vn 0.6968 -0.1721 0.6963
vn 0.7079 -0.1112 0.6975
vn 0.7135 -0.0551 0.6985
vn -0.7007 -0.0036 0.7134
vn -0.6987 0.0379 0.7144
vn -0.6926 0.0860 0.7161
vn -0.6807 0.1437 0.7183
vn -0.6597 0.2122 0.7209
vn -0.6254 0.2913 0.7239
vn -0.5730 0.3783 0.7270
vn -0.4995 0.4672 0.7295
vn -0.4061 0.5487 0.7308
vn -0.2997 0.6138 0.7304
vn -0.1910 0.6578 0.7285
vn -0.0899 0.6819 0.7259
vn 0.0002 0.6898 0.7240
vn 0.0916 0.6811 0.7264
vn 0.1966 0.6551 0.7295
vn 0.3104 0.6069 0.7316
vn 0.4211 0.5358 0.7319
vn 0.5158 0.4482 0.7301
vn 0.5875 0.3556 0.7269
vn 0.6364 0.2680 0.7233
vn 0.6670 0.1915 0.7201
vn 0.6850 0.1274 0.7173
vn 0.6950 0.0750 0.7151
vn 0.7000 0.0324 0.7134
vn 0.7021 -0.0022 0.7121
vn 0.7007 -0.0350 0.7126
vn 0.6966 -0.0735 0.7137
vn 0.6884 -0.1206 0.7153
vn 0.6737 -0.1783 0.7172
vn 0.6485 -0.2480 0.7197
vn 0.6077 -0.3297 0.7225
vn 0.5452 -0.4201 0.7254
vn 0.4577 -0.5110 0.7276
vn 0.3480 -0.5905 0.7281
vn 0.2267 -0.6486 0.7266
vn 0.1079 -0.6816 0.7237
vn 0.0004 -0.6929 0.7211
vn -0.1041 -0.6834 0.7226
vn -0.2146 -0.6551 0.7245
vn -0.3257 -0.6062 0.7255
vn -0.4283 -0.5388 0.7254
vn -0.5146 -0.4589 0.7243
vn -0.5811 -0.3747 0.7225
vn -0.6286 -0.2931 0.7204
vn -0.6604 -0.2183 0.7185
vn -0.6804 -0.1523 0.7168
vn -0.6922 -0.0951 0.7155
vn -0.6983 -0.0459 0.7143
vn 0.4693 0.6813 0.5618
vn 0.1056 0.0732 0.9917
vn 0.5486 -0.4517 0.7036
vn 0.5569 -0.4423 0.7030
vn 0.5681 -0.4291 0.7022
vn 0.5825 -0.4110 0.7013
vn 0.6001 -0.3867 0.7002
vn 0.6208 -0.3548 0.6991
vn 0.6437 -0.3142 0.6979
vn 0.6669 -0.2640 0.6968
vn 0.6882 -0.2049 0.6960
vn 0.7047 -0.1391 0.6958
vn 0.7144 -0.0705 0.6962
vn 0.7183 0.0009 0.6957
vn 0.7151 0.0806 0.6943
vn 0.7003 0.1671 0.6940
vn 0.6735 0.2550 0.6938
vn 0.6339 0.3420 0.6937
vn 0.5814 0.4252 0.6937
vn 0.5166 0.5018 0.6938
vn 0.4412 0.5689 0.6941
vn 0.3575 0.6244 0.6945
vn 0.2687 0.6669 0.6950
vn 0.1777 0.6961 0.6956
vn 0.0875 0.7124 0.6963
vn 0.0099 0.7142 0.6999
vn -0.0462 0.7099 0.7028
vn -0.0928 0.7054 0.7027
vn -0.1391 0.6978 0.7027
vn -0.1842 0.6871 0.7028
vn -0.2274 0.6739 0.7030
vn -0.2680 0.6585 0.7032
vn -0.3055 0.6417 0.7035
vn -0.3398 0.6238 0.7038
vn -0.3706 0.6056 0.7042
vn -0.3982 0.5874 0.7046
vn -0.4225 0.5697 0.7049
vn -0.7069 0.3399 0.6203
vn -0.2428 -0.8061 0.5397
vn 0.6104 -0.3795 0.6953
vn 0.6332 -0.3313 0.6995
vn 0.6447 -0.3019 0.7022
vn 0.6499 -0.2858 0.7042
vn 0.6505 -0.2801 0.7059
vn 0.6469 -0.2842 0.7076
vn 0.6377 -0.2993 0.7098
vn 0.6195 -0.3286 0.7130
vn 0.5832 -0.3789 0.7186
vn 0.5043 -0.4609 0.7302
vn 0.3217 -0.5713 0.7550
vn 0.0784 -0.6587 0.7483
vn -0.0925 -0.6879 0.7199
vn -0.1852 -0.6685 0.7203
vn -0.2756 -0.6363 0.7205
vn -0.3610 -0.5919 0.7207
vn -0.4390 -0.5365 0.7207
vn -0.5079 -0.4719 0.7207
vn -0.5662 -0.4001 0.7207
vn -0.6135 -0.3232 0.7205
vn -0.6495 -0.2433 0.7204
vn -0.6745 -0.1622 0.7202
vn -0.6891 -0.0817 0.7200
vn -0.6978 -0.0141 0.7162
vn -0.7003 0.0321 0.7132
vn -0.6967 0.0703 0.7139
vn -0.6909 0.1109 0.7144
vn -0.6827 0.1524 0.7146
vn -0.6724 0.1929 0.7146
vn -0.6609 0.2306 0.7142
vn -0.6489 0.2641 0.7136
vn -0.6375 0.2925 0.7128
vn -0.6274 0.3153 0.7120
vn -0.6193 0.3328 0.7111
vn -0.6134 0.3453 0.7103
vn -0.6055 0.3570 0.7113
vn -0.5946 0.3731 0.7122
vn -0.5843 0.3902 0.7116
vn -0.5756 0.4037 0.7111
vn -0.5683 0.4146 0.7107
vn -0.5622 0.4234 0.7104
vn -0.5571 0.4305 0.7101
vn -0.5530 0.4361 0.7099
vn -0.5498 0.4405 0.7097
vn -0.5475 0.4438 0.7095
vn -0.5460 0.4459 0.7093
vn -0.5455 0.4469 0.7090
vn -0.7244 0.2576 0.6394
vn 0.5715 -0.5846 0.5759
vn 0.4170 0.7105 0.5669
vn 0.1027 0.0720 0.9921
vn -0.7067 0.3402 0.6204
vn -0.2391 -0.8074 0.5394
vn 0.6171 -0.3706 0.6941
vn 0.6410 -0.3169 0.6991
vn 0.6527 -0.2848 0.7020
vn 0.6580 -0.2670 0.7041
vn 0.6590 -0.2601 0.7058
vn 0.6560 -0.2629 0.7075
vn 0.6483 -0.2763 0.7094
vn 0.6326 -0.3037 0.7125
vn 0.6004 -0.3522 0.7180
vn 0.5275 -0.4349 0.7298
vn 0.3441 -0.5545 0.7577
vn 0.0884 -0.6528 0.7524
vn -0.6133 0.3453 0.7103
vn 0.6126 -0.5484 0.5693
vt 0.311778 0.000000
vt 0.309469 0.000000
vt 0.307159 0.000000
vt 0.318707 0.000000
vt 0.316397 0.000000
vt 0.314088 0.000000
vt 0.325635 0.000000
vt 0.323326 0.000000
vt 0.321016 0.000000
vt 0.344111 0.000000
vt 0.339492 0.000000
vt 0.341801 0.000000
vt 0.337182 0.000000
vt 0.330254 0.000000
vt 0.332564 0.000000
vt 0.327945 0.000000
vt 0.334873 0.000000
vt 0.357968 0.000000
vt 0.355658 0.000000
vt 0.353349 0.000000
vt 0.362587 0.000000
vt 0.351039 0.000000
vt 0.348730 0.000000
vt 0.346420 0.000000
vt 0.367206 0.000000
vt 0.360277 0.000000
vt 0.364896 0.000000
vt 0.399538 0.000000
vt 0.397229 0.000000
vt 0.394919 0.000000
vt 0.392610 0.000000
vt 0.401848 0.000000
vt 0.390300 0.000000
vt 0.404157 0.000000
vt 0.387991 0.000000
vt 0.406467 0.000000
vt 0.408776 0.000000
vt 0.385681 0.000000
vt 0.411085 0.000000
vt 0.383372 0.000000
vt 0.413395 0.000000
vt 0.563510 0.000000
vt 0.381062 0.000000
vt 0.561201 0.000000
vt 0.565820 0.000000
vt 0.558891 0.000000
vt 0.568129 0.000000
vt 0.415704 0.000000
vt 0.378753 0.000000
vt 0.556582 0.000000
vt 0.570439 0.000000
vt 0.554273 0.000000
vt 0.572748 0.000000
vt 0.551963 0.000000
vt 0.575058 0.000000
vt 0.549654 0.000000
vt 0.577367 0.000000
vt 0.418014 0.000000
vt 0.376443 0.000000
vt 0.547344 0.000000
vt 0.579677 0.000000
vt 0.545035 0.000000
vt 0.581986 0.000000
vt 0.420323 0.000000
vt 0.374134 0.000000
vt 0.542725 0.000000
vt 0.584296 0.000000
vt 0.540416 0.000000
vt 0.586605 0.000000
vt 0.422633 0.000000
vt 0.371824 0.000000
vt 0.538106 0.000000
vt 0.588915 0.000000
vt 0.424942 0.000000
vt 0.369515 0.000000
vt 0.535797 0.000000
vt 0.480370 0.000000
vt 0.427252 0.000000
vt 0.533487 0.000000
vt 0.482679 0.000000
vt 0.478060 0.000000
vt 0.484988 0.000000
vt 0.531178 0.000000
vt 0.429561 0.000000
vt 0.475751 0.000000
vt 0.487298 0.000000
vt 0.528868 0.000000
vt 0.431871 0.000000
vt 0.473441 0.000000
vt 0.489607 0.000000
vt 0.526559 0.000000
vt 0.491917 0.000000
vt 0.524249 0.000000
vt 0.434180 0.000000
vt 0.471132 0.000000
vt 0.494226 0.000000
vt 0.521940 0.000000
vt 0.496536 0.000000
vt 0.519630 0.000000
vt 0.498845 0.000000
vt 0.517321 0.000000
vt 0.436490 0.000000
vt 0.468822 0.000000
vt 0.501155 0.000000
vt 0.515012 0.000000
vt 0.503464 0.000000
vt 0.512702 0.000000
vt 0.505774 0.000000
vt 0.510393 0.000000
vt 0.508083 0.000000
vt 0.438799 0.000000
vt 0.466513 0.000000
vt 0.441109 0.000000
vt 0.464203 0.000000
vt 0.443418 0.000000
vt 0.461894 0.000000
vt 0.445727 0.000000
vt 0.459584 0.000000
vt 0.448037 0.000000
vt 0.457275 0.000000
vt 0.450346 0.000000
vt 0.454965 0.000000
vt 0.452656 0.000000
vt 0.651270 0.000000
vt 0.648961 0.000000
vt 0.646651 0.000000
vt 0.653580 0.000000
vt 0.655889 0.000000
vt 0.644342 0.000000
vt 0.658199 0.000000
vt 0.642032 0.000000
vt 0.660508 0.000000
vt 0.662818 0.000000
vt 0.639723 0.000000
vt 0.665127 0.000000
vt 0.667436 0.000000
vt 0.637413 0.000000
vt 0.669746 0.000000
vt 0.672055 0.000000
vt 0.635104 0.000000
vt 0.674365 0.000000
vt 0.676674 0.000000
vt 0.632794 0.000000
vt 0.678984 0.000000
vt 0.695150 0.000000
vt 0.697460 0.000000
vt 0.699769 0.000000
vt 0.702079 0.000000
vt 0.704388 0.000000
vt 0.706697 0.000000
vt 0.630485 0.000000
vt 0.709007 0.000000
vt 0.711316 0.000000
vt 0.713626 0.000000
vt 0.628175 0.000000
vt 0.715935 0.000000
vt 0.718245 0.000000
vt 0.720554 0.000000
vt 0.625866 0.000000
vt 0.722864 0.000000
vt 0.725173 0.000000
vt 0.623557 0.000000
vt 0.727483 0.000000
vt 0.729792 0.000000
vt 0.692841 0.000000
vt 0.621247 0.000000
vt 0.732102 0.000000
vt 0.690531 0.000000
vt 0.734411 0.000000
vt 0.618938 0.000000
vt 0.736721 0.000000
vt 0.688222 0.000000
vt 0.739030 0.000000
vt 0.616628 0.000000
vt 0.741340 0.000000
vt 0.685912 0.000000
vt 0.743649 0.000000
vt 0.614319 0.000000
vt 0.745958 0.000000
vt 0.748268 0.000000
vt 0.683603 0.000000
vt 0.612009 0.000000
vt 0.750577 0.000000
vt 0.752887 0.000000
vt 0.681293 0.000000
vt 0.755196 0.000000
vt 0.609700 0.000000
vt 0.757506 0.000000
vt 0.759815 0.000000
vt 0.607390 0.000000
vt 0.762125 0.000000
vt 0.764434 0.000000
vt 0.605081 0.000000
vt 0.766744 0.000000
vt 0.602771 0.000000
vt 0.769053 0.000000
vt 0.600462 0.000000
vt 0.771363 0.000000
vt 0.773672 0.000000
vt 0.598152 0.000000
vt 0.593534 0.000000
vt 0.591224 0.000000
vt 0.794457 0.000000
vt 0.775982 0.000000
vt 0.595843 0.000000
vt 0.778291 0.000000
vt 0.780600 0.000000
vt 0.782910 0.000000
vt 0.785219 0.000000
vt 0.787529 0.000000
vt 0.789838 0.000000
vt 0.792148 0.000000
vt 0.856813 0.000000
vt 0.854503 0.000000
vt 0.852194 0.000000
vt 0.859122 0.000000
vt 0.861432 0.000000
vt 0.849885 0.000000
vt 0.863741 0.000000
vt 0.847575 0.000000
vt 0.866051 0.000000
vt 0.868360 0.000000
vt 0.845266 0.000000
vt 0.870670 0.000000
vt 0.872979 0.000000
vt 0.842956 0.000000
vt 0.875289 0.000000
vt 0.877598 0.000000
vt 0.840647 0.000000
vt 0.879908 0.000000
vt 0.882217 0.000000
vt 0.838337 0.000000
vt 0.884527 0.000000
vt 0.903002 0.000000
vt 0.905312 0.000000
vt 0.907621 0.000000
vt 0.909931 0.000000
vt 0.912240 0.000000
vt 0.836028 0.000000
vt 0.914550 0.000000
vt 0.916859 0.000000
vt 0.919169 0.000000
vt 0.833718 0.000000
vt 0.921478 0.000000
vt 0.923788 0.000000
vt 0.926097 0.000000
vt 0.831409 0.000000
vt 0.928406 0.000000
vt 0.930716 0.000000
vt 0.829099 0.000000
vt 0.900693 0.000000
vt 0.933025 0.000000
vt 0.935335 0.000000
vt 0.898383 0.000000
vt 0.826790 0.000000
vt 0.937644 0.000000
vt 0.939954 0.000000
vt 0.896074 0.000000
vt 0.824480 0.000000
vt 0.942263 0.000000
vt 0.944573 0.000000
vt 0.822171 0.000000
vt 0.893764 0.000000
vt 0.946882 0.000000
vt 0.949192 0.000000
vt 0.819861 0.000000
vt 0.951501 0.000000
vt 0.891455 0.000000
vt 0.953811 0.000000
vt 0.817552 0.000000
vt 0.956120 0.000000
vt 0.889145 0.000000
vt 0.958430 0.000000
vt 0.960739 0.000000
vt 0.815242 0.000000
vt 0.963049 0.000000
vt 0.886836 0.000000
vt 0.965358 0.000000
vt 0.812933 0.000000
vt 0.967667 0.000000
vt 0.969977 0.000000
vt 0.810624 0.000000
vt 0.972286 0.000000
vt 0.808314 0.000000
vt 0.974596 0.000000
vt 0.806005 0.000000
vt 0.976905 0.000000
vt 0.979215 0.000000
vt 0.803695 0.000000
vt 0.799076 0.000000
vt 0.796767 0.000000
vt 1.000000 0.000000
vt 0.981524 0.000000
vt 0.801386 0.000000
vt 0.983834 0.000000
vt 0.986143 0.000000
vt 0.988453 0.000000
vt 0.990762 0.000000
vt 0.993072 0.000000
vt 0.995381 0.000000
vt 0.997691 0.000000
vt 0.057737 0.000000
vt 0.055427 0.000000
vt 0.053118 0.000000
vt 0.060046 0.000000
vt 0.050808 0.000000
vt 0.062356 0.000000
vt 0.048499 0.000000
vt 0.064665 0.000000
vt 0.046189 0.000000
vt 0.066975 0.000000
vt 0.043880 0.000000
vt 0.069284 0.000000
vt 0.041570 0.000000
vt 0.071594 0.000000
vt 0.039261 0.000000
vt 0.073903 0.000000
vt 0.193995 0.000000
vt 0.196305 0.000000
vt 0.198614 0.000000
vt 0.191686 0.000000
vt 0.200924 0.000000
vt 0.036952 0.000000
vt 0.189376 0.000000
vt 0.203233 0.000000
vt 0.187067 0.000000
vt 0.205543 0.000000
vt 0.076212 0.000000
vt 0.184758 0.000000
vt 0.207852 0.000000
vt 0.182448 0.000000
vt 0.210162 0.000000
vt 0.034642 0.000000
vt 0.180139 0.000000
vt 0.078522 0.000000
vt 0.212471 0.000000
vt 0.177829 0.000000
vt 0.214781 0.000000
vt 0.175520 0.000000
vt 0.032333 0.000000
vt 0.080831 0.000000
vt 0.217090 0.000000
vt 0.173210 0.000000
vt 0.219400 0.000000
vt 0.170901 0.000000
vt 0.083141 0.000000
vt 0.030023 0.000000
vt 0.221709 0.000000
vt 0.168591 0.000000
vt 0.224018 0.000000
vt 0.304850 0.000000
vt 0.085450 0.000000
vt 0.027714 0.000000
vt 0.302540 0.000000
vt 0.226328 0.000000
vt 0.228637 0.000000
vt 0.230947 0.000000
vt 0.233256 0.000000
vt 0.087760 0.000000
vt 0.300231 0.000000
vt 0.235566 0.000000
vt 0.237875 0.000000
vt 0.240185 0.000000
vt 0.297921 0.000000
vt 0.242494 0.000000
vt 0.025404 0.000000
vt 0.244804 0.000000
vt 0.247113 0.000000
vt 0.295612 0.000000
vt 0.090069 0.000000
vt 0.249423 0.000000
vt 0.251732 0.000000
vt 0.293303 0.000000
vt 0.254042 0.000000
vt 0.290993 0.000000
vt 0.256351 0.000000
vt 0.092379 0.000000
vt 0.258660 0.000000
vt 0.288684 0.000000
vt 0.260970 0.000000
vt 0.023095 0.000000
vt 0.263279 0.000000
vt 0.286374 0.000000
vt 0.265589 0.000000
vt 0.267898 0.000000
vt 0.284065 0.000000
vt 0.270208 0.000000
vt 0.094688 0.000000
vt 0.281755 0.000000
vt 0.272517 0.000000
vt 0.274827 0.000000
vt 0.279446 0.000000
vt 0.277136 0.000000
vt 0.096998 0.000000
vt 0.020785 0.000000
vt 0.099307 0.000000
vt 0.101617 0.000000
vt 0.138568 0.000000
vt 0.136259 0.000000
vt 0.140878 0.000000
vt 0.103926 0.000000
vt 0.018476 0.000000
vt 0.133949 0.000000
vt 0.131640 0.000000
vt 0.129330 0.000000
vt 0.106236 0.000000
vt 0.127021 0.000000
vt 0.124711 0.000000
vt 0.143187 0.000000
vt 0.122402 0.000000
vt 0.108545 0.000000
vt 0.120092 0.000000
vt 0.117783 0.000000
vt 0.115473 0.000000
vt 0.110855 0.000000
vt 0.113164 0.000000
vt 0.145497 0.000000
vt 0.016166 0.000000
vt 0.147806 0.000000
vt 0.150115 0.000000
vt 0.152425 0.000000
vt 0.154734 0.000000
vt 0.157044 0.000000
vt 0.159353 0.000000
vt 0.013857 0.000000
vt 0.161663 0.000000
vt 0.163972 0.000000
vt 0.166282 0.000000
vt 0.011547 0.000000
vt 0.000000 0.000000
vt 0.009238 0.000000
vt 0.006928 0.000000
vt 0.004619 0.000000
vt 0.002309 0.000000
s 1
f 136/1/136 135/2/135 134/3/134
f 136/1/136 134/3/134 139/4/139
f 136/1/136 139/4/139 138/5/138
f 136/1/136 138/5/138 137/6/137
f 142/7/142 141/8/141 140/9/140
f 142/7/142 140/9/140 150/10/150
f 150/10/150 140/9/140 148/11/148
f 148/11/148 140/9/140 149/12/149
f 149/12/149 140/9/140 147/13/147
f 142/7/142 150/10/150 144/14/144
f 144/14/144 150/10/150 149/12/149
f 144/14/144 149/12/149 145/15/145
f 145/15/145 149/12/149 147/13/147
f 142/7/142 144/14/144 143/16/143
f 146/17/146 145/15/145 147/13/147
f 156/18/136 155/19/135 154/20/154
f 156/18/136 154/20/154 158/21/156
f 158/21/156 154/20/154 153/22/153
f 153/22/153 152/23/152 151/24/151
f 153/22/153 151/24/151 160/25/137
f 158/21/156 153/22/153 160/25/137
f 156/18/136 158/21/156 157/26/155
f 159/27/157 158/21/156 160/25/137
f 174/28/171 173/29/170 172/30/169
f 174/28/171 172/30/169 171/31/168
f 175/32/172 174/28/171 171/31/168
f 175/32/172 171/31/168 170/33/167
f 176/34/173 175/32/172 170/33/167
f 176/34/173 170/33/167 169/35/166
f 177/36/174 176/34/173 169/35/166
f 178/37/175 177/36/174 169/35/166
f 178/37/175 169/35/166 168/38/165
f 179/39/176 178/37/175 168/38/165
f 179/39/176 168/38/165 167/40/164
f 180/41/177 179/39/176 167/40/164
f 180/41/177 167/40/164 245/42/242
f 245/42/242 167/40/164 166/43/163
f 180/41/177 245/42/242 244/44/241
f 246/45/243 245/42/242 166/43/163
f 180/41/177 244/44/241 243/46/240
f 247/47/244 246/45/243 166/43/163
f 181/48/178 180/41/177 243/46/240
f 247/47/244 166/43/163 165/49/162
f 181/48/178 243/46/240 242/50/239
f 248/51/245 247/47/244 165/49/162
f 181/48/178 242/50/239 241/52/238
f 249/53/246 248/51/245 165/49/162
f 181/48/178 241/52/238 240/54/237
f 250/55/247 249/53/246 165/49/162
f 181/48/178 240/54/237 239/56/236
f 251/57/248 250/55/247 165/49/162
f 182/58/179 181/48/178 239/56/236
f 251/57/248 165/49/162 164/59/161
f 182/58/179 239/56/236 238/60/235
f 252/61/249 251/57/248 164/59/161
f 182/58/179 238/60/235 237/62/234
f 253/63/250 252/61/249 164/59/161
f 183/64/180 182/58/179 237/62/234
f 253/63/250 164/59/161 163/65/160
f 183/64/180 237/62/234 236/66/233
f 254/67/251 253/63/250 163/65/160
f 183/64/180 236/66/233 235/68/232
f 255/69/252 254/67/251 163/65/160
f 184/70/181 183/64/180 235/68/232
f 255/69/252 163/65/160 162/71/159
f 184/70/181 235/68/232 234/72/231
f 256/73/253 255/69/252 162/71/159
f 185/74/182 184/70/181 234/72/231
f 256/73/253 162/71/159 161/75/158
f 185/74/182 234/72/231 233/76/230
f 209/77/206 256/73/253 161/75/158
f 186/78/183 185/74/182 233/76/230
f 186/78/183 233/76/230 232/79/229
f 210/80/207 209/77/206 161/75/158
f 210/80/207 161/75/158 208/81/205
f 211/82/208 210/80/207 208/81/205
f 186/78/183 232/79/229 231/83/228
f 187/84/184 186/78/183 231/83/228
f 211/82/208 208/81/205 207/85/204
f 212/86/209 211/82/208 207/85/204
f 187/84/184 231/83/228 230/87/227
f 188/88/185 187/84/184 230/87/227
f 212/86/209 207/85/204 206/89/203
f 213/90/210 212/86/209 206/89/203
f 188/88/185 230/87/227 229/91/226
f 214/92/211 213/90/210 206/89/203
f 188/88/185 229/91/226 228/93/225
f 189/94/186 188/88/185 228/93/225
f 214/92/211 206/89/203 205/95/202
f 215/96/212 214/92/211 205/95/202
f 189/94/186 228/93/225 227/97/224
f 216/98/213 215/96/212 205/95/202
f 189/94/186 227/97/224 226/99/223
f 217/100/214 216/98/213 205/95/202
f 189/94/186 226/99/223 225/101/222
f 190/102/187 189/94/186 225/101/222
f 217/100/214 205/95/202 204/103/201
f 218/104/215 217/100/214 204/103/201
f 190/102/187 225/101/222 224/105/221
f 219/106/216 218/104/215 204/103/201
f 190/102/187 224/105/221 223/107/220
f 220/108/217 219/106/216 204/103/201
f 190/102/187 223/107/220 222/109/219
f 221/110/218 220/108/217 204/103/201
f 190/102/187 222/109/219 221/110/218
f 190/102/187 221/110/218 204/103/201
f 191/111/188 190/102/187 204/103/201
f 191/111/188 204/103/201 203/112/200
f 192/113/189 191/111/188 203/112/200
f 192/113/189 203/112/200 202/114/199
f 193/115/190 192/113/189 202/114/199
f 193/115/190 202/114/199 201/116/198
f 194/117/191 193/115/190 201/116/198
f 194/117/191 201/116/198 200/118/197
f 195/119/192 194/117/191 200/118/197
f 195/119/192 200/118/197 199/120/196
f 196/121/193 195/119/192 199/120/196
f 196/121/193 199/120/196 198/122/195
f 197/123/194 196/121/193 198/122/195
f 283/124/280 282/125/279 281/126/278
f 284/127/281 283/124/280 281/126/278
f 285/128/282 284/127/281 281/126/278
f 285/128/282 281/126/278 280/129/277
f 286/130/283 285/128/282 280/129/277
f 286/130/283 280/129/277 279/131/276
f 287/132/284 286/130/283 279/131/276
f 288/133/285 287/132/284 279/131/276
f 288/133/285 279/131/276 278/134/275
f 289/135/286 288/133/285 278/134/275
f 290/136/287 289/135/286 278/134/275
f 290/136/287 278/134/275 277/137/274
f 291/138/288 290/136/287 277/137/274
f 292/139/289 291/138/288 277/137/274
f 292/139/289 277/137/274 276/140/273
f 293/141/290 292/139/289 276/140/273
f 294/142/291 293/141/290 276/140/273
f 294/142/291 276/140/273 275/143/272
f 295/144/292 294/142/291 302/145/299
f 302/145/299 294/142/291 303/146/300
f 303/146/300 294/142/291 304/147/301
f 304/147/301 294/142/291 305/148/302
f 305/148/302 294/142/291 306/149/303
f 306/149/303 294/142/291 307/150/304
f 307/150/304 294/142/291 275/143/272
f 307/150/304 275/143/272 274/151/271
f 308/152/305 307/150/304 274/151/271
f 309/153/306 308/152/305 274/151/271
f 310/154/307 309/153/306 274/151/271
f 310/154/307 274/151/271 273/155/270
f 311/156/308 310/154/307 273/155/270
f 312/157/309 311/156/308 273/155/270
f 313/158/310 312/157/309 273/155/270
f 313/158/310 273/155/270 272/159/269
f 314/160/311 313/158/310 272/159/269
f 315/161/312 314/160/311 272/159/269
f 315/161/312 272/159/269 271/162/268
f 316/163/313 315/161/312 271/162/268
f 317/164/314 316/163/313 271/162/268
f 295/144/292 302/145/299 301/165/298
f 317/164/314 271/162/268 270/166/267
f 318/167/315 317/164/314 270/166/267
f 295/144/292 301/165/298 300/168/297
f 319/169/316 318/167/315 270/166/267
f 319/169/316 270/166/267 269/170/266
f 320/171/317 319/169/316 269/170/266
f 295/144/292 300/168/297 299/172/296
f 321/173/318 320/171/317 269/170/266
f 321/173/318 269/170/266 268/174/265
f 322/175/319 321/173/318 268/174/265
f 295/144/292 299/172/296 298/176/295
f 323/177/320 322/175/319 268/174/265
f 323/177/320 268/174/265 267/178/264
f 324/179/321 323/177/320 267/178/264
f 325/180/322 324/179/321 267/178/264
f 295/144/292 298/176/295 297/181/294
f 325/180/322 267/178/264 266/182/263
f 326/183/323 325/180/322 266/182/263
f 327/184/324 326/183/323 266/182/263
f 295/144/292 297/181/294 296/185/293
f 328/186/325 327/184/324 266/182/263
f 328/186/325 266/182/263 265/187/262
f 329/188/326 328/186/325 265/187/262
f 330/189/327 329/188/326 265/187/262
f 330/189/327 265/187/262 264/190/261
f 331/191/328 330/189/327 264/190/261
f 332/192/329 331/191/328 264/190/261
f 332/192/329 264/190/261 263/193/260
f 333/194/330 332/192/329 263/193/260
f 333/194/330 263/193/260 262/195/259
f 334/196/331 333/194/330 262/195/259
f 334/196/331 262/195/259 261/197/258
f 335/198/332 334/196/331 261/197/258
f 336/199/333 335/198/332 261/197/258
f 336/199/333 261/197/258 260/200/257
f 258/201/255 257/202/254 345/203/341
f 337/204/334 336/199/333 260/200/257
f 337/204/334 260/200/257 259/205/256
f 338/206/335 337/204/334 259/205/256
f 338/206/335 259/205/256 258/201/255
f 339/207/336 338/206/335 258/201/255
f 340/208/337 339/207/336 258/201/255
f 340/208/337 258/201/255 345/203/341
f 341/209/338 340/208/337 345/203/341
f 342/210/339 341/209/338 345/203/341
f 343/211/340 342/210/339 345/203/341
f 344/212/136 343/211/340 345/203/341
f 372/213/280 371/214/279 370/215/278
f 373/216/281 372/213/280 370/215/278
f 374/217/282 373/216/281 370/215/278
f 374/217/282 370/215/278 369/218/277
f 375/219/283 374/217/282 369/218/277
f 375/219/283 369/218/277 368/220/276
f 376/221/284 375/219/283 368/220/276
f 377/222/285 376/221/284 368/220/276
f 377/222/285 368/220/276 367/223/275
f 378/224/286 377/222/285 367/223/275
f 379/225/287 378/224/286 367/223/275
f 379/225/287 367/223/275 366/226/274
f 380/227/288 379/225/287 366/226/274
f 381/228/289 380/227/288 366/226/274
f 381/228/289 366/226/274 365/229/273
f 382/230/290 381/228/289 365/229/273
f 383/231/344 382/230/290 365/229/273
f 383/231/344 365/229/273 364/232/272
f 384/233/345 383/231/344 392/234/353
f 392/234/353 383/231/344 393/235/354
f 393/235/354 383/231/344 394/236/355
f 394/236/355 383/231/344 395/237/356
f 395/237/356 383/231/344 396/238/357
f 396/238/357 383/231/344 364/232/272
f 396/238/357 364/232/272 363/239/271
f 397/240/305 396/238/357 363/239/271
f 398/241/306 397/240/305 363/239/271
f 399/242/307 398/241/306 363/239/271
f 399/242/307 363/239/271 362/243/270
f 400/244/308 399/242/307 362/243/270
f 401/245/309 400/244/308 362/243/270
f 402/246/310 401/245/309 362/243/270
f 402/246/310 362/243/270 361/247/269
f 403/248/311 402/246/310 361/247/269
f 404/249/312 403/248/311 361/247/269
f 404/249/312 361/247/269 360/250/268
f 384/233/345 392/234/353 391/251/352
f 405/252/313 404/249/312 360/250/268
f 406/253/314 405/252/313 360/250/268
f 384/233/345 391/251/352 390/254/351
f 406/253/314 360/250/268 359/255/267
f 407/256/315 406/253/314 359/255/267
f 408/257/316 407/256/315 359/255/267
f 384/233/345 390/254/351 389/258/350
f 408/257/316 359/255/267 358/259/266
f 409/260/317 408/257/316 358/259/266
f 410/261/318 409/260/317 358/259/266
f 410/261/318 358/259/266 357/262/265
f 384/233/345 389/258/350 388/263/349
f 411/264/319 410/261/318 357/262/265
f 412/265/320 411/264/319 357/262/265
f 412/265/320 357/262/265 356/266/264
f 413/267/321 412/265/320 356/266/264
f 384/233/345 388/263/349 387/268/348
f 414/269/322 413/267/321 356/266/264
f 414/269/322 356/266/264 355/270/263
f 415/271/323 414/269/322 355/270/263
f 384/233/345 387/268/348 386/272/347
f 416/273/324 415/271/323 355/270/263
f 417/274/325 416/273/324 355/270/263
f 417/274/325 355/270/263 354/275/262
f 418/276/326 417/274/325 354/275/262
f 384/233/345 386/272/347 385/277/346
f 419/278/358 418/276/326 354/275/262
f 419/278/358 354/275/262 353/279/261
f 420/280/328 419/278/358 353/279/261
f 421/281/329 420/280/328 353/279/261
f 421/281/329 353/279/261 352/282/260
f 422/283/330 421/281/329 352/282/260
f 422/283/330 352/282/260 351/284/259
f 423/285/331 422/283/330 351/284/259
f 423/285/331 351/284/259 350/286/258
f 424/287/332 423/285/331 350/286/258
f 425/288/333 424/287/332 350/286/258
f 425/288/333 350/286/258 349/289/257
f 347/290/343 346/291/342 434/292/359
f 426/293/334 425/288/333 349/289/257
f 426/293/334 349/289/257 348/294/256
f 427/295/335 426/293/334 348/294/256
f 427/295/335 348/294/256 347/290/343
f 428/296/336 427/295/335 347/290/343
f 429/297/337 428/296/336 347/290/343
f 429/297/337 347/290/343 434/292/359
f 430/298/338 429/297/337 434/292/359
f 431/299/339 430/298/338 434/292/359
f 432/300/340 431/299/339 434/292/359
f 433/301/136 432/300/340 434/292/359
f 26/302/26 25/303/25 24/304/24
f 27/305/27 26/302/26 24/304/24
f 27/305/27 24/304/24 23/306/23
f 28/307/28 27/305/27 23/306/23
f 28/307/28 23/306/23 22/308/22
f 29/309/29 28/307/28 22/308/22
f 29/309/29 22/308/22 21/310/21
f 30/311/30 29/309/29 21/310/21
f 30/311/30 21/310/21 20/312/20
f 31/313/31 30/311/30 20/312/20
f 31/313/31 20/312/20 19/314/19
f 32/315/32 31/313/31 19/314/19
f 32/315/32 19/314/19 18/316/18
f 33/317/33 32/315/32 85/318/85
f 85/318/85 32/315/32 86/319/86
f 86/319/86 32/315/32 18/316/18
f 87/320/87 86/319/86 18/316/18
f 33/317/33 85/318/85 84/321/84
f 88/322/88 87/320/87 18/316/18
f 88/322/88 18/316/18 17/323/17
f 33/317/33 84/321/84 83/324/83
f 89/325/89 88/322/88 17/323/17
f 33/317/33 83/324/83 82/326/82
f 90/327/90 89/325/89 17/323/17
f 34/328/34 33/317/33 82/326/82
f 34/328/34 82/326/82 81/329/81
f 91/330/91 90/327/90 17/323/17
f 34/328/34 81/329/81 80/331/80
f 92/332/92 91/330/91 17/323/17
f 92/332/92 17/323/17 16/333/16
f 34/328/34 80/331/80 79/334/79
f 35/335/35 34/328/34 79/334/79
f 93/336/93 92/332/92 16/333/16
f 35/335/35 79/334/79 78/337/78
f 94/338/94 93/336/93 16/333/16
f 35/335/35 78/337/78 77/339/77
f 94/338/94 16/333/16 15/340/15
f 36/341/36 35/335/35 77/339/77
f 95/342/95 94/338/94 15/340/15
f 36/341/36 77/339/77 76/343/76
f 96/344/96 95/342/95 15/340/15
f 36/341/36 76/343/76 75/345/75
f 37/346/37 36/341/36 75/345/75
f 96/344/96 15/340/15 14/347/14
f 97/348/97 96/344/96 14/347/14
f 37/346/37 75/345/75 74/349/74
f 98/350/98 97/348/97 14/347/14
f 37/346/37 74/349/74 133/351/133
f 38/352/38 37/346/37 133/351/133
f 98/350/98 14/347/14 13/353/13
f 38/352/38 133/351/133 132/354/132
f 99/355/99 98/350/98 13/353/13
f 100/356/100 99/355/99 13/353/13
f 101/357/101 100/356/100 13/353/13
f 102/358/102 101/357/101 13/353/13
f 39/359/39 38/352/38 132/354/132
f 39/359/39 132/354/132 131/360/131
f 103/361/103 102/358/102 13/353/13
f 104/362/104 103/361/103 13/353/13
f 105/363/105 104/362/104 13/353/13
f 39/359/39 131/360/131 130/364/130
f 106/365/106 105/363/105 13/353/13
f 106/365/106 13/353/13 12/366/12
f 107/367/107 106/365/106 12/366/12
f 108/368/108 107/367/107 12/366/12
f 39/359/39 130/364/130 129/369/129
f 40/370/40 39/359/39 129/369/129
f 109/371/109 108/368/108 12/366/12
f 110/372/110 109/371/109 12/366/12
f 40/370/40 129/369/129 128/373/128
f 111/374/111 110/372/110 12/366/12
f 40/370/40 128/373/128 127/375/127
f 112/376/112 111/374/111 12/366/12
f 41/377/41 40/370/40 127/375/127
f 113/378/113 112/376/112 12/366/12
f 41/377/41 127/375/127 126/379/126
f 114/380/114 113/378/113 12/366/12
f 114/380/114 12/366/12 11/381/11
f 115/382/115 114/380/114 11/381/11
f 41/377/41 126/379/126 125/383/125
f 116/384/116 115/382/115 11/381/11
f 117/385/117 116/384/116 11/381/11
f 41/377/41 125/383/125 124/386/124
f 118/387/118 117/385/117 11/381/11
f 42/388/42 41/377/41 124/386/124
f 42/388/42 124/386/124 123/389/123
f 119/390/119 118/387/118 11/381/11
f 120/391/120 119/390/119 11/381/11
f 42/388/42 123/389/123 122/392/122
f 121/393/121 120/391/120 11/381/11
f 122/392/122 121/393/121 11/381/11
f 42/388/42 122/392/122 11/381/11
f 43/394/43 42/388/42 11/381/11
f 43/394/43 11/381/11 10/395/10
f 44/396/44 43/394/43 10/395/10
f 45/397/45 44/396/44 61/398/61
f 61/398/61 44/396/44 10/395/10
f 45/397/45 61/398/61 60/399/60
f 62/400/62 61/398/61 10/395/10
f 46/401/46 45/397/45 60/399/60
f 62/400/62 10/395/10 9/402/9
f 46/401/46 60/399/60 59/403/59
f 46/401/46 59/403/59 58/404/58
f 46/401/46 58/404/58 57/405/57
f 47/406/47 46/401/46 57/405/57
f 47/406/47 57/405/57 56/407/56
f 47/406/47 56/407/56 55/408/55
f 63/409/63 62/400/62 9/402/9
f 47/406/47 55/408/55 54/410/54
f 48/411/48 47/406/47 54/410/54
f 48/411/48 54/410/54 53/412/53
f 48/411/48 53/412/53 52/413/52
f 48/411/48 52/413/52 51/414/51
f 49/415/49 48/411/48 51/414/51
f 49/415/49 51/414/51 50/416/50
f 64/417/64 63/409/63 9/402/9
f 64/417/64 9/402/9 8/418/8
f 65/419/65 64/417/64 8/418/8
f 66/420/66 65/419/65 8/418/8
f 67/421/67 66/420/66 8/418/8
f 68/422/68 67/421/67 8/418/8
f 69/423/69 68/422/68 8/418/8
f 70/424/70 69/423/69 8/418/8
f 70/424/70 8/418/8 7/425/7
f 71/426/71 70/424/70 7/425/7
f 72/427/72 71/426/71 7/425/7
f 73/428/73 72/427/72 7/425/7
f 73/428/73 7/425/7 6/429/6
f 1/430/1 73/428/73 6/429/6
f 1/430/1 6/429/6 5/431/5
f 1/430/1 5/431/5 4/432/4
f 1/430/1 4/432/4 3/433/3
f 1/430/1 3/433/3 2/434/2
f 570/1/495 568/3/493 569/2/494
f 570/1/495 573/4/498 568/3/493
f 570/1/495 572/5/497 573/4/498
f 570/1/495 571/6/496 572/5/497
f 576/7/501 574/9/499 575/8/500
f 576/7/501 584/10/509 574/9/499
f 584/10/509 582/11/507 574/9/499
f 582/11/507 583/12/508 574/9/499
f 583/12/508 581/13/506 574/9/499
f 576/7/501 578/14/503 584/10/509
f 578/14/503 583/12/508 584/10/509
f 578/14/503 579/15/504 583/12/508
f 579/15/504 581/13/506 583/12/508
f 576/7/501 577/16/502 578/14/503
f 580/17/505 581/13/506 579/15/504
f 590/18/495 588/20/513 589/19/494
f 590/18/495 592/21/515 588/20/513
f 592/21/515 587/22/512 588/20/513
f 587/22/512 585/24/510 586/23/511
f 587/22/512 594/25/496 585/24/510
f 592/21/515 594/25/496 587/22/512
f 590/18/495 591/26/514 592/21/515
f 593/27/516 594/25/496 592/21/515
f 608/28/530 606/30/528 607/29/529
f 608/28/530 605/31/527 606/30/528
f 609/32/531 605/31/527 608/28/530
f 609/32/531 604/33/526 605/31/527
f 610/34/532 604/33/526 609/32/531
f 610/34/532 603/35/525 604/33/526
f 611/36/533 603/35/525 610/34/532
f 612/37/534 603/35/525 611/36/533
f 612/37/534 602/38/524 603/35/525
f 613/39/535 602/38/524 612/37/534
f 613/39/535 601/40/523 602/38/524
f 614/41/536 601/40/523 613/39/535
f 614/41/536 679/42/601 601/40/523
f 679/42/601 600/43/522 601/40/523
f 614/41/536 678/44/600 679/42/601
f 680/45/602 600/43/522 679/42/601
f 614/41/536 677/46/599 678/44/600
f 681/47/603 600/43/522 680/45/602
f 615/48/537 677/46/599 614/41/536
f 681/47/603 599/49/521 600/43/522
f 615/48/537 676/50/598 677/46/599
f 682/51/604 599/49/521 681/47/603
f 615/48/537 675/52/597 676/50/598
f 683/53/605 599/49/521 682/51/604
f 615/48/537 674/54/596 675/52/597
f 684/55/606 599/49/521 683/53/605
f 615/48/537 673/56/595 674/54/596
f 685/57/607 599/49/521 684/55/606
f 616/58/538 673/56/595 615/48/537
f 685/57/607 598/59/520 599/49/521
f 616/58/538 672/60/594 673/56/595
f 686/61/608 598/59/520 685/57/607
f 616/58/538 671/62/593 672/60/594
f 687/63/609 598/59/520 686/61/608
f 617/64/539 671/62/593 616/58/538
f 687/63/609 597/65/519 598/59/520
f 617/64/539 670/66/592 671/62/593
f 688/67/610 597/65/519 687/63/609
f 617/64/539 669/68/591 670/66/592
f 689/69/611 597/65/519 688/67/610
f 618/70/540 669/68/591 617/64/539
f 689/69/611 596/71/518 597/65/519
f 618/70/540 668/72/590 669/68/591
f 690/73/612 596/71/518 689/69/611
f 619/74/541 668/72/590 618/70/540
f 690/73/612 595/75/517 596/71/518
f 619/74/541 667/76/589 668/72/590
f 643/77/565 595/75/517 690/73/612
f 620/78/542 667/76/589 619/74/541
f 620/78/542 666/79/588 667/76/589
f 644/80/566 595/75/517 643/77/565
f 644/80/566 642/81/564 595/75/517
f 645/82/567 642/81/564 644/80/566
f 620/78/542 665/83/587 666/79/588
f 621/84/543 665/83/587 620/78/542
f 645/82/567 641/85/563 642/81/564
f 646/86/568 641/85/563 645/82/567
f 621/84/543 664/87/586 665/83/587
f 622/88/544 664/87/586 621/84/543
f 646/86/568 640/89/562 641/85/563
f 647/90/569 640/89/562 646/86/568
f 622/88/544 663/91/585 664/87/586
f 648/92/570 640/89/562 647/90/569
f 622/88/544 662/93/584 663/91/585
f 623/94/545 662/93/584 622/88/544
f 648/92/570 639/95/561 640/89/562
f 649/96/571 639/95/561 648/92/570
f 623/94/545 661/97/583 662/93/584
f 650/98/572 639/95/561 649/96/571
f 623/94/545 660/99/582 661/97/583
f 651/100/573 639/95/561 650/98/572
f 623/94/545 659/101/581 660/99/582
f 624/102/546 659/101/581 623/94/545
f 651/100/573 638/103/560 639/95/561
f 652/104/574 638/103/560 651/100/573
f 624/102/546 658/105/580 659/101/581
f 653/106/575 638/103/560 652/104/574
f 624/102/546 657/107/579 658/105/580
f 654/108/576 638/103/560 653/106/575
f 624/102/546 656/109/578 657/107/579
f 655/110/577 638/103/560 654/108/576
f 624/102/546 655/110/577 656/109/578
f 624/102/546 638/103/560 655/110/577
f 625/111/547 638/103/560 624/102/546
f 625/111/547 637/112/559 638/103/560
f 626/113/548 637/112/559 625/111/547
f 626/113/548 636/114/558 637/112/559
f 627/115/549 636/114/558 626/113/548
f 627/115/549 635/116/557 636/114/558
f 628/117/550 635/116/557 627/115/549
f 628/117/550 634/118/556 635/116/557
f 629/119/551 634/118/556 628/117/550
f 629/119/551 633/120/555 634/118/556
f 630/121/552 633/120/555 629/119/551
f 630/121/552 632/122/554 633/120/555
f 631/123/553 632/122/554 630/121/552
f 717/124/639 715/126/637 716/125/638
f 718/127/640 715/126/637 717/124/639
f 719/128/641 715/126/637 718/127/640
f 719/128/641 714/129/636 715/126/637
f 720/130/642 714/129/636 719/128/641
f 720/130/642 713/131/635 714/129/636
f 721/132/643 713/131/635 720/130/642
f 722/133/644 713/131/635 721/132/643
f 722/133/644 712/134/634 713/131/635
f 723/135/645 712/134/634 722/133/644
f 724/136/646 712/134/634 723/135/645
f 724/136/646 711/137/633 712/134/634
f 725/138/647 711/137/633 724/136/646
f 726/139/648 711/137/633 725/138/647
f 726/139/648 710/140/632 711/137/633
f 727/141/649 710/140/632 726/139/648
f 728/142/650 710/140/632 727/141/649
f 728/142/650 709/143/631 710/140/632
f 729/144/651 736/145/658 728/142/650
f 736/145/658 737/146/659 728/142/650
f 737/146/659 738/147/660 728/142/650
f 738/147/660 739/148/661 728/142/650
f 739/148/661 740/149/662 728/142/650
f 740/149/662 741/150/663 728/142/650
f 741/150/663 709/143/631 728/142/650
f 741/150/663 708/151/630 709/143/631
f 742/152/664 708/151/630 741/150/663
f 743/153/665 708/151/630 742/152/664
f 744/154/666 708/151/630 743/153/665
f 744/154/666 707/155/629 708/151/630
f 745/156/667 707/155/629 744/154/666
f 746/157/668 707/155/629 745/156/667
f 747/158/669 707/155/629 746/157/668
f 747/158/669 706/159/628 707/155/629
f 748/160/670 706/159/628 747/158/669
f 749/161/671 706/159/628 748/160/670
f 749/161/671 705/162/627 706/159/628
f 750/163/672 705/162/627 749/161/671
f 751/164/673 705/162/627 750/163/672
f 729/144/651 735/165/657 736/145/658
f 751/164/673 704/166/626 705/162/627
f 752/167/674 704/166/626 751/164/673
f 729/144/651 734/168/656 735/165/657
f 753/169/675 704/166/626 752/167/674
f 753/169/675 703/170/625 704/166/626
f 754/171/676 703/170/625 753/169/675
f 729/144/651 733/172/655 734/168/656
f 755/173/677 703/170/625 754/171/676
f 755/173/677 702/174/624 703/170/625
f 756/175/678 702/174/624 755/173/677
f 729/144/651 732/176/654 733/172/655
f 757/177/679 702/174/624 756/175/678
f 757/177/679 701/178/623 702/174/624
f 758/179/680 701/178/623 757/177/679
f 759/180/681 701/178/623 758/179/680
f 729/144/651 731/181/653 732/176/654
f 759/180/681 700/182/622 701/178/623
f 760/183/682 700/182/622 759/180/681
f 761/184/683 700/182/622 760/183/682
f 729/144/651 730/185/652 731/181/653
f 762/186/684 700/182/622 761/184/683
f 762/186/684 699/187/621 700/182/622
f 763/188/685 699/187/621 762/186/684
f 764/189/686 699/187/621 763/188/685
f 764/189/686 698/190/620 699/187/621
f 765/191/687 698/190/620 764/189/686
f 766/192/688 698/190/620 765/191/687
f 766/192/688 697/193/619 698/190/620
f 767/194/689 697/193/619 766/192/688
f 767/194/689 696/195/618 697/193/619
f 768/196/690 696/195/618 767/194/689
f 768/196/690 695/197/617 696/195/618
f 769/198/691 695/197/617 768/196/690
f 770/199/692 695/197/617 769/198/691
f 770/199/692 694/200/616 695/197/617
f 692/201/614 779/203/700 691/202/613
f 771/204/693 694/200/616 770/199/692
f 771/204/693 693/205/615 694/200/616
f 772/206/694 693/205/615 771/204/693
f 772/206/694 692/201/614 693/205/615
f 773/207/695 692/201/614 772/206/694
f 774/208/696 692/201/614 773/207/695
f 774/208/696 779/203/700 692/201/614
f 775/209/697 779/203/700 774/208/696
f 776/210/698 779/203/700 775/209/697
f 777/211/699 779/203/700 776/210/698
f 778/212/495 779/203/700 777/211/699
f 806/213/639 804/215/637 805/214/638
f 807/216/640 804/215/637 806/213/639
f 808/217/641 804/215/637 807/216/640
f 808/217/641 803/218/636 804/215/637
f 809/219/642 803/218/636 808/217/641
f 809/219/642 802/220/635 803/218/636
f 810/221/643 802/220/635 809/219/642
f 811/222/644 802/220/635 810/221/643
f 811/222/644 801/223/634 802/220/635
f 812/224/645 801/223/634 811/222/644
f 813/225/646 801/223/634 812/224/645
f 813/225/646 800/226/633 801/223/634
f 814/227/647 800/226/633 813/225/646
f 815/228/648 800/226/633 814/227/647
f 815/228/648 799/229/632 800/226/633
f 816/230/649 799/229/632 815/228/648
f 817/231/703 799/229/632 816/230/649
f 817/231/703 798/232/631 799/229/632
f 818/233/704 826/234/712 817/231/703
f 826/234/712 827/235/713 817/231/703
f 827/235/713 828/236/714 817/231/703
f 828/236/714 829/237/715 817/231/703
f 829/237/715 830/238/716 817/231/703
f 830/238/716 798/232/631 817/231/703
f 830/238/716 797/239/630 798/232/631
f 831/240/664 797/239/630 830/238/716
f 832/241/665 797/239/630 831/240/664
f 833/242/666 797/239/630 832/241/665
f 833/242/666 796/243/629 797/239/630
f 834/244/667 796/243/629 833/242/666
f 835/245/668 796/243/629 834/244/667
f 836/246/669 796/243/629 835/245/668
f 836/246/669 795/247/628 796/243/629
f 837/248/670 795/247/628 836/246/669
f 838/249/671 795/247/628 837/248/670
f 838/249/671 794/250/627 795/247/628
f 818/233/704 825/251/711 826/234/712
f 839/252/672 794/250/627 838/249/671
f 840/253/673 794/250/627 839/252/672
f 818/233/704 824/254/710 825/251/711
f 840/253/673 793/255/626 794/250/627
f 841/256/674 793/255/626 840/253/673
f 842/257/675 793/255/626 841/256/674
f 818/233/704 823/258/709 824/254/710
f 842/257/675 792/259/625 793/255/626
f 843/260/676 792/259/625 842/257/675
f 844/261/677 792/259/625 843/260/676
f 844/261/677 791/262/624 792/259/625
f 818/233/704 822/263/708 823/258/709
f 845/264/678 791/262/624 844/261/677
f 846/265/679 791/262/624 845/264/678
f 846/265/679 790/266/623 791/262/624
f 847/267/680 790/266/623 846/265/679
f 818/233/704 821/268/707 822/263/708
f 848/269/681 790/266/623 847/267/680
f 848/269/681 789/270/622 790/266/623
f 849/271/682 789/270/622 848/269/681
f 818/233/704 820/272/706 821/268/707
f 850/273/683 789/270/622 849/271/682
f 851/274/684 789/270/622 850/273/683
f 851/274/684 788/275/621 789/270/622
f 852/276/685 788/275/621 851/274/684
f 818/233/704 819/277/705 820/272/706
f 853/278/717 788/275/621 852/276/685
f 853/278/717 787/279/620 788/275/621
f 854/280/687 787/279/620 853/278/717
f 855/281/688 787/279/620 854/280/687
f 855/281/688 786/282/619 787/279/620
f 856/283/689 786/282/619 855/281/688
f 856/283/689 785/284/618 786/282/619
f 857/285/690 785/284/618 856/283/689
f 857/285/690 784/286/617 785/284/618
f 858/287/691 784/286/617 857/285/690
f 859/288/692 784/286/617 858/287/691
f 859/288/692 783/289/616 784/286/617
f 781/290/702 868/292/718 780/291/701
f 860/293/693 783/289/616 859/288/692
f 860/293/693 782/294/615 783/289/616
f 861/295/694 782/294/615 860/293/693
f 861/295/694 781/290/702 782/294/615
f 862/296/695 781/290/702 861/295/694
f 863/297/696 781/290/702 862/296/695
f 863/297/696 868/292/718 781/290/702
f 864/298/697 868/292/718 863/297/696
f 865/299/698 868/292/718 864/298/697
f 866/300/699 868/292/718 865/299/698
f 867/301/495 868/292/718 866/300/699
f 460/302/385 458/304/383 459/303/384
f 461/305/386 458/304/383 460/302/385
f 461/305/386 457/306/382 458/304/383
f 462/307/387 457/306/382 461/305/386
f 462/307/387 456/308/381 457/306/382
f 463/309/388 456/308/381 462/307/387
f 463/309/388 455/310/380 456/308/381
f 464/311/389 455/310/380 463/309/388
f 464/311/389 454/312/379 455/310/380
f 465/313/390 454/312/379 464/311/389
f 465/313/390 453/314/378 454/312/379
f 466/315/391 453/314/378 465/313/390
f 466/315/391 452/316/377 453/314/378
f 467/317/392 519/318/444 466/315/391
f 519/318/444 520/319/445 466/315/391
f 520/319/445 452/316/377 466/315/391
f 521/320/446 452/316/377 520/319/445
f 467/317/392 518/321/443 519/318/444
f 522/322/447 452/316/377 521/320/446
f 522/322/447 451/323/376 452/316/377
f 467/317/392 517/324/442 518/321/443
f 523/325/448 451/323/376 522/322/447
f 467/317/392 516/326/441 517/324/442
f 524/327/449 451/323/376 523/325/448
f 468/328/393 516/326/441 467/317/392
f 468/328/393 515/329/440 516/326/441
f 525/330/450 451/323/376 524/327/449
f 468/328/393 514/331/439 515/329/440
f 526/332/451 451/323/376 525/330/450
f 526/332/451 450/333/375 451/323/376
f 468/328/393 513/334/438 514/331/439
f 469/335/394 513/334/438 468/328/393
f 527/336/452 450/333/375 526/332/451
f 469/335/394 512/337/437 513/334/438
f 528/338/453 450/333/375 527/336/452
f 469/335/394 511/339/436 512/337/437
f 528/338/453 449/340/374 450/333/375
f 470/341/395 511/339/436 469/335/394
f 529/342/454 449/340/374 528/338/453
f 470/341/395 510/343/435 511/339/436
f 530/344/455 449/340/374 529/342/454
f 470/341/395 509/345/434 510/343/435
f 471/346/396 509/345/434 470/341/395
f 530/344/455 448/347/373 449/340/374
f 531/348/456 448/347/373 530/344/455
f 471/346/396 508/349/433 509/345/434
f 532/350/457 448/347/373 531/348/456
f 471/346/396 567/351/492 508/349/433
f 472/352/397 567/351/492 471/346/396
f 532/350/457 447/353/372 448/347/373
f 472/352/397 566/354/491 567/351/492
f 533/355/458 447/353/372 532/350/457
f 534/356/459 447/353/372 533/355/458
f 535/357/460 447/353/372 534/356/459
f 536/358/461 447/353/372 535/357/460
f 473/359/398 566/354/491 472/352/397
f 473/359/398 565/360/490 566/354/491
f 537/361/462 447/353/372 536/358/461
f 538/362/463 447/353/372 537/361/462
f 539/363/464 447/353/372 538/362/463
f 473/359/398 564/364/489 565/360/490
f 540/365/465 447/353/372 539/363/464
f 540/365/465 446/366/371 447/353/372
f 541/367/466 446/366/371 540/365/465
f 542/368/467 446/366/371 541/367/466
f 473/359/398 563/369/488 564/364/489
f 474/370/399 563/369/488 473/359/398
f 543/371/468 446/366/371 542/368/467
f 544/372/469 446/366/371 543/371/468
f 474/370/399 562/373/487 563/369/488
f 545/374/470 446/366/371 544/372/469
f 474/370/399 561/375/486 562/373/487
f 546/376/471 446/366/371 545/374/470
f 475/377/400 561/375/486 474/370/399
f 547/378/472 446/366/371 546/376/471
f 475/377/400 560/379/485 561/375/486
f 548/380/473 446/366/371 547/378/472
f 548/380/473 445/381/370 446/366/371
f 549/382/474 445/381/370 548/380/473
f 475/377/400 559/383/484 560/379/485
f 550/384/475 445/381/370 549/382/474
f 551/385/476 445/381/370 550/384/475
f 475/377/400 558/386/483 559/383/484
f 552/387/477 445/381/370 551/385/476
f 476/388/401 558/386/483 475/377/400
f 476/388/401 557/389/482 558/386/483
f 553/390/478 445/381/370 552/387/477
f 554/391/479 445/381/370 553/390/478
f 476/388/401 556/392/481 557/389/482
f 555/393/480 445/381/370 554/391/479
f 556/392/481 445/381/370 555/393/480
f 476/388/401 445/381/370 556/392/481
f 477/394/402 445/381/370 476/388/401
f 477/394/402 444/395/369 445/381/370
f 478/396/403 444/395/369 477/394/402
f 479/397/404 495/398/420 478/396/403
f 495/398/420 444/395/369 478/396/403
f 479/397/404 494/399/419 495/398/420
f 496/400/421 444/395/369 495/398/420
f 480/401/405 494/399/419 479/397/404
f 496/400/421 443/402/368 444/395/369
f 480/401/405 493/403/418 494/399/419
f 480/401/405 492/404/417 493/403/418
f 480/401/405 491/405/416 492/404/417
f 481/406/406 491/405/416 480/401/405
f 481/406/406 490/407/415 491/405/416
f 481/406/406 489/408/414 490/407/415
f 497/409/422 443/402/368 496/400/421
f 481/406/406 488/410/413 489/408/414
f 482/411/407 488/410/413 481/406/406
f 482/411/407 487/412/412 488/410/413
f 482/411/407 486/413/411 487/412/412
f 482/411/407 485/414/410 486/413/411
f 483/415/408 485/414/410 482/411/407
f 483/415/408 484/416/409 485/414/410
f 498/417/423 443/402/368 497/409/422
f 498/417/423 442/418/367 443/402/368
f 499/419/424 442/418/367 498/417/423
f 500/420/425 442/418/367 499/419/424
f 501/421/426 442/418/367 500/420/425
f 502/422/427 442/418/367 501/421/426
f 503/423/428 442/418/367 502/422/427
f 504/424/429 442/418/367 503/423/428
f 504/424/429 441/425/366 442/418/367
f 505/426/430 441/425/366 504/424/429
f 506/427/431 441/425/366 505/426/430
f 507/428/432 441/425/366 506/427/431
f 507/428/432 440/429/365 441/425/366
f 435/430/360 440/429/365 507/428/432
f 435/430/360 439/431/364 440/429/365
f 435/430/360 438/432/363 439/431/364
f 435/430/360 437/433/362 438/432/363
f 435/430/360 436/434/361 437/433/362
f 118/387/118 119/390/119 553/390/478 552/387/477
f 185/74/182 186/78/183 620/78/542 619/74/541
f 297/181/294 298/176/295 732/176/654 731/181/653
f 119/390/119 120/391/120 554/391/479 553/390/478
f 350/286/258 351/284/259 785/284/618 784/286/617
f 423/285/331 424/287/332 858/287/691 857/285/690
f 266/182/263 267/178/264 701/178/623 700/182/622
f 232/79/229 233/76/230 667/76/589 666/79/588
f 325/180/322 326/183/323 760/183/682 759/180/681
f 209/77/206 210/80/207 644/80/566 643/77/565
f 122/392/122 123/389/123 557/389/482 556/392/481
f 424/287/332 425/288/333 859/288/692 858/287/691
f 120/391/120 121/393/121 555/393/480 554/391/479
f 326/183/323 327/184/324 761/184/683 760/183/682
f 208/81/205 161/75/158 595/75/517 642/81/564
f 121/393/121 122/392/122 556/392/481 555/393/480
f 349/289/257 350/286/258 784/286/617 783/289/616
f 295/144/292 296/185/293 730/185/652 729/144/651
f 210/80/207 211/82/208 645/82/567 644/80/566
f 346/291/342 347/290/343 781/290/702 780/291/701
f 296/185/293 297/181/294 731/181/653 730/185/652
f 327/184/324 328/186/325 762/186/684 761/184/683
f 42/388/42 43/394/43 477/394/402 476/388/401
f 434/292/359 346/291/342 780/291/701 868/292/718
f 231/83/228 232/79/229 666/79/588 665/83/587
f 425/288/333 426/293/334 860/293/693 859/288/692
f 186/78/183 187/84/184 621/84/543 620/78/542
f 265/187/262 266/182/263 700/182/622 699/187/621
f 10/395/10 11/381/11 445/381/370 444/395/369
f 328/186/325 329/188/326 763/188/685 762/186/684
f 43/394/43 44/396/44 478/396/403 477/394/402
f 348/294/256 349/289/257 783/289/616 782/294/615
f 207/85/204 208/81/205 642/81/564 641/85/563
f 426/293/334 427/295/335 861/295/694 860/293/693
f 329/188/326 330/189/327 764/189/686 763/188/685
f 211/82/208 212/86/209 646/86/568 645/82/567
f 44/396/44 45/397/45 479/397/404 478/396/403
f 347/290/343 348/294/256 782/294/615 781/290/702
f 264/190/261 265/187/262 699/187/621 698/190/620
f 230/87/227 231/83/228 665/83/587 664/87/586
f 427/295/335 428/296/336 862/296/695 861/295/694
f 330/189/327 331/191/328 765/191/687 764/189/686
f 187/84/184 188/88/185 622/88/544 621/84/543
f 60/399/60 61/398/61 495/398/420 494/399/419
f 428/296/336 429/297/337 863/297/696 862/296/695
f 331/191/328 332/192/329 766/192/688 765/191/687
f 61/398/61 62/400/62 496/400/421 495/398/420
f 206/89/203 207/85/204 641/85/563 640/89/562
f 212/86/209 213/90/210 647/90/569 646/86/568
f 45/397/45 46/401/46 480/401/405 479/397/404
f 429/297/337 430/298/338 864/298/697 863/297/696
f 263/193/260 264/190/261 698/190/620 697/193/619
f 332/192/329 333/194/330 767/194/689 766/192/688
f 430/298/338 431/299/339 865/299/698 864/298/697
f 229/91/226 230/87/227 664/87/586 663/91/585
f 9/402/9 10/395/10 444/395/369 443/402/368
f 213/90/210 214/92/211 648/92/570 647/90/569
f 431/299/339 432/300/340 866/300/699 865/299/698
f 262/195/259 263/193/260 697/193/619 696/195/618
f 59/403/59 60/399/60 494/399/419 493/403/418
f 333/194/330 334/196/331 768/196/690 767/194/689
f 432/300/340 433/301/136 867/301/495 866/300/699
f 228/93/225 229/91/226 663/91/585 662/93/584
f 58/404/58 59/403/59 493/403/418 492/404/417
f 433/301/136 434/292/359 868/292/718 867/301/495
f 188/88/185 189/94/186 623/94/545 622/88/544
f 25/303/25 26/302/26 460/302/385 459/303/384
f 261/197/258 262/195/259 696/195/618 695/197/617
f 57/405/57 58/404/58 492/404/417 491/405/416
f 334/196/331 335/198/332 769/198/691 768/196/690
f 46/401/46 47/406/47 481/406/406 480/401/405
f 24/304/24 25/303/25 459/303/384 458/304/383
f 205/95/202 206/89/203 640/89/562 639/95/561
f 26/302/26 27/305/27 461/305/386 460/302/385
f 335/198/332 336/199/333 770/199/692 769/198/691
f 214/92/211 215/96/212 649/96/571 648/92/570
f 56/407/56 57/405/57 491/405/416 490/407/415
f 23/306/23 24/304/24 458/304/383 457/306/382
f 260/200/257 261/197/258 695/197/617 694/200/616
f 227/97/224 228/93/225 662/93/584 661/97/583
f 55/408/55 56/407/56 490/407/415 489/408/414
f 27/305/27 28/307/28 462/307/387 461/305/386
f 257/202/254 258/201/255 692/201/614 691/202/613
f 215/96/212 216/98/213 650/98/572 649/96/571
f 62/400/62 63/409/63 497/409/422 496/400/421
f 345/203/341 257/202/254 691/202/613 779/203/700
f 22/308/22 23/306/23 457/306/382 456/308/381
f 336/199/333 337/204/334 771/204/693 770/199/692
f 226/99/223 227/97/224 661/97/583 660/99/582
f 54/410/54 55/408/55 489/408/414 488/410/413
f 28/307/28 29/309/29 463/309/388 462/307/387
f 216/98/213 217/100/214 651/100/573 650/98/572
f 47/406/47 48/411/48 482/411/407 481/406/406
f 259/205/256 260/200/257 694/200/616 693/205/615
f 21/310/21 22/308/22 456/308/381 455/310/380
f 337/204/334 338/206/335 772/206/694 771/204/693
f 225/101/222 226/99/223 660/99/582 659/101/581
f 53/412/53 54/410/54 488/410/413 487/412/412
f 29/309/29 30/311/30 464/311/389 463/309/388
f 189/94/186 190/102/187 624/102/546 623/94/545
f 52/413/52 53/412/53 487/412/412 486/413/411
f 258/201/255 259/205/256 693/205/615 692/201/614
f 20/312/20 21/310/21 455/310/380 454/312/379
f 338/206/335 339/207/336 773/207/695 772/206/694
f 204/103/201 205/95/202 639/95/561 638/103/560
f 51/414/51 52/413/52 486/413/411 485/414/410
f 30/311/30 31/313/31 465/313/390 464/311/389
f 217/100/214 218/104/215 652/104/574 651/100/573
f 48/411/48 49/415/49 483/415/408 482/411/407
f 339/207/336 340/208/337 774/208/696 773/207/695
f 49/415/49 50/416/50 484/416/409 483/415/408
f 19/314/19 20/312/20 454/312/379 453/314/378
f 224/105/221 225/101/222 659/101/581 658/105/580
f 50/416/50 51/414/51 485/414/410 484/416/409
f 31/313/31 32/315/32 466/315/391 465/313/390
f 340/208/337 341/209/338 775/209/697 774/208/696
f 218/104/215 219/106/216 653/106/575 652/104/574
f 63/409/63 64/417/64 498/417/423 497/409/422
f 341/209/338 342/210/339 776/210/698 775/209/697
f 18/316/18 19/314/19 453/314/378 452/316/377
f 223/107/220 224/105/221 658/105/580 657/107/579
f 8/418/8 9/402/9 443/402/368 442/418/367
f 32/315/32 33/317/33 467/317/392 466/315/391
f 342/210/339 343/211/340 777/211/699 776/210/698
f 219/106/216 220/108/217 654/108/576 653/106/575
f 64/417/64 65/419/65 499/419/424 498/417/423
f 135/2/135 136/1/136 570/1/495 569/2/494
f 343/211/340 344/212/136 778/212/495 777/211/699
f 65/419/65 66/420/66 500/420/425 499/419/424
f 85/318/85 86/319/86 520/319/445 519/318/444
f 344/212/136 345/203/341 779/203/700 778/212/495
f 222/109/219 223/107/220 657/107/579 656/109/578
f 134/3/134 135/2/135 569/2/494 568/3/493
f 371/214/279 372/213/280 806/213/639 805/214/638
f 220/108/217 221/110/218 655/110/577 654/108/576
f 66/420/66 67/421/67 501/421/426 500/420/425
f 139/4/139 134/3/134 568/3/493 573/4/498
f 86/319/86 87/320/87 521/320/446 520/319/445
f 370/215/278 371/214/279 805/214/638 804/215/637
f 67/421/67 68/422/68 502/422/427 501/421/426
f 372/213/280 373/216/281 807/216/640 806/213/639
f 221/110/218 222/109/219 656/109/578 655/110/577
f 138/5/138 139/4/139 573/4/498 572/5/497
f 136/1/136 137/6/137 571/6/496 570/1/495
f 68/422/68 69/423/69 503/423/428 502/422/427
f 84/321/84 85/318/85 519/318/444 518/321/443
f 373/216/281 374/217/282 808/217/641 807/216/640
f 190/102/187 191/111/188 625/111/547 624/102/546
f 137/6/137 138/5/138 572/5/497 571/6/496
f 87/320/87 88/322/88 522/322/447 521/320/446
f 141/8/141 142/7/142 576/7/501 575/8/500
f 69/423/69 70/424/70 504/424/429 503/423/428
f 369/218/277 370/215/278 804/215/637 803/218/636
f 203/112/200 204/103/201 638/103/560 637/112/559
f 140/9/140 141/8/141 575/8/500 574/9/499
f 17/323/17 18/316/18 452/316/377 451/323/376
f 374/217/282 375/219/283 809/219/642 808/217/641
f 191/111/188 192/113/189 626/113/548 625/111/547
f 7/425/7 8/418/8 442/418/367 441/425/366
f 70/424/70 71/426/71 505/426/430 504/424/429
f 83/324/83 84/321/84 518/321/443 517/324/442
f 150/10/150 148/11/148 582/11/507 584/10/509
f 88/322/88 89/325/89 523/325/448 522/322/447
f 368/220/276 369/218/277 803/218/636 802/220/635
f 202/114/199 203/112/200 637/112/559 636/114/558
f 71/426/71 72/427/72 506/427/431 505/426/430
f 375/219/283 376/221/284 810/221/643 809/219/642
f 192/113/189 193/115/190 627/115/549 626/113/548
f 148/11/148 149/12/149 583/12/508 582/11/507
f 72/427/72 73/428/73 507/428/432 506/427/431
f 82/326/82 83/324/83 517/324/442 516/326/441
f 376/221/284 377/222/285 811/222/644 810/221/643
f 89/325/89 90/327/90 524/327/449 523/325/448
f 201/116/198 202/114/199 636/114/558 635/116/557
f 147/13/147 140/9/140 574/9/499 581/13/506
f 193/115/190 194/117/191 628/117/550 627/115/549
f 6/429/6 7/425/7 441/425/366 440/429/365
f 33/317/33 34/328/34 468/328/393 467/317/392
f 367/223/275 368/220/276 802/220/635 801/223/634
f 73/428/73 1/430/1 435/430/360 507/428/432
f 377/222/285 378/224/286 812/224/645 811/222/644
f 200/118/197 201/116/198 635/116/557 634/118/556
f 149/12/149 150/10/150 584/10/509 583/12/508
f 81/329/81 82/326/82 516/326/441 515/329/440
f 378/224/286 379/225/287 813/225/646 812/224/645
f 194/117/191 195/119/192 629/119/551 628/117/550
f 144/14/144 145/15/145 579/15/504 578/14/503
f 5/431/5 6/429/6 440/429/365 439/431/364
f 90/327/90 91/330/91 525/330/450 524/327/449
f 4/432/4 5/431/5 439/431/364 438/432/363
f 366/226/274 367/223/275 801/223/634 800/226/633
f 199/120/196 200/118/197 634/118/556 633/120/555
f 142/7/142 143/16/143 577/16/502 576/7/501
f 80/331/80 81/329/81 515/329/440 514/331/439
f 379/225/287 380/227/288 814/227/647 813/225/646
f 195/119/192 196/121/193 630/121/552 629/119/551
f 143/16/143 144/14/144 578/14/503 577/16/502
f 3/433/3 4/432/4 438/432/363 437/433/362
f 91/330/91 92/332/92 526/332/451 525/330/450
f 145/15/145 146/17/146 580/17/505 579/15/504
f 1/430/1 2/434/2 436/434/361 435/430/360
f 380/227/288 381/228/289 815/228/648 814/227/647
f 146/17/146 147/13/147 581/13/506 580/17/505
f 2/434/2 3/433/3 437/433/362 436/434/361
f 198/122/195 199/120/196 633/120/555 632/122/554
f 155/19/135 156/18/136 590/18/495 589/19/494
f 16/333/16 17/323/17 451/323/376 450/333/375
f 196/121/193 197/123/194 631/123/553 630/121/552
f 365/229/273 366/226/274 800/226/633 799/229/632
f 197/123/194 198/122/195 632/122/554 631/123/553
f 154/20/154 155/19/135 589/19/494 588/20/513
f 79/334/79 80/331/80 514/331/439 513/334/438
f 381/228/289 382/230/290 816/230/649 815/228/648
f 282/125/279 283/124/280 717/124/639 716/125/638
f 34/328/34 35/335/35 469/335/394 468/328/393
f 382/230/290 383/231/344 817/231/703 816/230/649
f 281/126/278 282/125/279 716/125/638 715/126/637
f 92/332/92 93/336/93 527/336/452 526/332/451
f 283/124/280 284/127/281 718/127/640 717/124/639
f 153/22/153 154/20/154 588/20/513 587/22/512
f 152/23/152 153/22/153 587/22/512 586/23/511
f 364/232/272 365/229/273 799/229/632 798/232/631
f 284/127/281 285/128/282 719/128/641 718/127/640
f 78/337/78 79/334/79 513/334/438 512/337/437
f 383/231/344 384/233/345 818/233/704 817/231/703
f 151/24/151 152/23/152 586/23/511 585/24/510
f 93/336/93 94/338/94 528/338/453 527/336/452
f 280/129/277 281/126/278 715/126/637 714/129/636
f 160/25/137 151/24/151 585/24/510 594/25/496
f 392/234/353 393/235/354 827/235/713 826/234/712
f 285/128/282 286/130/283 720/130/642 719/128/641
f 77/339/77 78/337/78 512/337/437 511/339/436
f 156/18/136 157/26/155 591/26/514 590/18/495
f 393/235/354 394/236/355 828/236/714 827/235/713
f 157/26/155 158/21/156 592/21/515 591/26/514
f 15/340/15 16/333/16 450/333/375 449/340/374
f 279/131/276 280/129/277 714/129/636 713/131/635
f 158/21/156 159/27/157 593/27/516 592/21/515
f 35/335/35 36/341/36 470/341/395 469/335/394
f 394/236/355 395/237/356 829/237/715 828/236/714
f 286/130/283 287/132/284 721/132/643 720/130/642
f 159/27/157 160/25/137 594/25/496 593/27/516
f 173/29/170 174/28/171 608/28/530 607/29/529
f 94/338/94 95/342/95 529/342/454 528/338/453
f 395/237/356 396/238/357 830/238/716 829/237/715
f 287/132/284 288/133/285 722/133/644 721/132/643
f 172/30/169 173/29/170 607/29/529 606/30/528
f 76/343/76 77/339/77 511/339/436 510/343/435
f 278/134/275 279/131/276 713/131/635 712/134/634
f 171/31/168 172/30/169 606/30/528 605/31/527
f 95/342/95 96/344/96 530/344/455 529/342/454
f 363/239/271 364/232/272 798/232/631 797/239/630
f 288/133/285 289/135/286 723/135/645 722/133/644
f 174/28/171 175/32/172 609/32/531 608/28/530
f 396/238/357 397/240/305 831/240/664 830/238/716
f 289/135/286 290/136/287 724/136/646 723/135/645
f 75/345/75 76/343/76 510/343/435 509/345/434
f 397/240/305 398/241/306 832/241/665 831/240/664
f 170/33/167 171/31/168 605/31/527 604/33/526
f 36/341/36 37/346/37 471/346/396 470/341/395
f 175/32/172 176/34/173 610/34/532 609/32/531
f 398/241/306 399/242/307 833/242/666 832/241/665
f 277/137/274 278/134/275 712/134/634 711/137/633
f 290/136/287 291/138/288 725/138/647 724/136/646
f 14/347/14 15/340/15 449/340/374 448/347/373
f 169/35/166 170/33/167 604/33/526 603/35/525
f 96/344/96 97/348/97 531/348/456 530/344/455
f 362/243/270 363/239/271 797/239/630 796/243/629
f 291/138/288 292/139/289 726/139/648 725/138/647
f 176/34/173 177/36/174 611/36/533 610/34/532
f 399/242/307 400/244/308 834/244/667 833/242/666
f 177/36/174 178/37/175 612/37/534 611/36/533
f 74/349/74 75/345/75 509/345/434 508/349/433
f 400/244/308 401/245/309 835/245/668 834/244/667
f 276/140/273 277/137/274 711/137/633 710/140/632
f 97/348/97 98/350/98 532/350/457 531/348/456
f 292/139/289 293/141/290 727/141/649 726/139/648
f 401/245/309 402/246/310 836/246/669 835/245/668
f 168/38/165 169/35/166 603/35/525 602/38/524
f 293/141/290 294/142/291 728/142/650 727/141/649
f 178/37/175 179/39/176 613/39/535 612/37/534
f 133/351/133 74/349/74 508/349/433 567/351/492
f 37/346/37 38/352/38 472/352/397 471/346/396
f 361/247/269 362/243/270 796/243/629 795/247/628
f 402/246/310 403/248/311 837/248/670 836/246/669
f 275/143/272 276/140/273 710/140/632 709/143/631
f 167/40/164 168/38/165 602/38/524 601/40/523
f 294/142/291 295/144/292 729/144/651 728/142/650
f 179/39/176 180/41/177 614/41/536 613/39/535
f 13/353/13 14/347/14 448/347/373 447/353/372
f 403/248/311 404/249/312 838/249/671 837/248/670
f 132/354/132 133/351/133 567/351/492 566/354/491
f 302/145/299 303/146/300 737/146/659 736/145/658
f 98/350/98 99/355/99 533/355/458 532/350/457
f 360/250/268 361/247/269 795/247/628 794/250/627
f 303/146/300 304/147/301 738/147/660 737/146/659
f 166/43/163 167/40/164 601/40/523 600/43/522
f 99/355/99 100/356/100 534/356/459 533/355/458
f 391/251/352 392/234/353 826/234/712 825/251/711
f 404/249/312 405/252/313 839/252/672 838/249/671
f 304/147/301 305/148/302 739/148/661 738/147/660
f 244/44/241 245/42/242 679/42/601 678/44/600
f 100/356/100 101/357/101 535/357/460 534/356/459
f 245/42/242 246/45/243 680/45/602 679/42/601
f 405/252/313 406/253/314 840/253/673 839/252/672
f 305/148/302 306/149/303 740/149/662 739/148/661
f 101/357/101 102/358/102 536/358/461 535/357/460
f 306/149/303 307/150/304 741/150/663 740/149/662
f 243/46/240 244/44/241 678/44/600 677/46/599
f 38/352/38 39/359/39 473/359/398 472/352/397
f 390/254/351 391/251/352 825/251/711 824/254/710
f 246/45/243 247/47/244 681/47/603 680/45/602
f 359/255/267 360/250/268 794/250/627 793/255/626
f 180/41/177 181/48/178 615/48/537 614/41/536
f 131/360/131 132/354/132 566/354/491 565/360/490
f 406/253/314 407/256/315 841/256/674 840/253/673
f 274/151/271 275/143/272 709/143/631 708/151/630
f 102/358/102 103/361/103 537/361/462 536/358/461
f 307/150/304 308/152/305 742/152/664 741/150/663
f 407/256/315 408/257/316 842/257/675 841/256/674
f 165/49/162 166/43/163 600/43/522 599/49/521
f 103/361/103 104/362/104 538/362/463 537/361/462
f 308/152/305 309/153/306 743/153/665 742/152/664
f 242/50/239 243/46/240 677/46/599 676/50/598
f 104/362/104 105/363/105 539/363/464 538/362/463
f 389/258/350 390/254/351 824/254/710 823/258/709
f 309/153/306 310/154/307 744/154/666 743/153/665
f 247/47/244 248/51/245 682/51/604 681/47/603
f 358/259/266 359/255/267 793/255/626 792/259/625
f 130/364/130 131/360/131 565/360/490 564/364/489
f 408/257/316 409/260/317 843/260/676 842/257/675
f 273/155/270 274/151/271 708/151/630 707/155/629
f 241/52/238 242/50/239 676/50/598 675/52/597
f 105/363/105 106/365/106 540/365/465 539/363/464
f 310/154/307 311/156/308 745/156/667 744/154/666
f 248/51/245 249/53/246 683/53/605 682/51/604
f 409/260/317 410/261/318 844/261/677 843/260/676
f 311/156/308 312/157/309 746/157/668 745/156/667
f 12/366/12 13/353/13 447/353/372 446/366/371
f 240/54/237 241/52/238 675/52/597 674/54/596
f 106/365/106 107/367/107 541/367/466 540/365/465
f 357/262/265 358/259/266 792/259/625 791/262/624
f 312/157/309 313/158/310 747/158/669 746/157/668
f 249/53/246 250/55/247 684/55/606 683/53/605
f 107/367/107 108/368/108 542/368/467 541/367/466
f 388/263/349 389/258/350 823/258/709 822/263/708
f 410/261/318 411/264/319 845/264/678 844/261/677
f 272/159/269 273/155/270 707/155/629 706/159/628
f 239/56/236 240/54/237 674/54/596 673/56/595
f 313/158/310 314/160/311 748/160/670 747/158/669
f 250/55/247 251/57/248 685/57/607 684/55/606
f 129/369/129 130/364/130 564/364/489 563/369/488
f 411/264/319 412/265/320 846/265/679 845/264/678
f 39/359/39 40/370/40 474/370/399 473/359/398
f 314/160/311 315/161/312 749/161/671 748/160/670
f 181/48/178 182/58/179 616/58/538 615/48/537
f 108/368/108 109/371/109 543/371/468 542/368/467
f 356/266/264 357/262/265 791/262/624 790/266/623
f 412/265/320 413/267/321 847/267/680 846/265/679
f 271/162/268 272/159/269 706/159/628 705/162/627
f 164/59/161 165/49/162 599/49/521 598/59/520
f 109/371/109 110/372/110 544/372/469 543/371/468
f 315/161/312 316/163/313 750/163/672 749/161/671
f 238/60/235 239/56/236 673/56/595 672/60/594
f 387/268/348 388/263/349 822/263/708 821/268/707
f 316/163/313 317/164/314 751/164/673 750/163/672
f 251/57/248 252/61/249 686/61/608 685/57/607
f 128/373/128 129/369/129 563/369/488 562/373/487
f 413/267/321 414/269/322 848/269/681 847/267/680
f 110/372/110 111/374/111 545/374/470 544/372/469
f 301/165/298 302/145/299 736/145/658 735/165/657
f 237/62/234 238/60/235 672/60/594 671/62/593
f 355/270/263 356/266/264 790/266/623 789/270/622
f 252/61/249 253/63/250 687/63/609 686/61/608
f 127/375/127 128/373/128 562/373/487 561/375/486
f 414/269/322 415/271/323 849/271/682 848/269/681
f 270/166/267 271/162/268 705/162/627 704/166/626
f 111/374/111 112/376/112 546/376/471 545/374/470
f 317/164/314 318/167/315 752/167/674 751/164/673
f 182/58/179 183/64/180 617/64/539 616/58/538
f 40/370/40 41/377/41 475/377/400 474/370/399
f 386/272/347 387/268/348 821/268/707 820/272/706
f 415/271/323 416/273/324 850/273/683 849/271/682
f 300/168/297 301/165/298 735/165/657 734/168/656
f 163/65/160 164/59/161 598/59/520 597/65/519
f 112/376/112 113/378/113 547/378/472 546/376/471
f 318/167/315 319/169/316 753/169/675 752/167/674
f 416/273/324 417/274/325 851/274/684 850/273/683
f 236/66/233 237/62/234 671/62/593 670/66/592
f 253/63/250 254/67/251 688/67/610 687/63/609
f 126/379/126 127/375/127 561/375/486 560/379/485
f 269/170/266 270/166/267 704/166/626 703/170/625
f 113/378/113 114/380/114 548/380/473 547/378/472
f 354/275/262 355/270/263 789/270/622 788/275/621
f 319/169/316 320/171/317 754/171/676 753/169/675
f 417/274/325 418/276/326 852/276/685 851/274/684
f 235/68/232 236/66/233 670/66/592 669/68/591
f 254/67/251 255/69/252 689/69/611 688/67/610
f 11/381/11 12/366/12 446/366/371 445/381/370
f 384/233/345 385/277/346 819/277/705 818/233/704
f 299/172/296 300/168/297 734/168/656 733/172/655
f 114/380/114 115/382/115 549/382/474 548/380/473
f 385/277/346 386/272/347 820/272/706 819/277/705
f 320/171/317 321/173/318 755/173/677 754/171/676
f 183/64/180 184/70/181 618/70/540 617/64/539
f 418/276/326 419/278/358 853/278/717 852/276/685
f 125/383/125 126/379/126 560/379/485 559/383/484
f 268/174/265 269/170/266 703/170/625 702/174/624
f 162/71/159 163/65/160 597/65/519 596/71/518
f 115/382/115 116/384/116 550/384/475 549/382/474
f 353/279/261 354/275/262 788/275/621 787/279/620
f 321/173/318 322/175/319 756/175/678 755/173/677
f 419/278/358 420/280/328 854/280/687 853/278/717
f 234/72/231 235/68/232 669/68/591 668/72/590
f 116/384/116 117/385/117 551/385/476 550/384/475
f 255/69/252 256/73/253 690/73/612 689/69/611
f 420/280/328 421/281/329 855/281/688 854/280/687
f 298/176/295 299/172/296 733/172/655 732/176/654
f 322/175/319 323/177/320 757/177/679 756/175/678
f 184/70/181 185/74/182 619/74/541 618/70/540
f 124/386/124 125/383/125 559/383/484 558/386/483
f 117/385/117 118/387/118 552/387/477 551/385/476
f 352/282/260 353/279/261 787/279/620 786/282/619
f 421/281/329 422/283/330 856/283/689 855/281/688
f 267/178/264 268/174/265 702/174/624 701/178/623
f 161/75/158 162/71/159 596/71/518 595/75/517
f 41/377/41 42/388/42 476/388/401 475/377/400
f 323/177/320 324/179/321 758/179/680 757/177/679
f 233/76/230 234/72/231 668/72/590 667/76/589
f 351/284/259 352/282/260 786/282/619 785/284/618
f 324/179/321 325/180/322 759/180/681 758/179/680
f 256/73/253 209/77/206 643/77/565 690/73/612
f 123/389/123 124/386/124 558/386/483 557/389/482
f 422/283/330 423/285/331 857/285/690 856/283/689
