# Blender 4.5.4 LTS
# www.blender.org
mtllib earth.mtl
o Sphere
v 0.000000 0.995185 -0.098017
v 0.000000 0.980785 -0.195090
v 0.000000 0.956940 -0.290285
v 0.000000 0.881921 -0.471397
v 0.000000 0.471397 -0.881921
v 0.000000 0.382683 -0.923880
v 0.000000 0.290285 -0.956940
v 0.000000 0.098017 -0.995185
v 0.000000 0.000000 -1.000000
v 0.000000 -0.098017 -0.995185
v 0.000000 -0.290285 -0.956940
v 0.000000 -0.382683 -0.923880
v 0.000000 -0.471397 -0.881921
v 0.000000 -0.956940 -0.290285
v 0.000000 -0.995185 -0.098017
v 0.009607 0.995185 -0.097545
v 0.019122 0.980785 -0.194151
v 0.028453 0.956940 -0.288887
v 0.037510 0.923880 -0.380841
v 0.046205 0.881921 -0.469127
v 0.054455 0.831470 -0.552895
v 0.062181 0.773010 -0.631339
v 0.069309 0.707107 -0.703702
v 0.075768 0.634393 -0.769288
v 0.081498 0.555570 -0.827466
v 0.086443 0.471397 -0.877675
v 0.090556 0.382683 -0.919431
v 0.093797 0.290285 -0.952332
v 0.096134 0.195090 -0.976062
v 0.097545 0.098017 -0.990393
v 0.098017 0.000000 -0.995185
v 0.097545 -0.098017 -0.990393
v 0.096134 -0.195090 -0.976062
v 0.093797 -0.290285 -0.952332
v 0.090556 -0.382683 -0.919431
v 0.086443 -0.471397 -0.877675
v 0.081498 -0.555570 -0.827466
v 0.075768 -0.634393 -0.769288
v 0.069309 -0.707107 -0.703702
v 0.062181 -0.773010 -0.631339
v 0.054455 -0.831470 -0.552895
v 0.046205 -0.881921 -0.469127
v 0.037510 -0.923880 -0.380841
v 0.028453 -0.956940 -0.288887
v 0.019122 -0.980785 -0.194151
v 0.009607 -0.995185 -0.097545
v 0.019122 0.995185 -0.096134
v 0.038060 0.980785 -0.191342
v 0.056632 0.956940 -0.284707
v 0.074658 0.923880 -0.375330
v 0.091965 0.881921 -0.462339
v 0.108386 0.831470 -0.544895
v 0.123764 0.773010 -0.622204
v 0.137950 0.707107 -0.693520
v 0.150807 0.634393 -0.758157
v 0.162212 0.555570 -0.815493
v 0.172054 0.471397 -0.864975
v 0.180240 0.382683 -0.906127
v 0.186690 0.290285 -0.938553
v 0.191342 0.195090 -0.961940
v 0.194151 0.098017 -0.976062
v 0.195090 0.000000 -0.980785
v 0.194151 -0.098017 -0.976062
v 0.191342 -0.195090 -0.961940
v 0.186690 -0.290285 -0.938553
v 0.180240 -0.382683 -0.906127
v 0.172054 -0.471397 -0.864975
v 0.162212 -0.555570 -0.815493
v 0.150807 -0.634393 -0.758157
v 0.137950 -0.707107 -0.693520
v 0.123764 -0.773010 -0.622204
v 0.108386 -0.831470 -0.544895
v 0.091965 -0.881921 -0.462339
v 0.074658 -0.923880 -0.375330
v 0.056632 -0.956940 -0.284707
v 0.038060 -0.980785 -0.191342
v 0.019122 -0.995185 -0.096134
v 0.028453 0.995185 -0.093797
v 0.056632 0.980785 -0.186690
v 0.084265 0.956940 -0.277785
v 0.111087 0.923880 -0.366205
v 0.136839 0.881921 -0.451099
v 0.161274 0.831470 -0.531648
v 0.184155 0.773010 -0.607077
v 0.205262 0.707107 -0.676659
v 0.224393 0.634393 -0.739725
v 0.241363 0.555570 -0.795667
v 0.256008 0.471397 -0.843946
v 0.268188 0.382683 -0.884098
v 0.277785 0.290285 -0.915735
v 0.284707 0.195090 -0.938553
v 0.288887 0.098017 -0.952332
v 0.290285 0.000000 -0.956940
v 0.288887 -0.098017 -0.952332
v 0.284707 -0.195090 -0.938553
v 0.277785 -0.290285 -0.915735
v 0.268188 -0.382683 -0.884098
v 0.256008 -0.471397 -0.843946
v 0.241363 -0.555570 -0.795667
v 0.224393 -0.634393 -0.739725
v 0.205262 -0.707107 -0.676659
v 0.184155 -0.773010 -0.607077
v 0.161274 -0.831470 -0.531648
v 0.136839 -0.881921 -0.451099
v 0.111087 -0.923880 -0.366205
v 0.084265 -0.956940 -0.277785
v 0.056632 -0.980785 -0.186690
v 0.028453 -0.995185 -0.093797
v 0.037510 0.995185 -0.090556
v 0.074658 0.980785 -0.180240
v 0.111087 0.956940 -0.268188
v 0.146447 0.923880 -0.353553
v 0.180396 0.881921 -0.435514
v 0.212608 0.831470 -0.513280
v 0.242772 0.773010 -0.586103
v 0.270598 0.707107 -0.653281
v 0.295818 0.634393 -0.714169
v 0.318190 0.555570 -0.768178
v 0.337497 0.471397 -0.814789
v 0.353553 0.382683 -0.853553
v 0.366205 0.290285 -0.884098
v 0.375330 0.195090 -0.906127
v 0.380841 0.098017 -0.919431
v 0.382683 0.000000 -0.923880
v 0.380841 -0.098017 -0.919431
v 0.375330 -0.195090 -0.906127
v 0.366205 -0.290285 -0.884098
v 0.353553 -0.382683 -0.853553
v 0.337497 -0.471397 -0.814789
v 0.318190 -0.555570 -0.768178
v 0.295818 -0.634393 -0.714169
v 0.270598 -0.707107 -0.653281
v 0.242772 -0.773010 -0.586103
v 0.212608 -0.831470 -0.513280
v 0.180396 -0.881921 -0.435514
v 0.146447 -0.923880 -0.353553
v 0.111087 -0.956940 -0.268188
v 0.074658 -0.980785 -0.180240
v 0.037510 -0.995185 -0.090556
v 0.046205 0.995185 -0.086443
v 0.091965 0.980785 -0.172054
v 0.136839 0.956940 -0.256008
v 0.180396 0.923880 -0.337497
v 0.222215 0.881921 -0.415735
v 0.261894 0.831470 -0.489969
v 0.299051 0.773010 -0.559485
v 0.333328 0.707107 -0.623612
v 0.364395 0.634393 -0.681734
v 0.391952 0.555570 -0.733291
v 0.415735 0.471397 -0.777785
v 0.435514 0.382683 -0.814789
v 0.451099 0.290285 -0.843946
v 0.462339 0.195090 -0.864975
v 0.469127 0.098017 -0.877675
v 0.471397 0.000000 -0.881921
v 0.469127 -0.098017 -0.877675
v 0.462339 -0.195090 -0.864975
v 0.451099 -0.290285 -0.843946
v 0.435514 -0.382683 -0.814789
v 0.415735 -0.471397 -0.777785
v 0.391952 -0.555570 -0.733291
v 0.364395 -0.634393 -0.681734
v 0.333328 -0.707107 -0.623612
v 0.299051 -0.773010 -0.559485
v 0.261894 -0.831470 -0.489969
v 0.222215 -0.881921 -0.415735
v 0.180396 -0.923880 -0.337497
v 0.136839 -0.956940 -0.256008
v 0.091965 -0.980785 -0.172054
v 0.046205 -0.995185 -0.086443
v 0.054455 0.995185 -0.081498
v 0.108386 0.980785 -0.162212
v 0.161274 0.956940 -0.241363
v 0.212608 0.923880 -0.318190
v 0.261894 0.881921 -0.391952
v 0.308658 0.831470 -0.461940
v 0.352450 0.773010 -0.527479
v 0.392847 0.707107 -0.587938
v 0.429462 0.634393 -0.642735
v 0.461940 0.555570 -0.691342
v 0.489969 0.471397 -0.733291
v 0.513280 0.382683 -0.768178
v 0.531648 0.290285 -0.795667
v 0.544895 0.195090 -0.815493
v 0.552895 0.098017 -0.827466
v 0.555570 0.000000 -0.831470
v 0.552895 -0.098017 -0.827466
v 0.544895 -0.195090 -0.815493
v 0.531648 -0.290285 -0.795667
v 0.513280 -0.382683 -0.768178
v 0.489969 -0.471397 -0.733291
v 0.461940 -0.555570 -0.691342
v 0.429462 -0.634393 -0.642735
v 0.392847 -0.707107 -0.587938
v 0.352450 -0.773010 -0.527479
v 0.308658 -0.831470 -0.461940
v 0.261894 -0.881921 -0.391952
v 0.212608 -0.923880 -0.318190
v 0.161274 -0.956940 -0.241363
v 0.108386 -0.980785 -0.162212
v 0.054455 -0.995185 -0.081498
v 0.062181 0.995185 -0.075768
v 0.123764 0.980785 -0.150807
v 0.184155 0.956940 -0.224393
v 0.242772 0.923880 -0.295818
v 0.299051 0.881921 -0.364395
v 0.352450 0.831470 -0.429462
v 0.402455 0.773010 -0.490393
v 0.448584 0.707107 -0.546601
v 0.490393 0.634393 -0.597545
v 0.527479 0.555570 -0.642735
v 0.559485 0.471397 -0.681734
v 0.586103 0.382683 -0.714168
v 0.607077 0.290285 -0.739725
v 0.622204 0.195090 -0.758157
v 0.631338 0.098017 -0.769288
v 0.634393 0.000000 -0.773010
v 0.631338 -0.098017 -0.769288
v 0.622204 -0.195090 -0.758157
v 0.607077 -0.290285 -0.739725
v 0.586103 -0.382683 -0.714168
v 0.559485 -0.471397 -0.681734
v 0.527479 -0.555570 -0.642735
v 0.490393 -0.634393 -0.597545
v 0.448584 -0.707107 -0.546601
v 0.402455 -0.773010 -0.490393
v 0.352450 -0.831470 -0.429462
v 0.299051 -0.881921 -0.364395
v 0.242772 -0.923880 -0.295818
v 0.184155 -0.956940 -0.224393
v 0.123764 -0.980785 -0.150807
v 0.062181 -0.995185 -0.075768
v 0.069309 0.995185 -0.069309
v 0.137950 0.980785 -0.137950
v 0.205262 0.956940 -0.205262
v 0.270598 0.923880 -0.270598
v 0.333328 0.881921 -0.333328
v 0.392848 0.831470 -0.392848
v 0.448584 0.773010 -0.448584
v 0.500000 0.707107 -0.500000
v 0.546601 0.634393 -0.546601
v 0.587938 0.555570 -0.587938
v 0.623612 0.471397 -0.623612
v 0.653281 0.382683 -0.653281
v 0.676659 0.290285 -0.676659
v 0.693520 0.195090 -0.693520
v 0.703702 0.098017 -0.703702
v 0.707107 0.000000 -0.707107
v 0.703702 -0.098017 -0.703702
v 0.693520 -0.195090 -0.693520
v 0.676659 -0.290285 -0.676659
v 0.653281 -0.382683 -0.653281
v 0.623612 -0.471397 -0.623612
v 0.587938 -0.555570 -0.587938
v 0.546601 -0.634393 -0.546601
v 0.500000 -0.707107 -0.500000
v 0.448584 -0.773010 -0.448584
v 0.392848 -0.831470 -0.392848
v 0.333328 -0.881921 -0.333328
v 0.270598 -0.923880 -0.270598
v 0.205262 -0.956940 -0.205262
v 0.137950 -0.980785 -0.137950
v 0.069309 -0.995185 -0.069309
v 0.075768 0.995185 -0.062181
v 0.150807 0.980785 -0.123764
v 0.224393 0.956940 -0.184155
v 0.295818 0.923880 -0.242772
v 0.364395 0.881921 -0.299051
v 0.429462 0.831470 -0.352450
v 0.490393 0.773010 -0.402455
v 0.546601 0.707107 -0.448584
v 0.597545 0.634393 -0.490393
v 0.642735 0.555570 -0.527479
v 0.681734 0.471397 -0.559485
v 0.714168 0.382683 -0.586103
v 0.739725 0.290285 -0.607077
v 0.758157 0.195090 -0.622203
v 0.769288 0.098017 -0.631338
v 0.773010 0.000000 -0.634393
v 0.769288 -0.098017 -0.631338
v 0.758157 -0.195090 -0.622203
v 0.739725 -0.290285 -0.607077
v 0.714168 -0.382683 -0.586103
v 0.681734 -0.471397 -0.559485
v 0.642735 -0.555570 -0.527479
v 0.597545 -0.634393 -0.490393
v 0.546601 -0.707107 -0.448584
v 0.490393 -0.773010 -0.402455
v 0.429462 -0.831470 -0.352450
v 0.364395 -0.881921 -0.299051
v 0.295818 -0.923880 -0.242772
v 0.224393 -0.956940 -0.184155
v 0.150807 -0.980785 -0.123764
v 0.075768 -0.995185 -0.062181
v 0.081498 0.995185 -0.054455
v 0.162212 0.980785 -0.108386
v 0.241363 0.956940 -0.161274
v 0.318190 0.923880 -0.212607
v 0.391952 0.881921 -0.261894
v 0.461940 0.831470 -0.308658
v 0.527479 0.773010 -0.352450
v 0.587938 0.707107 -0.392847
v 0.642735 0.634393 -0.429462
v 0.691342 0.555570 -0.461940
v 0.733291 0.471397 -0.489969
v 0.768178 0.382683 -0.513280
v 0.795667 0.290285 -0.531648
v 0.815493 0.195090 -0.544895
v 0.827466 0.098017 -0.552895
v 0.831470 0.000000 -0.555570
v 0.827466 -0.098017 -0.552895
v 0.815493 -0.195090 -0.544895
v 0.795667 -0.290285 -0.531648
v 0.768178 -0.382683 -0.513280
v 0.733291 -0.471397 -0.489969
v 0.691342 -0.555570 -0.461940
v 0.642735 -0.634393 -0.429462
v 0.587938 -0.707107 -0.392847
v 0.527479 -0.773010 -0.352450
v 0.461940 -0.831470 -0.308658
v 0.391952 -0.881921 -0.261894
v 0.318190 -0.923880 -0.212607
v 0.241363 -0.956940 -0.161274
v 0.162212 -0.980785 -0.108386
v 0.081498 -0.995185 -0.054455
v 0.086443 0.995185 -0.046205
v 0.172054 0.980785 -0.091965
v 0.256008 0.956940 -0.136839
v 0.337497 0.923880 -0.180396
v 0.415735 0.881921 -0.222215
v 0.489969 0.831470 -0.261894
v 0.559485 0.773010 -0.299051
v 0.623613 0.707107 -0.333328
v 0.681734 0.634393 -0.364395
v 0.733291 0.555570 -0.391952
v 0.777785 0.471397 -0.415735
v 0.814789 0.382683 -0.435514
v 0.843946 0.290285 -0.451099
v 0.864975 0.195090 -0.462339
v 0.877675 0.098017 -0.469127
v 0.881921 0.000000 -0.471397
v 0.877675 -0.098017 -0.469127
v 0.864975 -0.195090 -0.462339
v 0.843946 -0.290285 -0.451099
v 0.814789 -0.382683 -0.435514
v 0.777785 -0.471397 -0.415735
v 0.733291 -0.555570 -0.391952
v 0.681734 -0.634393 -0.364395
v 0.623613 -0.707107 -0.333328
v 0.559485 -0.773010 -0.299051
v 0.489969 -0.831470 -0.261894
v 0.415735 -0.881921 -0.222215
v 0.337497 -0.923880 -0.180396
v 0.256008 -0.956940 -0.136839
v 0.172054 -0.980785 -0.091965
v 0.086443 -0.995185 -0.046205
v 0.090556 0.995185 -0.037510
v 0.180240 0.980785 -0.074658
v 0.268188 0.956940 -0.111087
v 0.353553 0.923880 -0.146447
v 0.435514 0.881921 -0.180396
v 0.513280 0.831470 -0.212608
v 0.586103 0.773010 -0.242772
v 0.653281 0.707107 -0.270598
v 0.714168 0.634393 -0.295818
v 0.768178 0.555570 -0.318190
v 0.814789 0.471397 -0.337497
v 0.853553 0.382683 -0.353553
v 0.884098 0.290285 -0.366205
v 0.906127 0.195090 -0.375330
v 0.919431 0.098017 -0.380841
v 0.923879 0.000000 -0.382683
v 0.919431 -0.098017 -0.380841
v 0.906127 -0.195090 -0.375330
v 0.884098 -0.290285 -0.366205
v 0.853553 -0.382683 -0.353553
v 0.814789 -0.471397 -0.337497
v 0.768178 -0.555570 -0.318190
v 0.714168 -0.634393 -0.295818
v 0.653281 -0.707107 -0.270598
v 0.586103 -0.773010 -0.242772
v 0.513280 -0.831470 -0.212608
v 0.435514 -0.881921 -0.180396
v 0.353553 -0.923880 -0.146447
v 0.268188 -0.956940 -0.111087
v 0.180240 -0.980785 -0.074658
v 0.090556 -0.995185 -0.037510
v 0.093797 0.995185 -0.028453
v 0.186690 0.980785 -0.056632
v 0.277785 0.956940 -0.084265
v 0.366205 0.923880 -0.111087
v 0.451099 0.881921 -0.136839
v 0.531648 0.831470 -0.161274
v 0.607076 0.773010 -0.184155
v 0.676659 0.707107 -0.205262
v 0.739725 0.634393 -0.224393
v 0.795667 0.555570 -0.241363
v 0.843946 0.471397 -0.256008
v 0.884098 0.382683 -0.268188
v 0.915735 0.290285 -0.277785
v 0.938553 0.195090 -0.284707
v 0.952332 0.098017 -0.288887
v 0.956940 0.000000 -0.290285
v 0.952332 -0.098017 -0.288887
v 0.938553 -0.195090 -0.284707
v 0.915735 -0.290285 -0.277785
v 0.884098 -0.382683 -0.268188
v 0.843946 -0.471397 -0.256008
v 0.795667 -0.555570 -0.241363
v 0.739725 -0.634393 -0.224393
v 0.676659 -0.707107 -0.205262
v 0.607076 -0.773010 -0.184155
v 0.531648 -0.831470 -0.161274
v 0.451099 -0.881921 -0.136839
v 0.366205 -0.923880 -0.111087
v 0.277785 -0.956940 -0.084265
v 0.186690 -0.980785 -0.056632
v 0.093797 -0.995185 -0.028453
v 0.096134 0.995185 -0.019122
v 0.191342 0.980785 -0.038060
v 0.284707 0.956940 -0.056632
v 0.375330 0.923880 -0.074658
v 0.462339 0.881921 -0.091965
v 0.544895 0.831470 -0.108386
v 0.622204 0.773010 -0.123764
v 0.693520 0.707107 -0.137950
v 0.758157 0.634393 -0.150807
v 0.815493 0.555570 -0.162212
v 0.864975 0.471397 -0.172054
v 0.906127 0.382683 -0.180240
v 0.938553 0.290285 -0.186690
v 0.961940 0.195090 -0.191342
v 0.976063 0.098017 -0.194151
v 0.980785 0.000000 -0.195090
v 0.976063 -0.098017 -0.194151
v 0.961940 -0.195090 -0.191342
v 0.938553 -0.290285 -0.186690
v 0.906127 -0.382683 -0.180240
v 0.864975 -0.471397 -0.172054
v 0.815493 -0.555570 -0.162212
v 0.758157 -0.634393 -0.150807
v 0.693520 -0.707107 -0.137950
v 0.622204 -0.773010 -0.123764
v 0.544895 -0.831470 -0.108386
v 0.462339 -0.881921 -0.091965
v 0.375330 -0.923880 -0.074658
v 0.284707 -0.956940 -0.056632
v 0.191342 -0.980785 -0.038060
v 0.096134 -0.995185 -0.019122
v 0.097545 0.995185 -0.009607
v 0.194151 0.980785 -0.019122
v 0.288887 0.956940 -0.028453
v 0.380841 0.923880 -0.037510
v 0.469127 0.881921 -0.046205
v 0.552895 0.831470 -0.054455
v 0.631338 0.773010 -0.062181
v 0.703702 0.707107 -0.069308
v 0.769288 0.634393 -0.075768
v 0.827466 0.555570 -0.081498
v 0.877674 0.471397 -0.086443
v 0.919431 0.382683 -0.090556
v 0.952332 0.290285 -0.093797
v 0.976062 0.195090 -0.096134
v 0.990393 0.098017 -0.097545
v 0.995185 0.000000 -0.098017
v 0.990393 -0.098017 -0.097545
v 0.976062 -0.195090 -0.096134
v 0.952332 -0.290285 -0.093797
v 0.919431 -0.382683 -0.090556
v 0.877674 -0.471397 -0.086443
v 0.827466 -0.555570 -0.081498
v 0.769288 -0.634393 -0.075768
v 0.703702 -0.707107 -0.069308
v 0.631338 -0.773010 -0.062181
v 0.552895 -0.831470 -0.054455
v 0.469127 -0.881921 -0.046205
v 0.380841 -0.923880 -0.037510
v 0.288887 -0.956940 -0.028453
v 0.194151 -0.980785 -0.019122
v 0.097545 -0.995185 -0.009607
v 0.098017 0.995185 0.000000
v 0.195090 0.980785 -0.000000
v 0.290285 0.956940 0.000000
v 0.382683 0.923880 0.000000
v 0.471397 0.881921 0.000000
v 0.555570 0.831470 -0.000000
v 0.634393 0.773010 -0.000000
v 0.707107 0.707107 0.000000
v 0.773010 0.634393 -0.000000
v 0.831470 0.555570 -0.000000
v 0.881921 0.471397 0.000000
v 0.923879 0.382683 0.000000
v 0.956940 0.290285 -0.000000
v 0.980785 0.195090 0.000000
v 0.995185 0.098017 0.000000
v 1.000000 0.000000 0.000000
v 0.995185 -0.098017 0.000000
v 0.980785 -0.195090 0.000000
v 0.956940 -0.290285 -0.000000
v 0.923879 -0.382683 0.000000
v 0.881921 -0.471397 0.000000
v 0.831470 -0.555570 -0.000000
v 0.773010 -0.634393 -0.000000
v 0.707107 -0.707107 0.000000
v 0.634393 -0.773010 -0.000000
v 0.555570 -0.831470 -0.000000
v 0.471397 -0.881921 0.000000
v 0.382683 -0.923880 0.000000
v 0.290285 -0.956940 0.000000
v 0.195090 -0.980785 -0.000000
v 0.098017 -0.995185 0.000000
v 0.097545 0.995185 0.009607
v 0.194151 0.980785 0.019122
v 0.288887 0.956940 0.028453
v 0.380841 0.923880 0.037510
v 0.469127 0.881921 0.046205
v 0.552895 0.831470 0.054455
v 0.631338 0.773010 0.062181
v 0.703702 0.707107 0.069309
v 0.769288 0.634393 0.075768
v 0.827466 0.555570 0.081498
v 0.877674 0.471397 0.086443
v 0.919431 0.382683 0.090556
v 0.952332 0.290285 0.093797
v 0.976062 0.195090 0.096134
v 0.990393 0.098017 0.097545
v 0.995185 0.000000 0.098017
v 0.990393 -0.098017 0.097545
v 0.976062 -0.195090 0.096134
v 0.952332 -0.290285 0.093797
v 0.919431 -0.382683 0.090556
v 0.877674 -0.471397 0.086443
v 0.827466 -0.555570 0.081498
v 0.769288 -0.634393 0.075768
v 0.703702 -0.707107 0.069309
v 0.631338 -0.773010 0.062181
v 0.552895 -0.831470 0.054455
v 0.469127 -0.881921 0.046205
v 0.380841 -0.923880 0.037510
v 0.288887 -0.956940 0.028453
v 0.194151 -0.980785 0.019122
v 0.097545 -0.995185 0.009607
v 0.096134 0.995185 0.019122
v 0.191342 0.980785 0.038060
v 0.284707 0.956940 0.056632
v 0.375330 0.923880 0.074658
v 0.462339 0.881921 0.091965
v 0.544895 0.831470 0.108386
v 0.622204 0.773010 0.123764
v 0.693520 0.707107 0.137950
v 0.758157 0.634393 0.150807
v 0.815493 0.555570 0.162212
v 0.864975 0.471397 0.172054
v 0.906127 0.382683 0.180240
v 0.938553 0.290285 0.186690
v 0.961940 0.195090 0.191342
v 0.976062 0.098017 0.194151
v 0.980785 0.000000 0.195090
v 0.976062 -0.098017 0.194151
v 0.961940 -0.195090 0.191342
v 0.938553 -0.290285 0.186690
v 0.906127 -0.382683 0.180240
v 0.864975 -0.471397 0.172054
v 0.815493 -0.555570 0.162212
v 0.758157 -0.634393 0.150807
v 0.693520 -0.707107 0.137950
v 0.622204 -0.773010 0.123764
v 0.544895 -0.831470 0.108386
v 0.462339 -0.881921 0.091965
v 0.375330 -0.923880 0.074658
v 0.284707 -0.956940 0.056632
v 0.191342 -0.980785 0.038060
v 0.096134 -0.995185 0.019122
v 0.093797 0.995185 0.028453
v 0.186690 0.980785 0.056632
v 0.277785 0.956940 0.084265
v 0.366205 0.923880 0.111087
v 0.451098 0.881921 0.136839
v 0.531648 0.831470 0.161274
v 0.607076 0.773010 0.184155
v 0.676659 0.707107 0.205262
v 0.739725 0.634393 0.224393
v 0.795667 0.555570 0.241363
v 0.843946 0.471397 0.256008
v 0.884097 0.382683 0.268188
v 0.915735 0.290285 0.277785
v 0.938553 0.195090 0.284707
v 0.952332 0.098017 0.288887
v 0.956940 0.000000 0.290285
v 0.952332 -0.098017 0.288887
v 0.938553 -0.195090 0.284707
v 0.915735 -0.290285 0.277785
v 0.884097 -0.382683 0.268188
v 0.843946 -0.471397 0.256008
v 0.795667 -0.555570 0.241363
v 0.739725 -0.634393 0.224393
v 0.676659 -0.707107 0.205262
v 0.607076 -0.773010 0.184155
v 0.531648 -0.831470 0.161274
v 0.451098 -0.881921 0.136839
v 0.366205 -0.923880 0.111087
v 0.277785 -0.956940 0.084265
v 0.186690 -0.980785 0.056632
v 0.093797 -0.995185 0.028453
v 0.090556 0.995185 0.037510
v 0.180240 0.980785 0.074658
v 0.268188 0.956940 0.111087
v 0.353553 0.923880 0.146447
v 0.435514 0.881921 0.180396
v 0.513280 0.831470 0.212608
v 0.586103 0.773010 0.242772
v 0.653281 0.707107 0.270598
v 0.714169 0.634393 0.295818
v 0.768178 0.555570 0.318190
v 0.814789 0.471397 0.337497
v 0.853553 0.382683 0.353553
v 0.884098 0.290285 0.366205
v 0.906127 0.195090 0.375330
v 0.919431 0.098017 0.380841
v 0.923879 0.000000 0.382683
v 0.919431 -0.098017 0.380841
v 0.906127 -0.195090 0.375330
v 0.884098 -0.290285 0.366205
v 0.853553 -0.382683 0.353553
v 0.814789 -0.471397 0.337497
v 0.768178 -0.555570 0.318190
v 0.714169 -0.634393 0.295818
v 0.653281 -0.707107 0.270598
v 0.586103 -0.773010 0.242772
v 0.513280 -0.831470 0.212608
v 0.435514 -0.881921 0.180396
v 0.353553 -0.923880 0.146447
v 0.268188 -0.956940 0.111087
v 0.180240 -0.980785 0.074658
v 0.090556 -0.995185 0.037510
v 0.086443 0.995185 0.046205
v 0.172054 0.980785 0.091965
v 0.256008 0.956940 0.136839
v 0.337497 0.923880 0.180396
v 0.415735 0.881921 0.222215
v 0.489969 0.831470 0.261894
v 0.559485 0.773010 0.299051
v 0.623612 0.707107 0.333328
v 0.681734 0.634393 0.364395
v 0.733291 0.555570 0.391952
v 0.777785 0.471397 0.415735
v 0.814789 0.382683 0.435514
v 0.843946 0.290285 0.451099
v 0.864975 0.195090 0.462339
v 0.877674 0.098017 0.469127
v 0.881921 0.000000 0.471397
v 0.877674 -0.098017 0.469127
v 0.864975 -0.195090 0.462339
v 0.843946 -0.290285 0.451099
v 0.814789 -0.382683 0.435514
v 0.777785 -0.471397 0.415735
v 0.733291 -0.555570 0.391952
v 0.681734 -0.634393 0.364395
v 0.623612 -0.707107 0.333328
v 0.559485 -0.773010 0.299051
v 0.489969 -0.831470 0.261894
v 0.415735 -0.881921 0.222215
v 0.337497 -0.923880 0.180396
v 0.256008 -0.956940 0.136839
v 0.172054 -0.980785 0.091965
v 0.086443 -0.995185 0.046205
v 0.081498 0.995185 0.054455
v 0.162212 0.980785 0.108386
v 0.241363 0.956940 0.161274
v 0.318190 0.923880 0.212607
v 0.391952 0.881921 0.261894
v 0.461940 0.831470 0.308658
v 0.527479 0.773010 0.352450
v 0.587938 0.707107 0.392848
v 0.642735 0.634393 0.429462
v 0.691342 0.555570 0.461940
v 0.733290 0.471397 0.489969
v 0.768178 0.382683 0.513280
v 0.795667 0.290285 0.531648
v 0.815493 0.195090 0.544895
v 0.827466 0.098017 0.552895
v 0.831469 0.000000 0.555570
v 0.827466 -0.098017 0.552895
v 0.815493 -0.195090 0.544895
v 0.795667 -0.290285 0.531648
v 0.768178 -0.382683 0.513280
v 0.733290 -0.471397 0.489969
v 0.691342 -0.555570 0.461940
v 0.642735 -0.634393 0.429462
v 0.587938 -0.707107 0.392848
v 0.527479 -0.773010 0.352450
v 0.461940 -0.831470 0.308658
v 0.391952 -0.881921 0.261894
v 0.318190 -0.923880 0.212607
v 0.241363 -0.956940 0.161274
v 0.162212 -0.980785 0.108386
v 0.081498 -0.995185 0.054455
v 0.075768 0.995185 0.062181
v 0.150807 0.980785 0.123764
v 0.224393 0.956940 0.184155
v 0.295818 0.923880 0.242772
v 0.364394 0.881921 0.299051
v 0.429462 0.831470 0.352450
v 0.490393 0.773010 0.402455
v 0.546601 0.707107 0.448584
v 0.597545 0.634393 0.490393
v 0.642735 0.555570 0.527479
v 0.681734 0.471397 0.559485
v 0.714168 0.382683 0.586103
v 0.739725 0.290285 0.607076
v 0.758157 0.195090 0.622204
v 0.769288 0.098017 0.631338
v 0.773010 0.000000 0.634393
v 0.769288 -0.098017 0.631338
v 0.758157 -0.195090 0.622204
v 0.739725 -0.290285 0.607076
v 0.714168 -0.382683 0.586103
v 0.681734 -0.471397 0.559485
v 0.642735 -0.555570 0.527479
v 0.597545 -0.634393 0.490393
v 0.546601 -0.707107 0.448584
v 0.490393 -0.773010 0.402455
v 0.429462 -0.831470 0.352450
v 0.364394 -0.881921 0.299051
v 0.295818 -0.923880 0.242772
v 0.224393 -0.956940 0.184155
v 0.150807 -0.980785 0.123764
v 0.075768 -0.995185 0.062181
v 0.069309 0.995185 0.069309
v 0.137950 0.980785 0.137950
v 0.205262 0.956940 0.205262
v 0.270598 0.923880 0.270598
v 0.333328 0.881921 0.333328
v 0.392848 0.831470 0.392848
v 0.448584 0.773010 0.448584
v 0.500000 0.707107 0.500000
v 0.546601 0.634393 0.546601
v 0.587938 0.555570 0.587938
v 0.623612 0.471397 0.623612
v 0.653281 0.382683 0.653281
v 0.676659 0.290285 0.676659
v 0.693520 0.195090 0.693520
v 0.703702 0.098017 0.703702
v 0.707107 0.000000 0.707107
v 0.703702 -0.098017 0.703702
v 0.693520 -0.195090 0.693520
v 0.676659 -0.290285 0.676659
v 0.653281 -0.382683 0.653281
v 0.623612 -0.471397 0.623612
v 0.587938 -0.555570 0.587938
v 0.546601 -0.634393 0.546601
v 0.500000 -0.707107 0.500000
v 0.448584 -0.773010 0.448584
v 0.392848 -0.831470 0.392848
v 0.333328 -0.881921 0.333328
v 0.270598 -0.923880 0.270598
v 0.205262 -0.956940 0.205262
v 0.137950 -0.980785 0.137950
v 0.069309 -0.995185 0.069309
v 0.062181 0.995185 0.075768
v 0.123764 0.980785 0.150807
v 0.184155 0.956940 0.224393
v 0.242772 0.923880 0.295818
v 0.299051 0.881921 0.364395
v 0.352450 0.831470 0.429462
v 0.402455 0.773010 0.490393
v 0.448584 0.707107 0.546601
v 0.490393 0.634393 0.597545
v 0.527479 0.555570 0.642735
v 0.559485 0.471397 0.681734
v 0.586103 0.382683 0.714168
v 0.607076 0.290285 0.739725
v 0.622203 0.195090 0.758157
v 0.631338 0.098017 0.769288
v 0.634393 0.000000 0.773010
v 0.631338 -0.098017 0.769288
v 0.622203 -0.195090 0.758157
v 0.607076 -0.290285 0.739725
v 0.586103 -0.382683 0.714168
v 0.559485 -0.471397 0.681734
v 0.527479 -0.555570 0.642735
v 0.490393 -0.634393 0.597545
v 0.448584 -0.707107 0.546601
v 0.402455 -0.773010 0.490393
v 0.352450 -0.831470 0.429462
v 0.299051 -0.881921 0.364395
v 0.242772 -0.923880 0.295818
v 0.184155 -0.956940 0.224393
v 0.123764 -0.980785 0.150807
v 0.062181 -0.995185 0.075768
v 0.054455 0.995185 0.081498
v 0.108386 0.980785 0.162212
v 0.161274 0.956940 0.241363
v 0.212607 0.923880 0.318190
v 0.261894 0.881921 0.391952
v 0.308658 0.831470 0.461940
v 0.352450 0.773010 0.527479
v 0.392847 0.707107 0.587938
v 0.429462 0.634393 0.642735
v 0.461940 0.555570 0.691342
v 0.489969 0.471397 0.733291
v 0.513280 0.382683 0.768178
v 0.531647 0.290285 0.795667
v 0.544895 0.195090 0.815493
v 0.552895 0.098017 0.827466
v 0.555570 0.000000 0.831470
v 0.552895 -0.098017 0.827466
v 0.544895 -0.195090 0.815493
v 0.531647 -0.290285 0.795667
v 0.513280 -0.382683 0.768178
v 0.489969 -0.471397 0.733291
v 0.461940 -0.555570 0.691342
v 0.429462 -0.634393 0.642735
v 0.392847 -0.707107 0.587938
v 0.352450 -0.773010 0.527479
v 0.308658 -0.831470 0.461940
v 0.261894 -0.881921 0.391952
v 0.212607 -0.923880 0.318190
v 0.161274 -0.956940 0.241363
v 0.108386 -0.980785 0.162212
v 0.054455 -0.995185 0.081498
v 0.046205 0.995185 0.086443
v 0.091965 0.980785 0.172054
v 0.136839 0.956940 0.256008
v 0.180396 0.923880 0.337497
v 0.222215 0.881921 0.415735
v 0.261894 0.831470 0.489969
v 0.299051 0.773010 0.559485
v 0.333328 0.707107 0.623612
v 0.364395 0.634393 0.681734
v 0.391952 0.555570 0.733291
v 0.415735 0.471397 0.777785
v 0.435514 0.382683 0.814789
v 0.451098 0.290285 0.843946
v 0.462339 0.195090 0.864975
v 0.469127 0.098017 0.877674
v 0.471397 0.000000 0.881921
v 0.469127 -0.098017 0.877674
v 0.462339 -0.195090 0.864975
v 0.451098 -0.290285 0.843946
v 0.435514 -0.382683 0.814789
v 0.415735 -0.471397 0.777785
v 0.391952 -0.555570 0.733291
v 0.364395 -0.634393 0.681734
v 0.333328 -0.707107 0.623612
v 0.299051 -0.773010 0.559485
v 0.261894 -0.831470 0.489969
v 0.222215 -0.881921 0.415735
v 0.180396 -0.923880 0.337497
v 0.136839 -0.956940 0.256008
v 0.091965 -0.980785 0.172054
v 0.046205 -0.995185 0.086443
v 0.037510 0.995185 0.090556
v 0.074658 0.980785 0.180240
v 0.111087 0.956940 0.268188
v 0.146447 0.923880 0.353553
v 0.180396 0.881921 0.435514
v 0.212608 0.831470 0.513280
v 0.242772 0.773010 0.586103
v 0.270598 0.707107 0.653281
v 0.295818 0.634393 0.714168
v 0.318190 0.555570 0.768178
v 0.337497 0.471397 0.814789
v 0.353553 0.382683 0.853553
v 0.366205 0.290285 0.884097
v 0.375330 0.195090 0.906127
v 0.380841 0.098017 0.919431
v 0.382683 0.000000 0.923879
v 0.380841 -0.098017 0.919431
v 0.375330 -0.195090 0.906127
v 0.366205 -0.290285 0.884097
v 0.353553 -0.382683 0.853553
v 0.337497 -0.471397 0.814789
v 0.318190 -0.555570 0.768178
v 0.295818 -0.634393 0.714168
v 0.270598 -0.707107 0.653281
v 0.242772 -0.773010 0.586103
v 0.212608 -0.831470 0.513280
v 0.180396 -0.881921 0.435514
v 0.146447 -0.923880 0.353553
v 0.111087 -0.956940 0.268188
v 0.074658 -0.980785 0.180240
v 0.037510 -0.995185 0.090556
v 0.028453 0.995185 0.093797
v 0.056632 0.980785 0.186690
v 0.084265 0.956940 0.277785
v 0.111087 0.923880 0.366205
v 0.136839 0.881921 0.451098
v 0.161274 0.831470 0.531648
v 0.184155 0.773010 0.607076
v 0.205262 0.707107 0.676659
v 0.224393 0.634393 0.739725
v 0.241363 0.555570 0.795667
v 0.256008 0.471397 0.843946
v 0.268188 0.382683 0.884097
v 0.277785 0.290285 0.915735
v 0.284707 0.195090 0.938553
v 0.288887 0.098017 0.952332
v 0.290284 0.000000 0.956940
v 0.288887 -0.098017 0.952332
v 0.284707 -0.195090 0.938553
v 0.277785 -0.290285 0.915735
v 0.268188 -0.382683 0.884097
v 0.256008 -0.471397 0.843946
v 0.241363 -0.555570 0.795667
v 0.224393 -0.634393 0.739725
v 0.205262 -0.707107 0.676659
v 0.184155 -0.773010 0.607076
v 0.161274 -0.831470 0.531648
v 0.136839 -0.881921 0.451098
v 0.111087 -0.923880 0.366205
v 0.084265 -0.956940 0.277785
v 0.056632 -0.980785 0.186690
v 0.028453 -0.995185 0.093797
v 0.019122 0.995185 0.096134
v 0.038060 0.980785 0.191342
v 0.056632 0.956940 0.284707
v 0.074658 0.923880 0.375330
v 0.091965 0.881921 0.462339
v 0.108386 0.831470 0.544895
v 0.123764 0.773010 0.622204
v 0.137950 0.707107 0.693520
v 0.150807 0.634393 0.758157
v 0.162212 0.555570 0.815493
v 0.172054 0.471397 0.864975
v 0.180240 0.382683 0.906127
v 0.186690 0.290285 0.938553
v 0.191342 0.195090 0.961940
v 0.194151 0.098017 0.976062
v 0.195090 0.000000 0.980785
v 0.194151 -0.098017 0.976062
v 0.191342 -0.195090 0.961940
v 0.186690 -0.290285 0.938553
v 0.180240 -0.382683 0.906127
v 0.172054 -0.471397 0.864975
v 0.162212 -0.555570 0.815493
v 0.150807 -0.634393 0.758157
v 0.137950 -0.707107 0.693520
v 0.123764 -0.773010 0.622204
v 0.108386 -0.831470 0.544895
v 0.091965 -0.881921 0.462339
v 0.074658 -0.923880 0.375330
v 0.056632 -0.956940 0.284707
v 0.038060 -0.980785 0.191342
v 0.019122 -0.995185 0.096134
v 0.009607 0.995185 0.097545
v 0.019122 0.980785 0.194151
v 0.028453 0.956940 0.288887
v 0.037510 0.923880 0.380841
v 0.046205 0.881921 0.469127
v 0.054455 0.831470 0.552895
v 0.062181 0.773010 0.631338
v 0.069308 0.707107 0.703702
v 0.075768 0.634393 0.769288
v 0.081498 0.555570 0.827466
v 0.086443 0.471397 0.877674
v 0.090556 0.382683 0.919430
v 0.093796 0.290285 0.952332
v 0.096134 0.195090 0.976062
v 0.097545 0.098017 0.990392
v 0.098017 0.000000 0.995185
v 0.097545 -0.098017 0.990392
v 0.096134 -0.195090 0.976062
v 0.093796 -0.290285 0.952332
v 0.090556 -0.382683 0.919430
v 0.086443 -0.471397 0.877674
v 0.081498 -0.555570 0.827466
v 0.075768 -0.634393 0.769288
v 0.069308 -0.707107 0.703702
v 0.062181 -0.773010 0.631338
v 0.054455 -0.831470 0.552895
v 0.046205 -0.881921 0.469127
v 0.037510 -0.923880 0.380841
v 0.028453 -0.956940 0.288887
v 0.019122 -0.980785 0.194151
v 0.009607 -0.995185 0.097545
v -0.000000 0.995185 0.098017
v 0.000000 0.980785 0.195090
v -0.000000 0.956940 0.290285
v -0.000000 0.923880 0.382683
v -0.000000 0.881921 0.471397
v 0.000000 0.831470 0.555571
v 0.000000 0.773010 0.634393
v -0.000000 0.707107 0.707107
v 0.000000 0.634393 0.773010
v 0.000000 0.555570 0.831470
v -0.000000 0.471397 0.881921
v -0.000000 0.382683 0.923879
v -0.000000 0.290285 0.956940
v -0.000000 0.195090 0.980785
v -0.000000 0.098017 0.995184
v -0.000000 0.000000 1.000000
v -0.000000 -0.098017 0.995184
v -0.000000 -0.195090 0.980785
v -0.000000 -0.290285 0.956940
v -0.000000 -0.382683 0.923879
v -0.000000 -0.471397 0.881921
v 0.000000 -0.555570 0.831470
v 0.000000 -0.634393 0.773010
v -0.000000 -0.707107 0.707107
v 0.000000 -0.773010 0.634393
v 0.000000 -0.831470 0.555571
v -0.000000 -0.881921 0.471397
v -0.000000 -0.923880 0.382683
v -0.000000 -0.956940 0.290285
v 0.000000 -0.980785 0.195090
v -0.000000 -0.995185 0.098017
v -0.009607 0.995185 0.097545
v -0.019122 0.980785 0.194151
v -0.028453 0.956940 0.288887
v -0.037510 0.923880 0.380840
v -0.046205 0.881921 0.469127
v -0.054455 0.831470 0.552895
v -0.062181 0.773010 0.631338
v -0.069309 0.707107 0.703702
v -0.075768 0.634393 0.769288
v -0.081498 0.555570 0.827466
v -0.086443 0.471397 0.877674
v -0.090556 0.382683 0.919430
v -0.093797 0.290285 0.952332
v -0.096134 0.195090 0.976062
v -0.097545 0.098017 0.990392
v -0.098017 0.000000 0.995184
v -0.097545 -0.098017 0.990392
v -0.096134 -0.195090 0.976062
v -0.093797 -0.290285 0.952332
v -0.090556 -0.382683 0.919430
v -0.086443 -0.471397 0.877674
v -0.081498 -0.555570 0.827466
v -0.075768 -0.634393 0.769288
v -0.069309 -0.707107 0.703702
v -0.062181 -0.773010 0.631338
v -0.054455 -0.831470 0.552895
v -0.046205 -0.881921 0.469127
v -0.037510 -0.923880 0.380840
v -0.028453 -0.956940 0.288887
v -0.019122 -0.980785 0.194151
v -0.009607 -0.995185 0.097545
v 0.000000 1.000000 0.000000
v -0.019122 0.995185 0.096134
v -0.038060 0.980785 0.191342
v -0.056632 0.956940 0.284707
v -0.074658 0.923880 0.375330
v -0.091965 0.881921 0.462339
v -0.108386 0.831470 0.544895
v -0.123764 0.773010 0.622204
v -0.137950 0.707107 0.693520
v -0.150807 0.634393 0.758157
v -0.162212 0.555570 0.815493
v -0.172054 0.471397 0.864975
v -0.180240 0.382683 0.906127
v -0.186690 0.290285 0.938553
v -0.191342 0.195090 0.961940
v -0.194151 0.098017 0.976062
v -0.195090 0.000000 0.980785
v -0.194151 -0.098017 0.976062
v -0.191342 -0.195090 0.961940
v -0.186690 -0.290285 0.938553
v -0.180240 -0.382683 0.906127
v -0.172054 -0.471397 0.864975
v -0.162212 -0.555570 0.815493
v -0.150807 -0.634393 0.758157
v -0.137950 -0.707107 0.693520
v -0.123764 -0.773010 0.622204
v -0.108386 -0.831470 0.544895
v -0.091965 -0.881921 0.462339
v -0.074658 -0.923880 0.375330
v -0.056632 -0.956940 0.284707
v -0.038060 -0.980785 0.191342
v -0.019122 -0.995185 0.096134
v -0.028453 0.995185 0.093797
v -0.056632 0.980785 0.186690
v -0.084265 0.956940 0.277785
v -0.111087 0.923880 0.366205
v -0.136839 0.881921 0.451098
v -0.161274 0.831470 0.531648
v -0.184155 0.773010 0.607076
v -0.205262 0.707107 0.676659
v -0.224393 0.634393 0.739725
v -0.241363 0.555570 0.795667
v -0.256008 0.471397 0.843946
v -0.268188 0.382683 0.884097
v -0.277785 0.290285 0.915735
v -0.284707 0.195090 0.938553
v -0.288887 0.098017 0.952332
v -0.290285 0.000000 0.956940
v -0.288887 -0.098017 0.952332
v -0.284707 -0.195090 0.938553
v -0.277785 -0.290285 0.915735
v -0.268188 -0.382683 0.884097
v -0.256008 -0.471397 0.843946
v -0.241363 -0.555570 0.795667
v -0.224393 -0.634393 0.739725
v -0.205262 -0.707107 0.676659
v -0.184155 -0.773010 0.607076
v -0.161274 -0.831470 0.531648
v -0.136839 -0.881921 0.451098
v -0.111087 -0.923880 0.366205
v -0.084265 -0.956940 0.277785
v -0.056632 -0.980785 0.186690
v -0.028453 -0.995185 0.093797
v -0.037510 0.995185 0.090556
v -0.074658 0.980785 0.180240
v -0.111087 0.956940 0.268188
v -0.146447 0.923880 0.353553
v -0.180396 0.881921 0.435514
v -0.212608 0.831470 0.513280
v -0.242772 0.773010 0.586103
v -0.270598 0.707107 0.653281
v -0.295818 0.634393 0.714168
v -0.318190 0.555570 0.768178
v -0.337497 0.471397 0.814789
v -0.353553 0.382683 0.853553
v -0.366205 0.290285 0.884097
v -0.375330 0.195090 0.906127
v -0.380841 0.098017 0.919430
v -0.382684 0.000000 0.923879
v -0.380841 -0.098017 0.919430
v -0.375330 -0.195090 0.906127
v -0.366205 -0.290285 0.884097
v -0.353553 -0.382683 0.853553
v -0.337497 -0.471397 0.814789
v -0.318190 -0.555570 0.768178
v -0.295818 -0.634393 0.714168
v -0.270598 -0.707107 0.653281
v -0.242772 -0.773010 0.586103
v -0.212608 -0.831470 0.513280
v -0.180396 -0.881921 0.435514
v -0.146447 -0.923880 0.353553
v -0.111087 -0.956940 0.268188
v -0.074658 -0.980785 0.180240
v -0.037510 -0.995185 0.090556
v -0.046205 0.995185 0.086443
v -0.091965 0.980785 0.172054
v -0.136839 0.956940 0.256008
v -0.180396 0.923880 0.337496
v -0.222215 0.881921 0.415735
v -0.261894 0.831470 0.489970
v -0.299051 0.773010 0.559485
v -0.333328 0.707107 0.623612
v -0.364394 0.634393 0.681734
v -0.391952 0.555570 0.733291
v -0.415735 0.471397 0.777785
v -0.435514 0.382683 0.814789
v -0.451099 0.290285 0.843946
v -0.462339 0.195090 0.864975
v -0.469127 0.098017 0.877674
v -0.471397 0.000000 0.881921
v -0.469127 -0.098017 0.877674
v -0.462339 -0.195090 0.864975
v -0.451099 -0.290285 0.843946
v -0.435514 -0.382683 0.814789
v -0.415735 -0.471397 0.777785
v -0.391952 -0.555570 0.733291
v -0.364394 -0.634393 0.681734
v -0.333328 -0.707107 0.623612
v -0.299051 -0.773010 0.559485
v -0.261894 -0.831470 0.489970
v -0.222215 -0.881921 0.415735
v -0.180396 -0.923880 0.337496
v -0.136839 -0.956940 0.256008
v -0.091965 -0.980785 0.172054
v -0.046205 -0.995185 0.086443
v -0.054455 0.995185 0.081498
v -0.108386 0.980785 0.162212
v -0.161274 0.956940 0.241363
v -0.212607 0.923880 0.318189
v -0.261894 0.881921 0.391952
v -0.308658 0.831470 0.461940
v -0.352450 0.773010 0.527479
v -0.392848 0.707107 0.587938
v -0.429461 0.634393 0.642735
v -0.461940 0.555570 0.691342
v -0.489969 0.471397 0.733290
v -0.513280 0.382683 0.768177
v -0.531648 0.290285 0.795667
v -0.544895 0.195090 0.815493
v -0.552895 0.098017 0.827466
v -0.555570 0.000000 0.831469
v -0.552895 -0.098017 0.827466
v -0.544895 -0.195090 0.815493
v -0.531648 -0.290285 0.795667
v -0.513280 -0.382683 0.768177
v -0.489969 -0.471397 0.733290
v -0.461940 -0.555570 0.691342
v -0.429461 -0.634393 0.642735
v -0.392848 -0.707107 0.587938
v -0.352450 -0.773010 0.527479
v -0.308658 -0.831470 0.461940
v -0.261894 -0.881921 0.391952
v -0.212607 -0.923880 0.318189
v -0.161274 -0.956940 0.241363
v -0.108386 -0.980785 0.162212
v -0.054455 -0.995185 0.081498
v -0.062181 0.995185 0.075768
v -0.123764 0.980785 0.150807
v -0.184155 0.956940 0.224393
v -0.242772 0.923880 0.295818
v -0.299051 0.881921 0.364394
v -0.352450 0.831470 0.429462
v -0.402455 0.773010 0.490393
v -0.448584 0.707107 0.546601
v -0.490392 0.634393 0.597545
v -0.527479 0.555570 0.642735
v -0.559485 0.471397 0.681734
v -0.586103 0.382683 0.714168
v -0.607077 0.290285 0.739725
v -0.622204 0.195090 0.758157
v -0.631338 0.098017 0.769288
v -0.634393 0.000000 0.773010
v -0.631338 -0.098017 0.769288
v -0.622204 -0.195090 0.758157
v -0.607077 -0.290285 0.739725
v -0.586103 -0.382683 0.714168
v -0.559485 -0.471397 0.681734
v -0.527479 -0.555570 0.642735
v -0.490392 -0.634393 0.597545
v -0.448584 -0.707107 0.546601
v -0.402455 -0.773010 0.490393
v -0.352450 -0.831470 0.429462
v -0.299051 -0.881921 0.364394
v -0.242772 -0.923880 0.295818
v -0.184155 -0.956940 0.224393
v -0.123764 -0.980785 0.150807
v -0.062181 -0.995185 0.075768
v 0.000000 -1.000000 0.000000
v -0.069309 0.995185 0.069309
v -0.137950 0.980785 0.137950
v -0.205262 0.956940 0.205262
v -0.270598 0.923880 0.270598
v -0.333328 0.881921 0.333328
v -0.392848 0.831470 0.392848
v -0.448584 0.773010 0.448584
v -0.500000 0.707107 0.500000
v -0.546601 0.634393 0.546601
v -0.587938 0.555570 0.587938
v -0.623612 0.471397 0.623612
v -0.653281 0.382683 0.653281
v -0.676659 0.290285 0.676659
v -0.693520 0.195090 0.693520
v -0.703702 0.098017 0.703702
v -0.707107 0.000000 0.707106
v -0.703702 -0.098017 0.703702
v -0.693520 -0.195090 0.693520
v -0.676659 -0.290285 0.676659
v -0.653281 -0.382683 0.653281
v -0.623612 -0.471397 0.623612
v -0.587938 -0.555570 0.587938
v -0.546601 -0.634393 0.546601
v -0.500000 -0.707107 0.500000
v -0.448584 -0.773010 0.448584
v -0.392848 -0.831470 0.392848
v -0.333328 -0.881921 0.333328
v -0.270598 -0.923880 0.270598
v -0.205262 -0.956940 0.205262
v -0.137950 -0.980785 0.137950
v -0.069309 -0.995185 0.069309
v -0.075768 0.995185 0.062181
v -0.150807 0.980785 0.123764
v -0.224393 0.956940 0.184155
v -0.295818 0.923880 0.242772
v -0.364394 0.881921 0.299051
v -0.429462 0.831470 0.352450
v -0.490393 0.773010 0.402455
v -0.546601 0.707107 0.448584
v -0.597545 0.634393 0.490393
v -0.642735 0.555570 0.527479
v -0.681734 0.471397 0.559485
v -0.714168 0.382683 0.586103
v -0.739725 0.290285 0.607076
v -0.758157 0.195090 0.622203
v -0.769288 0.098017 0.631338
v -0.773010 0.000000 0.634393
v -0.769288 -0.098017 0.631338
v -0.758157 -0.195090 0.622203
v -0.739725 -0.290285 0.607076
v -0.714168 -0.382683 0.586103
v -0.681734 -0.471397 0.559485
v -0.642735 -0.555570 0.527479
v -0.597545 -0.634393 0.490393
v -0.546601 -0.707107 0.448584
v -0.490393 -0.773010 0.402455
v -0.429462 -0.831470 0.352450
v -0.364394 -0.881921 0.299051
v -0.295818 -0.923880 0.242772
v -0.224393 -0.956940 0.184155
v -0.150807 -0.980785 0.123764
v -0.075768 -0.995185 0.062181
v -0.081498 0.995185 0.054455
v -0.162212 0.980785 0.108386
v -0.241363 0.956940 0.161274
v -0.318189 0.923880 0.212607
v -0.391952 0.881921 0.261894
v -0.461940 0.831470 0.308659
v -0.527479 0.773010 0.352450
v -0.587938 0.707107 0.392847
v -0.642734 0.634393 0.429462
v -0.691342 0.555570 0.461940
v -0.733290 0.471397 0.489969
v -0.768177 0.382683 0.513280
v -0.795667 0.290285 0.531647
v -0.815493 0.195090 0.544895
v -0.827466 0.098017 0.552895
v -0.831470 0.000000 0.555570
v -0.827466 -0.098017 0.552895
v -0.815493 -0.195090 0.544895
v -0.795667 -0.290285 0.531647
v -0.768177 -0.382683 0.513280
v -0.733290 -0.471397 0.489969
v -0.691342 -0.555570 0.461940
v -0.642734 -0.634393 0.429462
v -0.587938 -0.707107 0.392847
v -0.527479 -0.773010 0.352450
v -0.461940 -0.831470 0.308659
v -0.391952 -0.881921 0.261894
v -0.318189 -0.923880 0.212607
v -0.241363 -0.956940 0.161274
v -0.162212 -0.980785 0.108386
v -0.081498 -0.995185 0.054455
v -0.086443 0.995185 0.046205
v -0.172054 0.980785 0.091965
v -0.256008 0.956940 0.136839
v -0.337496 0.923880 0.180396
v -0.415735 0.881921 0.222215
v -0.489969 0.831470 0.261894
v -0.559485 0.773010 0.299051
v -0.623612 0.707107 0.333328
v -0.681734 0.634393 0.364395
v -0.733291 0.555570 0.391952
v -0.777785 0.471397 0.415735
v -0.814789 0.382683 0.435513
v -0.843946 0.290285 0.451098
v -0.864975 0.195090 0.462339
v -0.877674 0.098017 0.469127
v -0.881921 0.000000 0.471396
v -0.877674 -0.098017 0.469127
v -0.864975 -0.195090 0.462339
v -0.843946 -0.290285 0.451098
v -0.814789 -0.382683 0.435513
v -0.777785 -0.471397 0.415735
v -0.733291 -0.555570 0.391952
v -0.681734 -0.634393 0.364395
v -0.623612 -0.707107 0.333328
v -0.559485 -0.773010 0.299051
v -0.489969 -0.831470 0.261894
v -0.415735 -0.881921 0.222215
v -0.337496 -0.923880 0.180396
v -0.256008 -0.956940 0.136839
v -0.172054 -0.980785 0.091965
v -0.086443 -0.995185 0.046205
v -0.090556 0.995185 0.037509
v -0.180240 0.980785 0.074658
v -0.268188 0.956940 0.111087
v -0.353553 0.923880 0.146446
v -0.435514 0.881921 0.180396
v -0.513280 0.831470 0.212608
v -0.586103 0.773010 0.242772
v -0.653281 0.707107 0.270598
v -0.714168 0.634393 0.295818
v -0.768178 0.555570 0.318190
v -0.814789 0.471397 0.337496
v -0.853553 0.382683 0.353553
v -0.884098 0.290285 0.366205
v -0.906127 0.195090 0.375330
v -0.919431 0.098017 0.380840
v -0.923879 0.000000 0.382683
v -0.919431 -0.098017 0.380840
v -0.906127 -0.195090 0.375330
v -0.884098 -0.290285 0.366205
v -0.853553 -0.382683 0.353553
v -0.814789 -0.471397 0.337496
v -0.768178 -0.555570 0.318190
v -0.714168 -0.634393 0.295818
v -0.653281 -0.707107 0.270598
v -0.586103 -0.773010 0.242772
v -0.513280 -0.831470 0.212608
v -0.435514 -0.881921 0.180396
v -0.353553 -0.923880 0.146446
v -0.268188 -0.956940 0.111087
v -0.180240 -0.980785 0.074658
v -0.090556 -0.995185 0.037509
v -0.093796 0.995185 0.028453
v -0.186690 0.980785 0.056632
v -0.277785 0.956940 0.084265
v -0.366205 0.923880 0.111087
v -0.451098 0.881921 0.136839
v -0.531648 0.831470 0.161274
v -0.607076 0.773010 0.184155
v -0.676659 0.707107 0.205262
v -0.739725 0.634393 0.224393
v -0.795667 0.555570 0.241363
v -0.843946 0.471397 0.256008
v -0.884097 0.382683 0.268188
v -0.915735 0.290285 0.277785
v -0.938553 0.195090 0.284707
v -0.952332 0.098017 0.288887
v -0.956940 0.000000 0.290284
v -0.952332 -0.098017 0.288887
v -0.938553 -0.195090 0.284707
v -0.915735 -0.290285 0.277785
v -0.884097 -0.382683 0.268188
v -0.843946 -0.471397 0.256008
v -0.795667 -0.555570 0.241363
v -0.739725 -0.634393 0.224393
v -0.676659 -0.707107 0.205262
v -0.607076 -0.773010 0.184155
v -0.531648 -0.831470 0.161274
v -0.451098 -0.881921 0.136839
v -0.366205 -0.923880 0.111087
v -0.277785 -0.956940 0.084265
v -0.186690 -0.980785 0.056632
v -0.093796 -0.995185 0.028453
v -0.096134 0.995185 0.019122
v -0.191342 0.980785 0.038060
v -0.284707 0.956940 0.056632
v -0.375330 0.923880 0.074658
v -0.462339 0.881921 0.091965
v -0.544895 0.831470 0.108386
v -0.622204 0.773010 0.123764
v -0.693520 0.707107 0.137949
v -0.758157 0.634393 0.150807
v -0.815493 0.555570 0.162212
v -0.864975 0.471397 0.172054
v -0.906127 0.382683 0.180240
v -0.938553 0.290285 0.186690
v -0.961940 0.195090 0.191342
v -0.976062 0.098017 0.194151
v -0.980785 0.000000 0.195090
v -0.976062 -0.098017 0.194151
v -0.961940 -0.195090 0.191342
v -0.938553 -0.290285 0.186690
v -0.906127 -0.382683 0.180240
v -0.864975 -0.471397 0.172054
v -0.815493 -0.555570 0.162212
v -0.758157 -0.634393 0.150807
v -0.693520 -0.707107 0.137949
v -0.622204 -0.773010 0.123764
v -0.544895 -0.831470 0.108386
v -0.462339 -0.881921 0.091965
v -0.375330 -0.923880 0.074658
v -0.284707 -0.956940 0.056632
v -0.191342 -0.980785 0.038060
v -0.096134 -0.995185 0.019122
v -0.097545 0.995185 0.009607
v -0.194151 0.980785 0.019122
v -0.288887 0.956940 0.028453
v -0.380840 0.923880 0.037509
v -0.469127 0.881921 0.046205
v -0.552895 0.831470 0.054455
v -0.631338 0.773010 0.062181
v -0.703702 0.707107 0.069308
v -0.769288 0.634393 0.075768
v -0.827466 0.555570 0.081498
v -0.877674 0.471397 0.086443
v -0.919430 0.382683 0.090556
v -0.952332 0.290285 0.093796
v -0.976062 0.195090 0.096134
v -0.990392 0.098017 0.097545
v -0.995184 0.000000 0.098017
v -0.990392 -0.098017 0.097545
v -0.976062 -0.195090 0.096134
v -0.952332 -0.290285 0.093796
v -0.919430 -0.382683 0.090556
v -0.877674 -0.471397 0.086443
v -0.827466 -0.555570 0.081498
v -0.769288 -0.634393 0.075768
v -0.703702 -0.707107 0.069308
v -0.631338 -0.773010 0.062181
v -0.552895 -0.831470 0.054455
v -0.469127 -0.881921 0.046205
v -0.380840 -0.923880 0.037509
v -0.288887 -0.956940 0.028453
v -0.194151 -0.980785 0.019122
v -0.097545 -0.995185 0.009607
v -0.098017 0.995185 -0.000000
v -0.195090 0.980785 0.000000
v -0.290285 0.956940 -0.000000
v -0.382683 0.923880 -0.000000
v -0.471396 0.881921 -0.000000
v -0.555571 0.831470 0.000000
v -0.634393 0.773010 0.000000
v -0.707107 0.707107 -0.000000
v -0.773010 0.634393 0.000000
v -0.831470 0.555570 0.000000
v -0.881921 0.471397 -0.000000
v -0.923879 0.382683 -0.000000
v -0.956940 0.290285 -0.000000
v -0.980785 0.195090 -0.000000
v -0.995184 0.098017 -0.000000
v -1.000000 0.000000 -0.000000
v -0.995184 -0.098017 -0.000000
v -0.980785 -0.195090 -0.000000
v -0.956940 -0.290285 -0.000000
v -0.923879 -0.382683 -0.000000
v -0.881921 -0.471397 -0.000000
v -0.831470 -0.555570 0.000000
v -0.773010 -0.634393 0.000000
v -0.707107 -0.707107 -0.000000
v -0.634393 -0.773010 0.000000
v -0.555571 -0.831470 0.000000
v -0.471396 -0.881921 -0.000000
v -0.382683 -0.923880 -0.000000
v -0.290285 -0.956940 -0.000000
v -0.195090 -0.980785 0.000000
v -0.098017 -0.995185 -0.000000
v -0.097545 0.995185 -0.009607
v -0.194151 0.980785 -0.019122
v -0.288887 0.956940 -0.028453
v -0.380840 0.923880 -0.037510
v -0.469127 0.881921 -0.046205
v -0.552895 0.831470 -0.054455
v -0.631338 0.773010 -0.062181
v -0.703702 0.707107 -0.069309
v -0.769288 0.634393 -0.075768
v -0.827466 0.555570 -0.081498
v -0.877674 0.471397 -0.086443
v -0.919430 0.382683 -0.090556
v -0.952332 0.290285 -0.093797
v -0.976062 0.195090 -0.096134
v -0.990392 0.098017 -0.097545
v -0.995184 0.000000 -0.098017
v -0.990392 -0.098017 -0.097545
v -0.976062 -0.195090 -0.096134
v -0.952332 -0.290285 -0.093797
v -0.919430 -0.382683 -0.090556
v -0.877674 -0.471397 -0.086443
v -0.827466 -0.555570 -0.081498
v -0.769288 -0.634393 -0.075768
v -0.703702 -0.707107 -0.069309
v -0.631338 -0.773010 -0.062181
v -0.552895 -0.831470 -0.054455
v -0.469127 -0.881921 -0.046205
v -0.380840 -0.923880 -0.037510
v -0.288887 -0.956940 -0.028453
v -0.194151 -0.980785 -0.019122
v -0.097545 -0.995185 -0.009607
v -0.096134 0.995185 -0.019122
v -0.191342 0.980785 -0.038060
v -0.284707 0.956940 -0.056632
v -0.375330 0.923880 -0.074658
v -0.462339 0.881921 -0.091965
v -0.544896 0.831470 -0.108386
v -0.622204 0.773010 -0.123764
v -0.693520 0.707107 -0.137950
v -0.758157 0.634393 -0.150807
v -0.815493 0.555570 -0.162212
v -0.864975 0.471397 -0.172054
v -0.906127 0.382683 -0.180240
v -0.938553 0.290285 -0.186690
v -0.961940 0.195090 -0.191342
v -0.976062 0.098017 -0.194151
v -0.980785 0.000000 -0.195091
v -0.976062 -0.098017 -0.194151
v -0.961940 -0.195090 -0.191342
v -0.938553 -0.290285 -0.186690
v -0.906127 -0.382683 -0.180240
v -0.864975 -0.471397 -0.172054
v -0.815493 -0.555570 -0.162212
v -0.758157 -0.634393 -0.150807
v -0.693520 -0.707107 -0.137950
v -0.622204 -0.773010 -0.123764
v -0.544896 -0.831470 -0.108386
v -0.462339 -0.881921 -0.091965
v -0.375330 -0.923880 -0.074658
v -0.284707 -0.956940 -0.056632
v -0.191342 -0.980785 -0.038060
v -0.096134 -0.995185 -0.019122
v -0.093796 0.995185 -0.028453
v -0.186690 0.980785 -0.056632
v -0.277785 0.956940 -0.084265
v -0.366205 0.923880 -0.111087
v -0.451098 0.881921 -0.136839
v -0.531648 0.831470 -0.161274
v -0.607076 0.773010 -0.184155
v -0.676659 0.707107 -0.205262
v -0.739725 0.634393 -0.224393
v -0.795667 0.555570 -0.241363
v -0.843946 0.471397 -0.256008
v -0.884097 0.382683 -0.268188
v -0.915735 0.290285 -0.277785
v -0.938553 0.195090 -0.284707
v -0.952332 0.098017 -0.288887
v -0.956940 0.000000 -0.290285
v -0.952332 -0.098017 -0.288887
v -0.938553 -0.195090 -0.284707
v -0.915735 -0.290285 -0.277785
v -0.884097 -0.382683 -0.268188
v -0.843946 -0.471397 -0.256008
v -0.795667 -0.555570 -0.241363
v -0.739725 -0.634393 -0.224393
v -0.676659 -0.707107 -0.205262
v -0.607076 -0.773010 -0.184155
v -0.531648 -0.831470 -0.161274
v -0.451098 -0.881921 -0.136839
v -0.366205 -0.923880 -0.111087
v -0.277785 -0.956940 -0.084265
v -0.186690 -0.980785 -0.056632
v -0.093796 -0.995185 -0.028453
v -0.090556 0.995185 -0.037510
v -0.180240 0.980785 -0.074658
v -0.268188 0.956940 -0.111087
v -0.353553 0.923880 -0.146446
v -0.435514 0.881921 -0.180396
v -0.513280 0.831470 -0.212608
v -0.586103 0.773010 -0.242772
v -0.653281 0.707107 -0.270598
v -0.714168 0.634393 -0.295818
v -0.768178 0.555570 -0.318190
v -0.814789 0.471397 -0.337497
v -0.853553 0.382683 -0.353553
v -0.884098 0.290285 -0.366205
v -0.906127 0.195090 -0.375330
v -0.919430 0.098017 -0.380841
v -0.923879 0.000000 -0.382684
v -0.919430 -0.098017 -0.380841
v -0.906127 -0.195090 -0.375330
v -0.884098 -0.290285 -0.366205
v -0.853553 -0.382683 -0.353553
v -0.814789 -0.471397 -0.337497
v -0.768178 -0.555570 -0.318190
v -0.714168 -0.634393 -0.295818
v -0.653281 -0.707107 -0.270598
v -0.586103 -0.773010 -0.242772
v -0.513280 -0.831470 -0.212608
v -0.435514 -0.881921 -0.180396
v -0.353553 -0.923880 -0.146446
v -0.268188 -0.956940 -0.111087
v -0.180240 -0.980785 -0.074658
v -0.090556 -0.995185 -0.037510
v -0.086443 0.995185 -0.046205
v -0.172054 0.980785 -0.091965
v -0.256008 0.956940 -0.136839
v -0.337496 0.923880 -0.180396
v -0.415735 0.881921 -0.222215
v -0.489970 0.831470 -0.261894
v -0.559485 0.773010 -0.299051
v -0.623612 0.707107 -0.333328
v -0.681734 0.634393 -0.364394
v -0.733291 0.555570 -0.391952
v -0.777785 0.471397 -0.415735
v -0.814788 0.382683 -0.435514
v -0.843946 0.290285 -0.451099
v -0.864975 0.195090 -0.462339
v -0.877674 0.098017 -0.469127
v -0.881921 0.000000 -0.471397
v -0.877674 -0.098017 -0.469127
v -0.864975 -0.195090 -0.462339
v -0.843946 -0.290285 -0.451099
v -0.814788 -0.382683 -0.435514
v -0.777785 -0.471397 -0.415735
v -0.733291 -0.555570 -0.391952
v -0.681734 -0.634393 -0.364394
v -0.623612 -0.707107 -0.333328
v -0.559485 -0.773010 -0.299051
v -0.489970 -0.831470 -0.261894
v -0.415735 -0.881921 -0.222215
v -0.337496 -0.923880 -0.180396
v -0.256008 -0.956940 -0.136839
v -0.172054 -0.980785 -0.091965
v -0.086443 -0.995185 -0.046205
v -0.081498 0.995185 -0.054455
v -0.162212 0.980785 -0.108386
v -0.241363 0.956940 -0.161274
v -0.318189 0.923880 -0.212607
v -0.391952 0.881921 -0.261894
v -0.461940 0.831470 -0.308659
v -0.527479 0.773010 -0.352450
v -0.587938 0.707107 -0.392847
v -0.642735 0.634393 -0.429461
v -0.691342 0.555570 -0.461940
v -0.733290 0.471397 -0.489969
v -0.768177 0.382683 -0.513280
v -0.795667 0.290285 -0.531648
v -0.815493 0.195090 -0.544895
v -0.827465 0.098017 -0.552895
v -0.831469 0.000000 -0.555570
v -0.827465 -0.098017 -0.552895
v -0.815493 -0.195090 -0.544895
v -0.795667 -0.290285 -0.531648
v -0.768177 -0.382683 -0.513280
v -0.733290 -0.471397 -0.489969
v -0.691342 -0.555570 -0.461940
v -0.642735 -0.634393 -0.429461
v -0.587938 -0.707107 -0.392847
v -0.527479 -0.773010 -0.352450
v -0.461940 -0.831470 -0.308659
v -0.391952 -0.881921 -0.261894
v -0.318189 -0.923880 -0.212607
v -0.241363 -0.956940 -0.161274
v -0.162212 -0.980785 -0.108386
v -0.081498 -0.995185 -0.054455
v -0.075768 0.995185 -0.062181
v -0.150807 0.980785 -0.123764
v -0.224393 0.956940 -0.184155
v -0.295818 0.923880 -0.242772
v -0.364394 0.881921 -0.299051
v -0.429462 0.831470 -0.352450
v -0.490393 0.773010 -0.402455
v -0.546601 0.707107 -0.448584
v -0.597545 0.634393 -0.490392
v -0.642735 0.555570 -0.527479
v -0.681734 0.471397 -0.559485
v -0.714168 0.382683 -0.586103
v -0.739725 0.290285 -0.607077
v -0.758157 0.195090 -0.622204
v -0.769288 0.098017 -0.631338
v -0.773010 0.000000 -0.634393
v -0.769288 -0.098017 -0.631338
v -0.758157 -0.195090 -0.622204
v -0.739725 -0.290285 -0.607077
v -0.714168 -0.382683 -0.586103
v -0.681734 -0.471397 -0.559485
v -0.642735 -0.555570 -0.527479
v -0.597545 -0.634393 -0.490392
v -0.546601 -0.707107 -0.448584
v -0.490393 -0.773010 -0.402455
v -0.429462 -0.831470 -0.352450
v -0.364394 -0.881921 -0.299051
v -0.295818 -0.923880 -0.242772
v -0.224393 -0.956940 -0.184155
v -0.150807 -0.980785 -0.123764
v -0.075768 -0.995185 -0.062181
v -0.069309 0.995185 -0.069309
v -0.137950 0.980785 -0.137950
v -0.205262 0.956940 -0.205262
v -0.270598 0.923880 -0.270598
v -0.333328 0.881921 -0.333328
v -0.392848 0.831470 -0.392848
v -0.448584 0.773010 -0.448584
v -0.500000 0.707107 -0.500000
v -0.546601 0.634393 -0.546601
v -0.587938 0.555570 -0.587938
v -0.623612 0.471397 -0.623612
v -0.653281 0.382683 -0.653281
v -0.676659 0.290285 -0.676659
v -0.693520 0.195090 -0.693520
v -0.703702 0.098017 -0.703702
v -0.707106 0.000000 -0.707107
v -0.703702 -0.098017 -0.703702
v -0.693520 -0.195090 -0.693520
v -0.676659 -0.290285 -0.676659
v -0.653281 -0.382683 -0.653281
v -0.623612 -0.471397 -0.623612
v -0.587938 -0.555570 -0.587938
v -0.546601 -0.634393 -0.546601
v -0.500000 -0.707107 -0.500000
v -0.448584 -0.773010 -0.448584
v -0.392848 -0.831470 -0.392848
v -0.333328 -0.881921 -0.333328
v -0.270598 -0.923880 -0.270598
v -0.205262 -0.956940 -0.205262
v -0.137950 -0.980785 -0.137950
v -0.069309 -0.995185 -0.069309
v -0.062181 0.995185 -0.075768
v -0.123764 0.980785 -0.150807
v -0.184155 0.956940 -0.224393
v -0.242772 0.923880 -0.295818
v -0.299051 0.881921 -0.364394
v -0.352450 0.831470 -0.429462
v -0.402455 0.773010 -0.490393
v -0.448584 0.707107 -0.546601
v -0.490393 0.634393 -0.597545
v -0.527479 0.555570 -0.642735
v -0.559485 0.471397 -0.681734
v -0.586102 0.382683 -0.714168
v -0.607076 0.290285 -0.739725
v -0.622203 0.195090 -0.758157
v -0.631338 0.098017 -0.769288
v -0.634393 0.000000 -0.773010
v -0.631338 -0.098017 -0.769288
v -0.622203 -0.195090 -0.758157
v -0.607076 -0.290285 -0.739725
v -0.586102 -0.382683 -0.714168
v -0.559485 -0.471397 -0.681734
v -0.527479 -0.555570 -0.642735
v -0.490393 -0.634393 -0.597545
v -0.448584 -0.707107 -0.546601
v -0.402455 -0.773010 -0.490393
v -0.352450 -0.831470 -0.429462
v -0.299051 -0.881921 -0.364394
v -0.242772 -0.923880 -0.295818
v -0.184155 -0.956940 -0.224393
v -0.123764 -0.980785 -0.150807
v -0.062181 -0.995185 -0.075768
v -0.054455 0.995185 -0.081498
v -0.108386 0.980785 -0.162212
v -0.161274 0.956940 -0.241363
v -0.212607 0.923880 -0.318189
v -0.261894 0.881921 -0.391952
v -0.308659 0.831470 -0.461940
v -0.352450 0.773010 -0.527479
v -0.392847 0.707107 -0.587938
v -0.429461 0.634393 -0.642734
v -0.461940 0.555570 -0.691342
v -0.489969 0.471397 -0.733290
v -0.513280 0.382683 -0.768177
v -0.531647 0.290285 -0.795667
v -0.544895 0.195090 -0.815493
v -0.552895 0.098017 -0.827466
v -0.555570 0.000000 -0.831469
v -0.552895 -0.098017 -0.827466
v -0.544895 -0.195090 -0.815493
v -0.531647 -0.290285 -0.795667
v -0.513280 -0.382683 -0.768177
v -0.489969 -0.471397 -0.733290
v -0.461940 -0.555570 -0.691342
v -0.429461 -0.634393 -0.642734
v -0.392847 -0.707107 -0.587938
v -0.352450 -0.773010 -0.527479
v -0.308659 -0.831470 -0.461940
v -0.261894 -0.881921 -0.391952
v -0.212607 -0.923880 -0.318189
v -0.161274 -0.956940 -0.241363
v -0.108386 -0.980785 -0.162212
v -0.054455 -0.995185 -0.081498
v -0.046205 0.995185 -0.086443
v -0.091965 0.980785 -0.172054
v -0.136839 0.956940 -0.256008
v -0.180396 0.923880 -0.337496
v -0.222215 0.881921 -0.415735
v -0.261894 0.831470 -0.489970
v -0.299051 0.773010 -0.559485
v -0.333328 0.707107 -0.623612
v -0.364395 0.634393 -0.681734
v -0.391952 0.555570 -0.733291
v -0.415735 0.471397 -0.777785
v -0.435513 0.382683 -0.814789
v -0.451098 0.290285 -0.843946
v -0.462339 0.195090 -0.864975
v -0.469127 0.098017 -0.877674
v -0.471396 0.000000 -0.881921
v -0.469127 -0.098017 -0.877674
v -0.462339 -0.195090 -0.864975
v -0.451098 -0.290285 -0.843946
v -0.435513 -0.382683 -0.814789
v -0.415735 -0.471397 -0.777785
v -0.391952 -0.555570 -0.733291
v -0.364395 -0.634393 -0.681734
v -0.333328 -0.707107 -0.623612
v -0.299051 -0.773010 -0.559485
v -0.261894 -0.831470 -0.489970
v -0.222215 -0.881921 -0.415735
v -0.180396 -0.923880 -0.337496
v -0.136839 -0.956940 -0.256008
v -0.091965 -0.980785 -0.172054
v -0.046205 -0.995185 -0.086443
v -0.037509 0.995185 -0.090556
v -0.074658 0.980785 -0.180240
v -0.111087 0.956940 -0.268188
v -0.146446 0.923880 -0.353553
v -0.180396 0.881921 -0.435514
v -0.212608 0.831470 -0.513280
v -0.242772 0.773010 -0.586103
v -0.270598 0.707107 -0.653281
v -0.295818 0.634393 -0.714168
v -0.318190 0.555570 -0.768178
v -0.337496 0.471397 -0.814789
v -0.353553 0.382683 -0.853553
v -0.366205 0.290285 -0.884098
v -0.375330 0.195090 -0.906127
v -0.380840 0.098017 -0.919430
v -0.382683 0.000000 -0.923879
v -0.380840 -0.098017 -0.919430
v -0.375330 -0.195090 -0.906127
v -0.366205 -0.290285 -0.884098
v -0.353553 -0.382683 -0.853553
v -0.337496 -0.471397 -0.814789
v -0.318190 -0.555570 -0.768178
v -0.295818 -0.634393 -0.714168
v -0.270598 -0.707107 -0.653281
v -0.242772 -0.773010 -0.586103
v -0.212608 -0.831470 -0.513280
v -0.180396 -0.881921 -0.435514
v -0.146446 -0.923880 -0.353553
v -0.111087 -0.956940 -0.268188
v -0.074658 -0.980785 -0.180240
v -0.037509 -0.995185 -0.090556
v -0.028453 0.995185 -0.093796
v -0.056632 0.980785 -0.186690
v -0.084265 0.956940 -0.277785
v -0.111087 0.923880 -0.366205
v -0.136839 0.881921 -0.451098
v -0.161274 0.831470 -0.531648
v -0.184155 0.773010 -0.607076
v -0.205262 0.707107 -0.676659
v -0.224393 0.634393 -0.739724
v -0.241363 0.555570 -0.795667
v -0.256008 0.471397 -0.843946
v -0.268188 0.382683 -0.884097
v -0.277785 0.290285 -0.915735
v -0.284707 0.195090 -0.938553
v -0.288887 0.098017 -0.952332
v -0.290284 0.000000 -0.956940
v -0.288887 -0.098017 -0.952332
v -0.284707 -0.195090 -0.938553
v -0.277785 -0.290285 -0.915735
v -0.268188 -0.382683 -0.884097
v -0.256008 -0.471397 -0.843946
v -0.241363 -0.555570 -0.795667
v -0.224393 -0.634393 -0.739724
v -0.205262 -0.707107 -0.676659
v -0.184155 -0.773010 -0.607076
v -0.161274 -0.831470 -0.531648
v -0.136839 -0.881921 -0.451098
v -0.111087 -0.923880 -0.366205
v -0.084265 -0.956940 -0.277785
v -0.056632 -0.980785 -0.186690
v -0.028453 -0.995185 -0.093796
v -0.019122 0.995185 -0.096134
v -0.038060 0.980785 -0.191342
v -0.056632 0.956940 -0.284707
v -0.074658 0.923880 -0.375330
v -0.091965 0.881921 -0.462339
v -0.108386 0.831470 -0.544896
v -0.123764 0.773010 -0.622204
v -0.137950 0.707107 -0.693520
v -0.150807 0.634393 -0.758157
v -0.162212 0.555570 -0.815493
v -0.172054 0.471397 -0.864975
v -0.180240 0.382683 -0.906127
v -0.186690 0.290285 -0.938553
v -0.191342 0.195090 -0.961940
v -0.194151 0.098017 -0.976062
v -0.195090 0.000000 -0.980785
v -0.194151 -0.098017 -0.976062
v -0.191342 -0.195090 -0.961940
v -0.186690 -0.290285 -0.938553
v -0.180240 -0.382683 -0.906127
v -0.172054 -0.471397 -0.864975
v -0.162212 -0.555570 -0.815493
v -0.150807 -0.634393 -0.758157
v -0.137950 -0.707107 -0.693520
v -0.123764 -0.773010 -0.622204
v -0.108386 -0.831470 -0.544896
v -0.091965 -0.881921 -0.462339
v -0.074658 -0.923880 -0.375330
v -0.056632 -0.956940 -0.284707
v -0.038060 -0.980785 -0.191342
v -0.019122 -0.995185 -0.096134
v -0.009607 0.995185 -0.097545
v -0.019122 0.980785 -0.194151
v -0.028453 0.956940 -0.288887
v -0.037509 0.923880 -0.380840
v -0.046205 0.881921 -0.469127
v -0.054455 0.831470 -0.552896
v -0.062181 0.773010 -0.631338
v -0.069308 0.707107 -0.703702
v -0.075768 0.634393 -0.769288
v -0.081499 0.555570 -0.827466
v -0.086443 0.471397 -0.877674
v -0.090556 0.382683 -0.919430
v -0.093796 0.290285 -0.952332
v -0.096134 0.195090 -0.976062
v -0.097545 0.098017 -0.990392
v -0.098017 0.000000 -0.995184
v -0.097545 -0.098017 -0.990392
v -0.096134 -0.195090 -0.976062
v -0.093796 -0.290285 -0.952332
v -0.090556 -0.382683 -0.919430
v -0.086443 -0.471397 -0.877674
v -0.081499 -0.555570 -0.827466
v -0.075768 -0.634393 -0.769288
v -0.069308 -0.707107 -0.703702
v -0.062181 -0.773010 -0.631338
v -0.054455 -0.831470 -0.552896
v -0.046205 -0.881921 -0.469127
v -0.037509 -0.923880 -0.380840
v -0.028453 -0.956940 -0.288887
v -0.019122 -0.980785 -0.194151
v -0.009607 -0.995185 -0.097545
v 0.000000 0.923880 -0.382683
v -0.000000 0.831470 -0.555571
v -0.000000 0.773010 -0.634393
v 0.000000 0.707107 -0.707106
v -0.000000 0.634393 -0.773010
v -0.000000 0.555570 -0.831470
v 0.000000 0.195090 -0.980785
v 0.000000 -0.195090 -0.980785
v -0.000000 -0.555570 -0.831470
v -0.000000 -0.634393 -0.773010
v 0.000000 -0.707107 -0.707106
v -0.000000 -0.773010 -0.634393
v -0.000000 -0.831470 -0.555571
v 0.000000 -0.881921 -0.471396
v 0.000000 -0.923880 -0.382683
v 0.000000 -0.980785 -0.195090
vn -0.0000 0.9950 -0.0995
vn -0.0000 0.9805 -0.1966
vn -0.0000 0.9565 -0.2917
vn -0.0000 0.8813 -0.4726
vn -0.0000 0.4708 -0.8823
vn -0.0000 0.3821 -0.9241
vn -0.0000 0.2899 -0.9571
vn -0.0000 0.0979 -0.9952
vn -0.0000 -0.0000 -1.0000
vn -0.0000 -0.0979 -0.9952
vn -0.0000 -0.2899 -0.9571
vn -0.0000 -0.3821 -0.9241
vn -0.0000 -0.4708 -0.8823
vn -0.0000 -0.9565 -0.2917
vn -0.0000 -0.9950 -0.0995
vn 0.0098 0.9950 -0.0991
vn 0.0193 0.9805 -0.1956
vn 0.0286 0.9565 -0.2903
vn 0.0376 0.9233 -0.3821
vn 0.0463 0.8813 -0.4703
vn 0.0546 0.8308 -0.5539
vn 0.0623 0.7723 -0.6322
vn 0.0694 0.7063 -0.7045
vn 0.0758 0.6336 -0.7699
vn 0.0815 0.5549 -0.8279
vn 0.0865 0.4708 -0.8780
vn 0.0906 0.3821 -0.9197
vn 0.0938 0.2899 -0.9525
vn 0.0961 0.1948 -0.9761
vn 0.0975 0.0979 -0.9904
vn 0.0980 -0.0000 -0.9952
vn 0.0975 -0.0979 -0.9904
vn 0.0961 -0.1948 -0.9761
vn 0.0938 -0.2899 -0.9525
vn 0.0906 -0.3821 -0.9197
vn 0.0865 -0.4708 -0.8780
vn 0.0815 -0.5549 -0.8279
vn 0.0758 -0.6336 -0.7699
vn 0.0694 -0.7063 -0.7045
vn 0.0623 -0.7723 -0.6322
vn 0.0546 -0.8308 -0.5539
vn 0.0463 -0.8813 -0.4703
vn 0.0376 -0.9233 -0.3821
vn 0.0286 -0.9565 -0.2903
vn 0.0193 -0.9805 -0.1956
vn 0.0098 -0.9950 -0.0991
vn 0.0194 0.9950 -0.0976
vn 0.0383 0.9805 -0.1928
vn 0.0569 0.9565 -0.2861
vn 0.0749 0.9233 -0.3766
vn 0.0922 0.8813 -0.4635
vn 0.1086 0.8308 -0.5459
vn 0.1239 0.7723 -0.6231
vn 0.1381 0.7063 -0.6943
vn 0.1509 0.6336 -0.7588
vn 0.1623 0.5549 -0.8160
vn 0.1721 0.4708 -0.8653
vn 0.1803 0.3821 -0.9063
vn 0.1867 0.2899 -0.9387
vn 0.1914 0.1948 -0.9620
vn 0.1942 0.0979 -0.9761
vn 0.1951 -0.0000 -0.9808
vn 0.1942 -0.0979 -0.9761
vn 0.1914 -0.1948 -0.9620
vn 0.1867 -0.2899 -0.9387
vn 0.1803 -0.3821 -0.9063
vn 0.1721 -0.4708 -0.8653
vn 0.1623 -0.5549 -0.8160
vn 0.1509 -0.6336 -0.7588
vn 0.1381 -0.7063 -0.6943
vn 0.1239 -0.7723 -0.6231
vn 0.1086 -0.8308 -0.5459
vn 0.0922 -0.8813 -0.4635
vn 0.0749 -0.9233 -0.3766
vn 0.0569 -0.9565 -0.2861
vn 0.0383 -0.9805 -0.1928
vn 0.0194 -0.9950 -0.0976
vn 0.0289 0.9950 -0.0952
vn 0.0571 0.9805 -0.1881
vn 0.0847 0.9565 -0.2791
vn 0.1115 0.9233 -0.3675
vn 0.1372 0.8813 -0.4522
vn 0.1616 0.8308 -0.5327
vn 0.1844 0.7723 -0.6080
vn 0.2055 0.7063 -0.6774
vn 0.2246 0.6336 -0.7403
vn 0.2415 0.5549 -0.7961
vn 0.2561 0.4708 -0.8443
vn 0.2683 0.3821 -0.8843
vn 0.2778 0.2899 -0.9159
vn 0.2847 0.1948 -0.9386
vn 0.2889 0.0979 -0.9523
vn 0.2903 -0.0000 -0.9569
vn 0.2889 -0.0979 -0.9523
vn 0.2847 -0.1948 -0.9386
vn 0.2778 -0.2899 -0.9159
vn 0.2683 -0.3821 -0.8843
vn 0.2561 -0.4708 -0.8443
vn 0.2415 -0.5549 -0.7961
vn 0.2246 -0.6336 -0.7403
vn 0.2055 -0.7063 -0.6774
vn 0.1844 -0.7723 -0.6080
vn 0.1616 -0.8308 -0.5327
vn 0.1372 -0.8813 -0.4522
vn 0.1115 -0.9233 -0.3675
vn 0.0847 -0.9565 -0.2791
vn 0.0571 -0.9805 -0.1881
vn 0.0289 -0.9950 -0.0952
vn 0.0381 0.9950 -0.0920
vn 0.0752 0.9805 -0.1816
vn 0.1116 0.9565 -0.2695
vn 0.1469 0.9233 -0.3548
vn 0.1809 0.8813 -0.4366
vn 0.2130 0.8308 -0.5143
vn 0.2431 0.7723 -0.5869
vn 0.2709 0.7063 -0.6540
vn 0.2961 0.6336 -0.7147
vn 0.3184 0.5549 -0.7686
vn 0.3376 0.4708 -0.8151
vn 0.3536 0.3821 -0.8538
vn 0.3663 0.2899 -0.8842
vn 0.3754 0.1948 -0.9062
vn 0.3808 0.0979 -0.9194
vn 0.3827 -0.0000 -0.9239
vn 0.3808 -0.0979 -0.9194
vn 0.3754 -0.1948 -0.9062
vn 0.3663 -0.2899 -0.8842
vn 0.3536 -0.3821 -0.8538
vn 0.3376 -0.4708 -0.8151
vn 0.3184 -0.5549 -0.7686
vn 0.2961 -0.6336 -0.7147
vn 0.2709 -0.7063 -0.6540
vn 0.2431 -0.7723 -0.5869
vn 0.2130 -0.8308 -0.5143
vn 0.1809 -0.8813 -0.4366
vn 0.1469 -0.9233 -0.3548
vn 0.1116 -0.9565 -0.2695
vn 0.0752 -0.9805 -0.1816
vn 0.0381 -0.9950 -0.0920
vn 0.0469 0.9950 -0.0878
vn 0.0927 0.9805 -0.1734
vn 0.1375 0.9565 -0.2572
vn 0.1810 0.9233 -0.3386
vn 0.2228 0.8813 -0.4168
vn 0.2624 0.8308 -0.4909
vn 0.2995 0.7723 -0.5603
vn 0.3337 0.7063 -0.6243
vn 0.3647 0.6336 -0.6823
vn 0.3922 0.5549 -0.7337
vn 0.4159 0.4708 -0.7781
vn 0.4356 0.3821 -0.8150
vn 0.4512 0.2899 -0.8441
vn 0.4624 0.1948 -0.8650
vn 0.4691 0.0979 -0.8777
vn 0.4714 -0.0000 -0.8819
vn 0.4691 -0.0979 -0.8777
vn 0.4624 -0.1948 -0.8650
vn 0.4512 -0.2899 -0.8441
vn 0.4356 -0.3821 -0.8150
vn 0.4159 -0.4708 -0.7781
vn 0.3922 -0.5549 -0.7337
vn 0.3647 -0.6336 -0.6823
vn 0.3337 -0.7063 -0.6243
vn 0.2995 -0.7723 -0.5603
vn 0.2624 -0.8308 -0.4909
vn 0.2228 -0.8813 -0.4168
vn 0.1810 -0.9233 -0.3386
vn 0.1375 -0.9565 -0.2572
vn 0.0927 -0.9805 -0.1734
vn 0.0469 -0.9950 -0.0878
vn 0.0553 0.9950 -0.0828
vn 0.1092 0.9805 -0.1634
vn 0.1621 0.9565 -0.2425
vn 0.2133 0.9233 -0.3193
vn 0.2626 0.8813 -0.3929
vn 0.3092 0.8308 -0.4628
vn 0.3530 0.7723 -0.5282
vn 0.3933 0.7063 -0.5886
vn 0.4298 0.6336 -0.6432
vn 0.4622 0.5549 -0.6917
vn 0.4902 0.4708 -0.7336
vn 0.5134 0.3821 -0.7684
vn 0.5317 0.2899 -0.7958
vn 0.5449 0.1948 -0.8155
vn 0.5529 0.0979 -0.8275
vn 0.5556 -0.0000 -0.8315
vn 0.5529 -0.0979 -0.8275
vn 0.5449 -0.1948 -0.8155
vn 0.5317 -0.2899 -0.7958
vn 0.5134 -0.3821 -0.7684
vn 0.4902 -0.4708 -0.7336
vn 0.4622 -0.5549 -0.6917
vn 0.4298 -0.6336 -0.6432
vn 0.3933 -0.7063 -0.5886
vn 0.3530 -0.7723 -0.5282
vn 0.3092 -0.8308 -0.4628
vn 0.2626 -0.8813 -0.3929
vn 0.2133 -0.9233 -0.3193
vn 0.1621 -0.9565 -0.2425
vn 0.1092 -0.9805 -0.1634
vn 0.0553 -0.9950 -0.0828
vn 0.0631 0.9950 -0.0769
vn 0.1247 0.9805 -0.1519
vn 0.1850 0.9565 -0.2255
vn 0.2436 0.9233 -0.2968
vn 0.2998 0.8813 -0.3653
vn 0.3531 0.8308 -0.4303
vn 0.4030 0.7723 -0.4911
vn 0.4491 0.7063 -0.5472
vn 0.4908 0.6336 -0.5980
vn 0.5278 0.5549 -0.6431
vn 0.5597 0.4708 -0.6820
vn 0.5862 0.3821 -0.7143
vn 0.6072 0.2899 -0.7398
vn 0.6222 0.1948 -0.7582
vn 0.6313 0.0979 -0.7693
vn 0.6344 -0.0000 -0.7730
vn 0.6313 -0.0979 -0.7693
vn 0.6222 -0.1948 -0.7582
vn 0.6072 -0.2899 -0.7398
vn 0.5862 -0.3821 -0.7143
vn 0.5597 -0.4708 -0.6820
vn 0.5278 -0.5549 -0.6431
vn 0.4908 -0.6336 -0.5980
vn 0.4491 -0.7063 -0.5472
vn 0.4030 -0.7723 -0.4911
vn 0.3531 -0.8308 -0.4303
vn 0.2998 -0.8813 -0.3653
vn 0.2436 -0.9233 -0.2968
vn 0.1850 -0.9565 -0.2255
vn 0.1247 -0.9805 -0.1519
vn 0.0631 -0.9950 -0.0769
vn 0.0704 0.9950 -0.0704
vn 0.1390 0.9805 -0.1390
vn 0.2063 0.9565 -0.2063
vn 0.2715 0.9233 -0.2715
vn 0.3342 0.8813 -0.3342
vn 0.3936 0.8308 -0.3936
vn 0.4492 0.7723 -0.4492
vn 0.5005 0.7063 -0.5005
vn 0.5470 0.6336 -0.5470
vn 0.5883 0.5549 -0.5883
vn 0.6239 0.4708 -0.6239
vn 0.6534 0.3821 -0.6534
vn 0.6767 0.2899 -0.6768
vn 0.6936 0.1948 -0.6936
vn 0.7037 0.0979 -0.7037
vn 0.7071 -0.0000 -0.7071
vn 0.7037 -0.0979 -0.7037
vn 0.6936 -0.1948 -0.6936
vn 0.6767 -0.2899 -0.6768
vn 0.6534 -0.3821 -0.6534
vn 0.6239 -0.4708 -0.6239
vn 0.5883 -0.5549 -0.5883
vn 0.5470 -0.6336 -0.5470
vn 0.5005 -0.7063 -0.5005
vn 0.4492 -0.7723 -0.4492
vn 0.3936 -0.8308 -0.3936
vn 0.3342 -0.8813 -0.3342
vn 0.2715 -0.9233 -0.2715
vn 0.2063 -0.9565 -0.2063
vn 0.1390 -0.9805 -0.1390
vn 0.0704 -0.9950 -0.0704
vn 0.0769 0.9950 -0.0631
vn 0.1519 0.9805 -0.1247
vn 0.2255 0.9565 -0.1850
vn 0.2968 0.9233 -0.2436
vn 0.3653 0.8813 -0.2998
vn 0.4303 0.8308 -0.3531
vn 0.4911 0.7723 -0.4030
vn 0.5472 0.7063 -0.4491
vn 0.5980 0.6336 -0.4908
vn 0.6431 0.5549 -0.5278
vn 0.6820 0.4708 -0.5597
vn 0.7143 0.3821 -0.5862
vn 0.7398 0.2899 -0.6072
vn 0.7582 0.1948 -0.6222
vn 0.7693 0.0979 -0.6313
vn 0.7730 -0.0000 -0.6344
vn 0.7693 -0.0979 -0.6313
vn 0.7582 -0.1948 -0.6222
vn 0.7398 -0.2899 -0.6072
vn 0.7143 -0.3821 -0.5862
vn 0.6820 -0.4708 -0.5597
vn 0.6431 -0.5549 -0.5278
vn 0.5980 -0.6336 -0.4908
vn 0.5472 -0.7063 -0.4491
vn 0.4911 -0.7723 -0.4030
vn 0.4303 -0.8308 -0.3531
vn 0.3653 -0.8813 -0.2998
vn 0.2968 -0.9233 -0.2436
vn 0.2255 -0.9565 -0.1850
vn 0.1519 -0.9805 -0.1247
vn 0.0769 -0.9950 -0.0631
vn 0.0828 0.9950 -0.0553
vn 0.1634 0.9805 -0.1092
vn 0.2425 0.9565 -0.1621
vn 0.3193 0.9233 -0.2133
vn 0.3929 0.8813 -0.2626
vn 0.4628 0.8308 -0.3092
vn 0.5282 0.7723 -0.3530
vn 0.5886 0.7063 -0.3933
vn 0.6432 0.6336 -0.4298
vn 0.6917 0.5549 -0.4622
vn 0.7336 0.4708 -0.4902
vn 0.7684 0.3821 -0.5134
vn 0.7958 0.2899 -0.5317
vn 0.8155 0.1948 -0.5449
vn 0.8275 0.0979 -0.5529
vn 0.8315 -0.0000 -0.5556
vn 0.8275 -0.0979 -0.5529
vn 0.8155 -0.1948 -0.5449
vn 0.7958 -0.2899 -0.5317
vn 0.7684 -0.3821 -0.5134
vn 0.7336 -0.4708 -0.4902
vn 0.6917 -0.5549 -0.4622
vn 0.6432 -0.6336 -0.4298
vn 0.5886 -0.7063 -0.3933
vn 0.5282 -0.7723 -0.3530
vn 0.4628 -0.8308 -0.3092
vn 0.3929 -0.8813 -0.2626
vn 0.3193 -0.9233 -0.2133
vn 0.2425 -0.9565 -0.1621
vn 0.1634 -0.9805 -0.1092
vn 0.0828 -0.9950 -0.0553
vn 0.0878 0.9950 -0.0469
vn 0.1734 0.9805 -0.0927
vn 0.2572 0.9565 -0.1375
vn 0.3386 0.9233 -0.1810
vn 0.4168 0.8813 -0.2228
vn 0.4909 0.8308 -0.2624
vn 0.5603 0.7723 -0.2995
vn 0.6243 0.7063 -0.3337
vn 0.6823 0.6336 -0.3647
vn 0.7337 0.5549 -0.3922
vn 0.7781 0.4708 -0.4159
vn 0.8150 0.3821 -0.4356
vn 0.8441 0.2899 -0.4512
vn 0.8650 0.1948 -0.4624
vn 0.8777 0.0979 -0.4691
vn 0.8819 -0.0000 -0.4714
vn 0.8777 -0.0979 -0.4691
vn 0.8650 -0.1948 -0.4624
vn 0.8441 -0.2899 -0.4512
vn 0.8150 -0.3821 -0.4356
vn 0.7781 -0.4708 -0.4159
vn 0.7337 -0.5549 -0.3922
vn 0.6823 -0.6336 -0.3647
vn 0.6243 -0.7063 -0.3337
vn 0.5603 -0.7723 -0.2995
vn 0.4909 -0.8308 -0.2624
vn 0.4168 -0.8813 -0.2228
vn 0.3386 -0.9233 -0.1810
vn 0.2572 -0.9565 -0.1375
vn 0.1734 -0.9805 -0.0927
vn 0.0878 -0.9950 -0.0469
vn 0.0920 0.9950 -0.0381
vn 0.1816 0.9805 -0.0752
vn 0.2695 0.9565 -0.1116
vn 0.3548 0.9233 -0.1469
vn 0.4366 0.8813 -0.1809
vn 0.5143 0.8308 -0.2130
vn 0.5869 0.7723 -0.2431
vn 0.6540 0.7063 -0.2709
vn 0.7147 0.6336 -0.2961
vn 0.7686 0.5549 -0.3184
vn 0.8151 0.4708 -0.3376
vn 0.8538 0.3821 -0.3536
vn 0.8842 0.2899 -0.3663
vn 0.9062 0.1948 -0.3754
vn 0.9194 0.0979 -0.3808
vn 0.9239 -0.0000 -0.3827
vn 0.9194 -0.0979 -0.3808
vn 0.9062 -0.1948 -0.3754
vn 0.8842 -0.2899 -0.3663
vn 0.8538 -0.3821 -0.3536
vn 0.8151 -0.4708 -0.3376
vn 0.7686 -0.5549 -0.3184
vn 0.7147 -0.6336 -0.2961
vn 0.6540 -0.7063 -0.2709
vn 0.5869 -0.7723 -0.2431
vn 0.5143 -0.8308 -0.2130
vn 0.4366 -0.8813 -0.1809
vn 0.3548 -0.9233 -0.1469
vn 0.2695 -0.9565 -0.1116
vn 0.1816 -0.9805 -0.0752
vn 0.0920 -0.9950 -0.0381
vn 0.0952 0.9950 -0.0289
vn 0.1881 0.9805 -0.0571
vn 0.2791 0.9565 -0.0847
vn 0.3675 0.9233 -0.1115
vn 0.4522 0.8813 -0.1372
vn 0.5327 0.8308 -0.1616
vn 0.6080 0.7723 -0.1844
vn 0.6774 0.7063 -0.2055
vn 0.7403 0.6336 -0.2246
vn 0.7961 0.5549 -0.2415
vn 0.8443 0.4708 -0.2561
vn 0.8843 0.3821 -0.2683
vn 0.9159 0.2899 -0.2778
vn 0.9386 0.1948 -0.2847
vn 0.9523 0.0979 -0.2889
vn 0.9569 -0.0000 -0.2903
vn 0.9523 -0.0979 -0.2889
vn 0.9386 -0.1948 -0.2847
vn 0.9159 -0.2899 -0.2778
vn 0.8843 -0.3821 -0.2683
vn 0.8443 -0.4708 -0.2561
vn 0.7961 -0.5549 -0.2415
vn 0.7403 -0.6336 -0.2246
vn 0.6774 -0.7063 -0.2055
vn 0.6080 -0.7723 -0.1844
vn 0.5327 -0.8308 -0.1616
vn 0.4522 -0.8813 -0.1372
vn 0.3675 -0.9233 -0.1115
vn 0.2791 -0.9565 -0.0847
vn 0.1881 -0.9805 -0.0571
vn 0.0952 -0.9950 -0.0289
vn 0.0976 0.9950 -0.0194
vn 0.1928 0.9805 -0.0383
vn 0.2861 0.9565 -0.0569
vn 0.3766 0.9233 -0.0749
vn 0.4635 0.8813 -0.0922
vn 0.5459 0.8308 -0.1086
vn 0.6231 0.7723 -0.1239
vn 0.6943 0.7063 -0.1381
vn 0.7588 0.6336 -0.1509
vn 0.8160 0.5549 -0.1623
vn 0.8653 0.4708 -0.1721
vn 0.9063 0.3821 -0.1803
vn 0.9387 0.2899 -0.1867
vn 0.9620 0.1948 -0.1914
vn 0.9761 0.0979 -0.1942
vn 0.9808 -0.0000 -0.1951
vn 0.9761 -0.0979 -0.1942
vn 0.9620 -0.1948 -0.1914
vn 0.9387 -0.2899 -0.1867
vn 0.9063 -0.3821 -0.1803
vn 0.8653 -0.4708 -0.1721
vn 0.8160 -0.5549 -0.1623
vn 0.7588 -0.6336 -0.1509
vn 0.6943 -0.7063 -0.1381
vn 0.6231 -0.7723 -0.1239
vn 0.5459 -0.8308 -0.1086
vn 0.4635 -0.8813 -0.0922
vn 0.3766 -0.9233 -0.0749
vn 0.2861 -0.9565 -0.0569
vn 0.1928 -0.9805 -0.0383
vn 0.0976 -0.9950 -0.0194
vn 0.0991 0.9950 -0.0098
vn 0.1956 0.9805 -0.0193
vn 0.2903 0.9565 -0.0286
vn 0.3821 0.9233 -0.0376
vn 0.4703 0.8813 -0.0463
vn 0.5539 0.8308 -0.0546
vn 0.6322 0.7723 -0.0623
vn 0.7045 0.7063 -0.0694
vn 0.7699 0.6336 -0.0758
vn 0.8279 0.5549 -0.0815
vn 0.8780 0.4708 -0.0865
vn 0.9197 0.3821 -0.0906
vn 0.9525 0.2899 -0.0938
vn 0.9761 0.1948 -0.0961
vn 0.9904 0.0979 -0.0975
vn 0.9952 -0.0000 -0.0980
vn 0.9904 -0.0979 -0.0975
vn 0.9761 -0.1948 -0.0961
vn 0.9525 -0.2899 -0.0938
vn 0.9197 -0.3821 -0.0906
vn 0.8780 -0.4708 -0.0865
vn 0.8279 -0.5549 -0.0815
vn 0.7699 -0.6336 -0.0758
vn 0.7045 -0.7063 -0.0694
vn 0.6322 -0.7723 -0.0623
vn 0.5539 -0.8308 -0.0546
vn 0.4703 -0.8813 -0.0463
vn 0.3821 -0.9233 -0.0376
vn 0.2903 -0.9565 -0.0286
vn 0.1956 -0.9805 -0.0193
vn 0.0991 -0.9950 -0.0098
vn 0.0995 0.9950 -0.0000
vn 0.1966 0.9805 -0.0000
vn 0.2917 0.9565 -0.0000
vn 0.3840 0.9233 -0.0000
vn 0.4726 0.8813 -0.0000
vn 0.5566 0.8308 -0.0000
vn 0.6353 0.7723 -0.0000
vn 0.7079 0.7063 -0.0000
vn 0.7736 0.6336 -0.0000
vn 0.8319 0.5549 -0.0000
vn 0.8823 0.4708 -0.0000
vn 0.9241 0.3821 -0.0000
vn 0.9571 0.2899 -0.0000
vn 0.9808 0.1948 -0.0000
vn 0.9952 0.0979 -0.0000
vn 1.0000 -0.0000 -0.0000
vn 0.9952 -0.0979 -0.0000
vn 0.9808 -0.1948 -0.0000
vn 0.9571 -0.2899 -0.0000
vn 0.9241 -0.3821 -0.0000
vn 0.8823 -0.4708 -0.0000
vn 0.8319 -0.5549 -0.0000
vn 0.7736 -0.6336 -0.0000
vn 0.7079 -0.7063 -0.0000
vn 0.6353 -0.7723 -0.0000
vn 0.5566 -0.8308 -0.0000
vn 0.4726 -0.8813 -0.0000
vn 0.3840 -0.9233 -0.0000
vn 0.2917 -0.9565 -0.0000
vn 0.1966 -0.9805 -0.0000
vn 0.0995 -0.9950 -0.0000
vn 0.0991 0.9950 0.0098
vn 0.1956 0.9805 0.0193
vn 0.2903 0.9565 0.0286
vn 0.3821 0.9233 0.0376
vn 0.4703 0.8813 0.0463
vn 0.5539 0.8308 0.0546
vn 0.6322 0.7723 0.0623
vn 0.7045 0.7063 0.0694
vn 0.7699 0.6336 0.0758
vn 0.8279 0.5549 0.0815
vn 0.8780 0.4708 0.0865
vn 0.9197 0.3821 0.0906
vn 0.9525 0.2899 0.0938
vn 0.9761 0.1948 0.0961
vn 0.9904 0.0979 0.0975
vn 0.9952 -0.0000 0.0980
vn 0.9904 -0.0979 0.0975
vn 0.9761 -0.1948 0.0961
vn 0.9525 -0.2899 0.0938
vn 0.9197 -0.3821 0.0906
vn 0.8780 -0.4708 0.0865
vn 0.8279 -0.5549 0.0815
vn 0.7699 -0.6336 0.0758
vn 0.7045 -0.7063 0.0694
vn 0.6322 -0.7723 0.0623
vn 0.5539 -0.8308 0.0546
vn 0.4703 -0.8813 0.0463
vn 0.3821 -0.9233 0.0376
vn 0.2903 -0.9565 0.0286
vn 0.1956 -0.9805 0.0193
vn 0.0991 -0.9950 0.0098
vn 0.0976 0.9950 0.0194
vn 0.1928 0.9805 0.0383
vn 0.2861 0.9565 0.0569
vn 0.3766 0.9233 0.0749
vn 0.4635 0.8813 0.0922
vn 0.5459 0.8308 0.1086
vn 0.6231 0.7723 0.1239
vn 0.6943 0.7063 0.1381
vn 0.7588 0.6336 0.1509
vn 0.8160 0.5549 0.1623
vn 0.8653 0.4708 0.1721
vn 0.9063 0.3821 0.1803
vn 0.9387 0.2899 0.1867
vn 0.9620 0.1948 0.1914
vn 0.9761 0.0979 0.1942
vn 0.9808 -0.0000 0.1951
vn 0.9761 -0.0979 0.1942
vn 0.9620 -0.1948 0.1914
vn 0.9387 -0.2899 0.1867
vn 0.9063 -0.3821 0.1803
vn 0.8653 -0.4708 0.1721
vn 0.8160 -0.5549 0.1623
vn 0.7588 -0.6336 0.1509
vn 0.6943 -0.7063 0.1381
vn 0.6231 -0.7723 0.1239
vn 0.5459 -0.8308 0.1086
vn 0.4635 -0.8813 0.0922
vn 0.3766 -0.9233 0.0749
vn 0.2861 -0.9565 0.0569
vn 0.1928 -0.9805 0.0383
vn 0.0976 -0.9950 0.0194
vn 0.0953 0.9950 0.0289
vn 0.1881 0.9805 0.0571
vn 0.2791 0.9565 0.0847
vn 0.3675 0.9233 0.1115
vn 0.4522 0.8813 0.1372
vn 0.5327 0.8308 0.1616
vn 0.6080 0.7723 0.1844
vn 0.6774 0.7063 0.2055
vn 0.7403 0.6336 0.2246
vn 0.7961 0.5549 0.2415
vn 0.8443 0.4708 0.2561
vn 0.8843 0.3821 0.2683
vn 0.9159 0.2899 0.2778
vn 0.9386 0.1948 0.2847
vn 0.9523 0.0979 0.2889
vn 0.9569 -0.0000 0.2903
vn 0.9523 -0.0979 0.2889
vn 0.9386 -0.1948 0.2847
vn 0.9159 -0.2899 0.2778
vn 0.8843 -0.3821 0.2683
vn 0.8443 -0.4708 0.2561
vn 0.7961 -0.5549 0.2415
vn 0.7403 -0.6336 0.2246
vn 0.6774 -0.7063 0.2055
vn 0.6080 -0.7723 0.1844
vn 0.5327 -0.8308 0.1616
vn 0.4522 -0.8813 0.1372
vn 0.3675 -0.9233 0.1115
vn 0.2791 -0.9565 0.0847
vn 0.1881 -0.9805 0.0571
vn 0.0952 -0.9950 0.0289
vn 0.0920 0.9950 0.0381
vn 0.1816 0.9805 0.0752
vn 0.2695 0.9565 0.1116
vn 0.3548 0.9233 0.1469
vn 0.4366 0.8813 0.1809
vn 0.5143 0.8308 0.2130
vn 0.5869 0.7723 0.2431
vn 0.6540 0.7063 0.2709
vn 0.7147 0.6336 0.2961
vn 0.7686 0.5549 0.3184
vn 0.8151 0.4708 0.3376
vn 0.8538 0.3821 0.3536
vn 0.8842 0.2899 0.3663
vn 0.9062 0.1948 0.3754
vn 0.9194 0.0979 0.3808
vn 0.9239 -0.0000 0.3827
vn 0.9194 -0.0979 0.3808
vn 0.9062 -0.1948 0.3754
vn 0.8842 -0.2899 0.3663
vn 0.8538 -0.3821 0.3536
vn 0.8151 -0.4708 0.3376
vn 0.7686 -0.5549 0.3184
vn 0.7147 -0.6336 0.2961
vn 0.6540 -0.7063 0.2709
vn 0.5869 -0.7723 0.2431
vn 0.5143 -0.8308 0.2130
vn 0.4366 -0.8813 0.1809
vn 0.3548 -0.9233 0.1469
vn 0.2695 -0.9565 0.1116
vn 0.1816 -0.9805 0.0752
vn 0.0920 -0.9950 0.0381
vn 0.0878 0.9950 0.0469
vn 0.1734 0.9805 0.0927
vn 0.2572 0.9565 0.1375
vn 0.3386 0.9233 0.1810
vn 0.4168 0.8813 0.2228
vn 0.4909 0.8308 0.2624
vn 0.5603 0.7723 0.2995
vn 0.6243 0.7063 0.3337
vn 0.6823 0.6336 0.3647
vn 0.7337 0.5549 0.3922
vn 0.7781 0.4708 0.4159
vn 0.8150 0.3821 0.4356
vn 0.8441 0.2899 0.4512
vn 0.8650 0.1948 0.4624
vn 0.8777 0.0979 0.4691
vn 0.8819 -0.0000 0.4714
vn 0.8777 -0.0979 0.4691
vn 0.8650 -0.1948 0.4624
vn 0.8441 -0.2899 0.4512
vn 0.8150 -0.3821 0.4356
vn 0.7781 -0.4708 0.4159
vn 0.7337 -0.5549 0.3922
vn 0.6823 -0.6336 0.3647
vn 0.6243 -0.7063 0.3337
vn 0.5603 -0.7723 0.2995
vn 0.4909 -0.8308 0.2624
vn 0.4168 -0.8813 0.2228
vn 0.3386 -0.9233 0.1810
vn 0.2572 -0.9565 0.1375
vn 0.1734 -0.9805 0.0927
vn 0.0878 -0.9950 0.0469
vn 0.0828 0.9950 0.0553
vn 0.1634 0.9805 0.1092
vn 0.2425 0.9565 0.1621
vn 0.3193 0.9233 0.2133
vn 0.3929 0.8813 0.2626
vn 0.4628 0.8308 0.3092
vn 0.5282 0.7723 0.3530
vn 0.5886 0.7063 0.3933
vn 0.6432 0.6336 0.4298
vn 0.6917 0.5549 0.4622
vn 0.7336 0.4708 0.4902
vn 0.7684 0.3821 0.5134
vn 0.7958 0.2899 0.5317
vn 0.8155 0.1948 0.5449
vn 0.8275 0.0979 0.5529
vn 0.8315 -0.0000 0.5556
vn 0.8275 -0.0979 0.5529
vn 0.8155 -0.1948 0.5449
vn 0.7958 -0.2899 0.5317
vn 0.7684 -0.3821 0.5134
vn 0.7336 -0.4708 0.4902
vn 0.6917 -0.5549 0.4622
vn 0.6432 -0.6336 0.4298
vn 0.5886 -0.7063 0.3933
vn 0.5282 -0.7723 0.3530
vn 0.4628 -0.8308 0.3092
vn 0.3929 -0.8813 0.2626
vn 0.3193 -0.9233 0.2133
vn 0.2425 -0.9565 0.1621
vn 0.1634 -0.9805 0.1092
vn 0.0828 -0.9950 0.0553
vn 0.0769 0.9950 0.0631
vn 0.1519 0.9805 0.1247
vn 0.2255 0.9565 0.1850
vn 0.2968 0.9233 0.2436
vn 0.3653 0.8813 0.2998
vn 0.4303 0.8308 0.3531
vn 0.4911 0.7723 0.4030
vn 0.5472 0.7063 0.4491
vn 0.5980 0.6336 0.4908
vn 0.6431 0.5549 0.5278
vn 0.6820 0.4708 0.5597
vn 0.7143 0.3821 0.5862
vn 0.7398 0.2899 0.6072
vn 0.7582 0.1948 0.6222
vn 0.7693 0.0979 0.6313
vn 0.7730 -0.0000 0.6344
vn 0.7693 -0.0979 0.6313
vn 0.7582 -0.1948 0.6222
vn 0.7398 -0.2899 0.6072
vn 0.7143 -0.3821 0.5862
vn 0.6820 -0.4708 0.5597
vn 0.6431 -0.5549 0.5278
vn 0.5980 -0.6336 0.4908
vn 0.5472 -0.7063 0.4491
vn 0.4911 -0.7723 0.4030
vn 0.4303 -0.8308 0.3531
vn 0.3653 -0.8813 0.2998
vn 0.2968 -0.9233 0.2436
vn 0.2255 -0.9565 0.1850
vn 0.1519 -0.9805 0.1247
vn 0.0769 -0.9950 0.0631
vn 0.0704 0.9950 0.0704
vn 0.1390 0.9805 0.1390
vn 0.2063 0.9565 0.2063
vn 0.2715 0.9233 0.2715
vn 0.3342 0.8813 0.3342
vn 0.3936 0.8308 0.3936
vn 0.4492 0.7723 0.4492
vn 0.5005 0.7063 0.5005
vn 0.5470 0.6336 0.5470
vn 0.5883 0.5549 0.5883
vn 0.6239 0.4708 0.6239
vn 0.6534 0.3821 0.6534
vn 0.6768 0.2899 0.6767
vn 0.6936 0.1948 0.6936
vn 0.7037 0.0979 0.7037
vn 0.7071 -0.0000 0.7071
vn 0.7037 -0.0979 0.7037
vn 0.6936 -0.1948 0.6936
vn 0.6768 -0.2899 0.6767
vn 0.6534 -0.3821 0.6534
vn 0.6239 -0.4708 0.6239
vn 0.5883 -0.5549 0.5883
vn 0.5470 -0.6336 0.5470
vn 0.5005 -0.7063 0.5005
vn 0.4492 -0.7723 0.4492
vn 0.3936 -0.8308 0.3936
vn 0.3342 -0.8813 0.3342
vn 0.2715 -0.9233 0.2715
vn 0.2063 -0.9565 0.2063
vn 0.1390 -0.9805 0.1390
vn 0.0704 -0.9950 0.0704
vn 0.0631 0.9950 0.0769
vn 0.1247 0.9805 0.1519
vn 0.1850 0.9565 0.2255
vn 0.2436 0.9233 0.2968
vn 0.2998 0.8813 0.3653
vn 0.3531 0.8308 0.4303
vn 0.4030 0.7723 0.4911
vn 0.4491 0.7063 0.5472
vn 0.4908 0.6336 0.5980
vn 0.5278 0.5549 0.6431
vn 0.5597 0.4708 0.6820
vn 0.5862 0.3821 0.7143
vn 0.6072 0.2899 0.7398
vn 0.6222 0.1948 0.7582
vn 0.6313 0.0979 0.7693
vn 0.6344 -0.0000 0.7730
vn 0.6313 -0.0979 0.7693
vn 0.6222 -0.1948 0.7582
vn 0.6072 -0.2899 0.7398
vn 0.5862 -0.3821 0.7143
vn 0.5597 -0.4708 0.6820
vn 0.5278 -0.5549 0.6431
vn 0.4908 -0.6336 0.5980
vn 0.4491 -0.7063 0.5472
vn 0.4030 -0.7723 0.4911
vn 0.3531 -0.8308 0.4303
vn 0.2998 -0.8813 0.3653
vn 0.2436 -0.9233 0.2968
vn 0.1850 -0.9565 0.2255
vn 0.1247 -0.9805 0.1519
vn 0.0631 -0.9950 0.0769
vn 0.0553 0.9950 0.0828
vn 0.1092 0.9805 0.1634
vn 0.1621 0.9565 0.2425
vn 0.2133 0.9233 0.3193
vn 0.2626 0.8813 0.3929
vn 0.3092 0.8308 0.4628
vn 0.3530 0.7723 0.5282
vn 0.3933 0.7063 0.5886
vn 0.4298 0.6336 0.6432
vn 0.4622 0.5549 0.6917
vn 0.4902 0.4708 0.7336
vn 0.5134 0.3821 0.7684
vn 0.5317 0.2899 0.7958
vn 0.5449 0.1948 0.8155
vn 0.5529 0.0979 0.8275
vn 0.5556 -0.0000 0.8315
vn 0.5529 -0.0979 0.8275
vn 0.5449 -0.1948 0.8155
vn 0.5317 -0.2899 0.7958
vn 0.5134 -0.3821 0.7684
vn 0.4902 -0.4708 0.7336
vn 0.4622 -0.5549 0.6917
vn 0.4298 -0.6336 0.6432
vn 0.3933 -0.7063 0.5886
vn 0.3530 -0.7723 0.5282
vn 0.3092 -0.8308 0.4628
vn 0.2626 -0.8813 0.3929
vn 0.2133 -0.9233 0.3193
vn 0.1621 -0.9565 0.2425
vn 0.1092 -0.9805 0.1634
vn 0.0553 -0.9950 0.0828
vn 0.0469 0.9950 0.0878
vn 0.0927 0.9805 0.1734
vn 0.1375 0.9565 0.2572
vn 0.1810 0.9233 0.3386
vn 0.2228 0.8813 0.4168
vn 0.2624 0.8308 0.4909
vn 0.2995 0.7723 0.5603
vn 0.3337 0.7063 0.6243
vn 0.3647 0.6336 0.6823
vn 0.3922 0.5549 0.7337
vn 0.4159 0.4708 0.7781
vn 0.4356 0.3821 0.8150
vn 0.4512 0.2899 0.8441
vn 0.4624 0.1948 0.8650
vn 0.4691 0.0979 0.8777
vn 0.4714 -0.0000 0.8819
vn 0.4691 -0.0979 0.8777
vn 0.4624 -0.1948 0.8650
vn 0.4512 -0.2899 0.8441
vn 0.4356 -0.3821 0.8150
vn 0.4159 -0.4708 0.7781
vn 0.3922 -0.5549 0.7337
vn 0.3647 -0.6336 0.6823
vn 0.3337 -0.7063 0.6243
vn 0.2995 -0.7723 0.5603
vn 0.2624 -0.8308 0.4909
vn 0.2228 -0.8813 0.4168
vn 0.1810 -0.9233 0.3387
vn 0.1375 -0.9565 0.2572
vn 0.0927 -0.9805 0.1734
vn 0.0469 -0.9950 0.0878
vn 0.0381 0.9950 0.0920
vn 0.0752 0.9805 0.1816
vn 0.1116 0.9565 0.2695
vn 0.1469 0.9233 0.3548
vn 0.1809 0.8813 0.4366
vn 0.2130 0.8308 0.5143
vn 0.2431 0.7723 0.5869
vn 0.2709 0.7063 0.6540
vn 0.2961 0.6336 0.7147
vn 0.3184 0.5549 0.7686
vn 0.3376 0.4708 0.8151
vn 0.3536 0.3821 0.8538
vn 0.3663 0.2899 0.8842
vn 0.3754 0.1948 0.9062
vn 0.3808 0.0979 0.9194
vn 0.3827 -0.0000 0.9239
vn 0.3808 -0.0979 0.9194
vn 0.3754 -0.1948 0.9062
vn 0.3663 -0.2899 0.8842
vn 0.3536 -0.3821 0.8538
vn 0.3376 -0.4708 0.8151
vn 0.3184 -0.5549 0.7686
vn 0.2961 -0.6336 0.7147
vn 0.2709 -0.7063 0.6540
vn 0.2431 -0.7723 0.5869
vn 0.2130 -0.8308 0.5143
vn 0.1809 -0.8813 0.4366
vn 0.1469 -0.9233 0.3548
vn 0.1116 -0.9565 0.2695
vn 0.0752 -0.9805 0.1816
vn 0.0381 -0.9950 0.0920
vn 0.0289 0.9950 0.0952
vn 0.0571 0.9805 0.1881
vn 0.0847 0.9565 0.2791
vn 0.1115 0.9233 0.3675
vn 0.1372 0.8813 0.4522
vn 0.1616 0.8308 0.5327
vn 0.1844 0.7723 0.6080
vn 0.2055 0.7063 0.6774
vn 0.2246 0.6336 0.7403
vn 0.2415 0.5549 0.7961
vn 0.2561 0.4708 0.8443
vn 0.2683 0.3821 0.8843
vn 0.2778 0.2899 0.9159
vn 0.2847 0.1948 0.9386
vn 0.2889 0.0979 0.9523
vn 0.2903 -0.0000 0.9569
vn 0.2889 -0.0979 0.9523
vn 0.2847 -0.1948 0.9386
vn 0.2778 -0.2899 0.9159
vn 0.2683 -0.3821 0.8843
vn 0.2561 -0.4708 0.8443
vn 0.2415 -0.5549 0.7961
vn 0.2246 -0.6336 0.7403
vn 0.2055 -0.7063 0.6774
vn 0.1844 -0.7723 0.6080
vn 0.1616 -0.8308 0.5327
vn 0.1372 -0.8813 0.4522
vn 0.1115 -0.9233 0.3675
vn 0.0847 -0.9565 0.2791
vn 0.0571 -0.9805 0.1881
vn 0.0289 -0.9950 0.0952
vn 0.0194 0.9950 0.0976
vn 0.0383 0.9805 0.1928
vn 0.0569 0.9565 0.2861
vn 0.0749 0.9233 0.3766
vn 0.0922 0.8813 0.4635
vn 0.1086 0.8308 0.5459
vn 0.1239 0.7723 0.6231
vn 0.1381 0.7063 0.6943
vn 0.1509 0.6336 0.7588
vn 0.1623 0.5549 0.8160
vn 0.1721 0.4708 0.8653
vn 0.1803 0.3821 0.9063
vn 0.1867 0.2899 0.9387
vn 0.1914 0.1948 0.9620
vn 0.1942 0.0979 0.9761
vn 0.1951 -0.0000 0.9808
vn 0.1942 -0.0979 0.9761
vn 0.1914 -0.1948 0.9620
vn 0.1867 -0.2899 0.9387
vn 0.1803 -0.3821 0.9063
vn 0.1721 -0.4708 0.8653
vn 0.1623 -0.5549 0.8160
vn 0.1509 -0.6336 0.7588
vn 0.1381 -0.7063 0.6943
vn 0.1239 -0.7723 0.6231
vn 0.1086 -0.8308 0.5459
vn 0.0922 -0.8813 0.4635
vn 0.0749 -0.9233 0.3766
vn 0.0569 -0.9565 0.2861
vn 0.0383 -0.9805 0.1928
vn 0.0194 -0.9950 0.0976
vn 0.0098 0.9950 0.0991
vn 0.0193 0.9805 0.1956
vn 0.0286 0.9565 0.2903
vn 0.0376 0.9233 0.3821
vn 0.0463 0.8813 0.4703
vn 0.0546 0.8308 0.5539
vn 0.0623 0.7723 0.6322
vn 0.0694 0.7063 0.7045
vn 0.0758 0.6336 0.7699
vn 0.0815 0.5549 0.8279
vn 0.0865 0.4708 0.8780
vn 0.0906 0.3821 0.9197
vn 0.0938 0.2899 0.9525
vn 0.0961 0.1948 0.9761
vn 0.0975 0.0979 0.9904
vn 0.0980 -0.0000 0.9952
vn 0.0975 -0.0979 0.9904
vn 0.0961 -0.1948 0.9761
vn 0.0938 -0.2899 0.9525
vn 0.0906 -0.3821 0.9197
vn 0.0865 -0.4708 0.8780
vn 0.0815 -0.5549 0.8279
vn 0.0758 -0.6336 0.7699
vn 0.0694 -0.7063 0.7045
vn 0.0623 -0.7723 0.6322
vn 0.0546 -0.8308 0.5539
vn 0.0463 -0.8813 0.4703
vn 0.0376 -0.9233 0.3821
vn 0.0286 -0.9565 0.2903
vn 0.0193 -0.9805 0.1956
vn 0.0098 -0.9950 0.0991
vn -0.0000 0.9950 0.0995
vn -0.0000 0.9805 0.1966
vn -0.0000 0.9565 0.2917
vn -0.0000 0.9233 0.3840
vn -0.0000 0.8813 0.4726
vn -0.0000 0.8308 0.5566
vn -0.0000 0.7723 0.6353
vn -0.0000 0.7063 0.7079
vn -0.0000 0.6336 0.7736
vn -0.0000 0.5549 0.8319
vn -0.0000 0.4708 0.8823
vn -0.0000 0.3821 0.9241
vn -0.0000 0.2899 0.9571
vn -0.0000 0.1948 0.9808
vn -0.0000 0.0979 0.9952
vn -0.0000 -0.0000 1.0000
vn -0.0000 -0.0979 0.9952
vn -0.0000 -0.1948 0.9808
vn -0.0000 -0.2899 0.9571
vn -0.0000 -0.3821 0.9241
vn -0.0000 -0.4708 0.8823
vn -0.0000 -0.5549 0.8319
vn -0.0000 -0.6336 0.7736
vn -0.0000 -0.7063 0.7079
vn -0.0000 -0.7723 0.6353
vn -0.0000 -0.8308 0.5566
vn -0.0000 -0.8813 0.4726
vn -0.0000 -0.9233 0.3840
vn -0.0000 -0.9565 0.2917
vn -0.0000 -0.9805 0.1966
vn -0.0000 -0.9950 0.0995
vn -0.0098 0.9950 0.0991
vn -0.0193 0.9805 0.1956
vn -0.0286 0.9565 0.2903
vn -0.0376 0.9233 0.3821
vn -0.0463 0.8813 0.4703
vn -0.0546 0.8308 0.5539
vn -0.0623 0.7723 0.6322
vn -0.0694 0.7063 0.7045
vn -0.0758 0.6336 0.7699
vn -0.0815 0.5549 0.8279
vn -0.0865 0.4708 0.8780
vn -0.0906 0.3821 0.9197
vn -0.0938 0.2899 0.9525
vn -0.0961 0.1948 0.9761
vn -0.0975 0.0979 0.9904
vn -0.0980 -0.0000 0.9952
vn -0.0975 -0.0979 0.9904
vn -0.0961 -0.1948 0.9761
vn -0.0938 -0.2899 0.9525
vn -0.0906 -0.3821 0.9197
vn -0.0865 -0.4708 0.8780
vn -0.0815 -0.5549 0.8279
vn -0.0758 -0.6336 0.7699
vn -0.0694 -0.7063 0.7045
vn -0.0623 -0.7723 0.6322
vn -0.0546 -0.8308 0.5539
vn -0.0463 -0.8813 0.4703
vn -0.0376 -0.9233 0.3821
vn -0.0286 -0.9565 0.2903
vn -0.0193 -0.9805 0.1956
vn -0.0098 -0.9950 0.0991
vn -0.0000 1.0000 -0.0000
vn -0.0194 0.9950 0.0976
vn -0.0383 0.9805 0.1928
vn -0.0569 0.9565 0.2861
vn -0.0749 0.9233 0.3766
vn -0.0922 0.8813 0.4635
vn -0.1086 0.8308 0.5459
vn -0.1239 0.7723 0.6231
vn -0.1381 0.7063 0.6943
vn -0.1509 0.6336 0.7588
vn -0.1623 0.5549 0.8160
vn -0.1721 0.4708 0.8653
vn -0.1803 0.3821 0.9063
vn -0.1867 0.2899 0.9387
vn -0.1914 0.1948 0.9620
vn -0.1942 0.0979 0.9761
vn -0.1951 -0.0000 0.9808
vn -0.1942 -0.0979 0.9761
vn -0.1914 -0.1948 0.9620
vn -0.1867 -0.2899 0.9387
vn -0.1803 -0.3821 0.9063
vn -0.1721 -0.4708 0.8653
vn -0.1623 -0.5549 0.8160
vn -0.1509 -0.6336 0.7588
vn -0.1381 -0.7063 0.6943
vn -0.1239 -0.7723 0.6231
vn -0.1086 -0.8308 0.5459
vn -0.0922 -0.8813 0.4635
vn -0.0749 -0.9233 0.3766
vn -0.0569 -0.9565 0.2861
vn -0.0383 -0.9805 0.1928
vn -0.0194 -0.9950 0.0976
vn -0.0289 0.9950 0.0952
vn -0.0571 0.9805 0.1881
vn -0.0847 0.9565 0.2791
vn -0.1115 0.9233 0.3675
vn -0.1372 0.8813 0.4522
vn -0.1616 0.8308 0.5327
vn -0.1844 0.7723 0.6080
vn -0.2055 0.7063 0.6774
vn -0.2246 0.6336 0.7403
vn -0.2415 0.5549 0.7961
vn -0.2561 0.4708 0.8443
vn -0.2683 0.3821 0.8843
vn -0.2778 0.2899 0.9159
vn -0.2847 0.1948 0.9386
vn -0.2889 0.0979 0.9523
vn -0.2903 -0.0000 0.9569
vn -0.2889 -0.0979 0.9523
vn -0.2847 -0.1948 0.9386
vn -0.2778 -0.2899 0.9159
vn -0.2683 -0.3821 0.8843
vn -0.2561 -0.4708 0.8443
vn -0.2415 -0.5549 0.7961
vn -0.2246 -0.6336 0.7403
vn -0.2055 -0.7063 0.6774
vn -0.1844 -0.7723 0.6080
vn -0.1616 -0.8308 0.5327
vn -0.1372 -0.8813 0.4522
vn -0.1115 -0.9233 0.3675
vn -0.0847 -0.9565 0.2791
vn -0.0571 -0.9805 0.1881
vn -0.0289 -0.9950 0.0952
vn -0.0381 0.9950 0.0920
vn -0.0752 0.9805 0.1816
vn -0.1116 0.9565 0.2695
vn -0.1469 0.9233 0.3548
vn -0.1808 0.8813 0.4366
vn -0.2130 0.8308 0.5143
vn -0.2431 0.7723 0.5869
vn -0.2709 0.7063 0.6540
vn -0.2961 0.6336 0.7147
vn -0.3184 0.5549 0.7686
vn -0.3376 0.4708 0.8151
vn -0.3536 0.3821 0.8538
vn -0.3663 0.2899 0.8842
vn -0.3754 0.1948 0.9062
vn -0.3808 0.0979 0.9194
vn -0.3827 -0.0000 0.9239
vn -0.3808 -0.0979 0.9194
vn -0.3754 -0.1948 0.9062
vn -0.3663 -0.2899 0.8842
vn -0.3536 -0.3821 0.8538
vn -0.3376 -0.4708 0.8151
vn -0.3184 -0.5549 0.7686
vn -0.2961 -0.6336 0.7147
vn -0.2709 -0.7063 0.6540
vn -0.2431 -0.7723 0.5869
vn -0.2130 -0.8308 0.5143
vn -0.1808 -0.8813 0.4366
vn -0.1469 -0.9233 0.3548
vn -0.1116 -0.9565 0.2695
vn -0.0752 -0.9805 0.1816
vn -0.0381 -0.9950 0.0920
vn -0.0469 0.9950 0.0878
vn -0.0927 0.9805 0.1734
vn -0.1375 0.9565 0.2572
vn -0.1810 0.9233 0.3387
vn -0.2228 0.8813 0.4168
vn -0.2624 0.8308 0.4909
vn -0.2995 0.7723 0.5603
vn -0.3337 0.7063 0.6243
vn -0.3647 0.6336 0.6823
vn -0.3922 0.5549 0.7337
vn -0.4159 0.4708 0.7781
vn -0.4356 0.3821 0.8150
vn -0.4512 0.2899 0.8441
vn -0.4624 0.1948 0.8650
vn -0.4691 0.0979 0.8777
vn -0.4714 -0.0000 0.8819
vn -0.4691 -0.0979 0.8777
vn -0.4624 -0.1948 0.8650
vn -0.4512 -0.2899 0.8441
vn -0.4356 -0.3821 0.8150
vn -0.4159 -0.4708 0.7781
vn -0.3922 -0.5549 0.7337
vn -0.3647 -0.6336 0.6823
vn -0.3337 -0.7063 0.6243
vn -0.2995 -0.7723 0.5603
vn -0.2624 -0.8308 0.4909
vn -0.2228 -0.8813 0.4168
vn -0.1810 -0.9233 0.3386
vn -0.1375 -0.9565 0.2572
vn -0.0927 -0.9805 0.1734
vn -0.0469 -0.9950 0.0878
vn -0.0553 0.9950 0.0828
vn -0.1092 0.9805 0.1634
vn -0.1621 0.9565 0.2425
vn -0.2133 0.9233 0.3193
vn -0.2626 0.8813 0.3929
vn -0.3092 0.8308 0.4628
vn -0.3530 0.7723 0.5282
vn -0.3933 0.7063 0.5886
vn -0.4298 0.6336 0.6432
vn -0.4622 0.5549 0.6917
vn -0.4902 0.4708 0.7336
vn -0.5134 0.3821 0.7684
vn -0.5317 0.2899 0.7958
vn -0.5449 0.1948 0.8155
vn -0.5529 0.0979 0.8275
vn -0.5556 -0.0000 0.8315
vn -0.5529 -0.0979 0.8275
vn -0.5449 -0.1948 0.8155
vn -0.5317 -0.2899 0.7958
vn -0.5134 -0.3821 0.7684
vn -0.4902 -0.4708 0.7336
vn -0.4622 -0.5549 0.6917
vn -0.4298 -0.6336 0.6432
vn -0.3933 -0.7063 0.5886
vn -0.3530 -0.7723 0.5282
vn -0.3092 -0.8308 0.4628
vn -0.2626 -0.8813 0.3929
vn -0.2133 -0.9233 0.3193
vn -0.1621 -0.9565 0.2425
vn -0.1092 -0.9805 0.1634
vn -0.0553 -0.9950 0.0828
vn -0.0631 0.9950 0.0769
vn -0.1247 0.9805 0.1519
vn -0.1850 0.9565 0.2255
vn -0.2436 0.9233 0.2968
vn -0.2998 0.8813 0.3653
vn -0.3531 0.8308 0.4303
vn -0.4030 0.7723 0.4911
vn -0.4491 0.7063 0.5472
vn -0.4908 0.6336 0.5980
vn -0.5278 0.5549 0.6431
vn -0.5597 0.4708 0.6820
vn -0.5862 0.3821 0.7143
vn -0.6072 0.2899 0.7398
vn -0.6222 0.1948 0.7582
vn -0.6313 0.0979 0.7693
vn -0.6344 -0.0000 0.7730
vn -0.6313 -0.0979 0.7693
vn -0.6222 -0.1948 0.7582
vn -0.6072 -0.2899 0.7398
vn -0.5862 -0.3821 0.7143
vn -0.5597 -0.4708 0.6820
vn -0.5278 -0.5549 0.6431
vn -0.4908 -0.6336 0.5980
vn -0.4491 -0.7063 0.5472
vn -0.4030 -0.7723 0.4911
vn -0.3531 -0.8308 0.4303
vn -0.2998 -0.8813 0.3653
vn -0.2436 -0.9233 0.2968
vn -0.1850 -0.9565 0.2255
vn -0.1247 -0.9805 0.1519
vn -0.0631 -0.9950 0.0769
vn -0.0000 -1.0000 -0.0000
vn -0.0704 0.9950 0.0704
vn -0.1390 0.9805 0.1390
vn -0.2063 0.9565 0.2063
vn -0.2715 0.9233 0.2715
vn -0.3342 0.8813 0.3342
vn -0.3936 0.8308 0.3936
vn -0.4492 0.7723 0.4492
vn -0.5005 0.7063 0.5005
vn -0.5470 0.6336 0.5470
vn -0.5883 0.5549 0.5883
vn -0.6239 0.4708 0.6239
vn -0.6534 0.3821 0.6534
vn -0.6768 0.2899 0.6767
vn -0.6936 0.1948 0.6936
vn -0.7037 0.0979 0.7037
vn -0.7071 -0.0000 0.7071
vn -0.7037 -0.0979 0.7037
vn -0.6936 -0.1948 0.6936
vn -0.6768 -0.2899 0.6767
vn -0.6534 -0.3821 0.6534
vn -0.6239 -0.4708 0.6239
vn -0.5883 -0.5549 0.5883
vn -0.5470 -0.6336 0.5470
vn -0.5005 -0.7063 0.5005
vn -0.4492 -0.7723 0.4492
vn -0.3936 -0.8308 0.3936
vn -0.3342 -0.8813 0.3342
vn -0.2715 -0.9233 0.2715
vn -0.2063 -0.9565 0.2063
vn -0.1390 -0.9805 0.1390
vn -0.0704 -0.9950 0.0704
vn -0.0769 0.9950 0.0631
vn -0.1519 0.9805 0.1247
vn -0.2255 0.9565 0.1850
vn -0.2968 0.9233 0.2436
vn -0.3653 0.8813 0.2998
vn -0.4303 0.8308 0.3531
vn -0.4911 0.7723 0.4030
vn -0.5472 0.7063 0.4491
vn -0.5980 0.6336 0.4908
vn -0.6431 0.5549 0.5278
vn -0.6820 0.4708 0.5597
vn -0.7143 0.3821 0.5862
vn -0.7398 0.2899 0.6072
vn -0.7582 0.1948 0.6222
vn -0.7693 0.0979 0.6313
vn -0.7730 -0.0000 0.6344
vn -0.7693 -0.0979 0.6313
vn -0.7582 -0.1948 0.6222
vn -0.7398 -0.2899 0.6072
vn -0.7143 -0.3821 0.5862
vn -0.6820 -0.4708 0.5597
vn -0.6431 -0.5549 0.5278
vn -0.5980 -0.6336 0.4908
vn -0.5472 -0.7063 0.4491
vn -0.4911 -0.7723 0.4030
vn -0.4303 -0.8308 0.3531
vn -0.3653 -0.8813 0.2998
vn -0.2968 -0.9233 0.2436
vn -0.2255 -0.9565 0.1850
vn -0.1519 -0.9805 0.1247
vn -0.0769 -0.9950 0.0631
vn -0.0828 0.9950 0.0553
vn -0.1634 0.9805 0.1092
vn -0.2425 0.9565 0.1621
vn -0.3193 0.9233 0.2133
vn -0.3929 0.8813 0.2626
vn -0.4628 0.8308 0.3092
vn -0.5282 0.7723 0.3530
vn -0.5886 0.7063 0.3933
vn -0.6432 0.6336 0.4298
vn -0.6917 0.5549 0.4622
vn -0.7336 0.4708 0.4902
vn -0.7684 0.3821 0.5134
vn -0.7958 0.2899 0.5317
vn -0.8155 0.1948 0.5449
vn -0.8275 0.0979 0.5529
vn -0.8315 -0.0000 0.5556
vn -0.8275 -0.0979 0.5529
vn -0.8155 -0.1948 0.5449
vn -0.7958 -0.2899 0.5317
vn -0.7684 -0.3821 0.5134
vn -0.7336 -0.4708 0.4902
vn -0.6917 -0.5549 0.4622
vn -0.6432 -0.6336 0.4298
vn -0.5886 -0.7063 0.3933
vn -0.5282 -0.7723 0.3530
vn -0.4628 -0.8308 0.3092
vn -0.3929 -0.8813 0.2626
vn -0.3193 -0.9233 0.2133
vn -0.2425 -0.9565 0.1621
vn -0.1634 -0.9805 0.1092
vn -0.0828 -0.9950 0.0553
vn -0.0878 0.9950 0.0469
vn -0.1734 0.9805 0.0927
vn -0.2572 0.9565 0.1375
vn -0.3387 0.9233 0.1810
vn -0.4168 0.8813 0.2228
vn -0.4909 0.8308 0.2624
vn -0.5603 0.7723 0.2995
vn -0.6243 0.7063 0.3337
vn -0.6823 0.6336 0.3647
vn -0.7337 0.5549 0.3922
vn -0.7781 0.4708 0.4159
vn -0.8150 0.3821 0.4356
vn -0.8441 0.2899 0.4512
vn -0.8650 0.1948 0.4624
vn -0.8777 0.0979 0.4691
vn -0.8819 -0.0000 0.4714
vn -0.8777 -0.0979 0.4691
vn -0.8650 -0.1948 0.4624
vn -0.8441 -0.2899 0.4512
vn -0.8150 -0.3821 0.4356
vn -0.7781 -0.4708 0.4159
vn -0.7337 -0.5549 0.3922
vn -0.6823 -0.6336 0.3647
vn -0.6243 -0.7063 0.3337
vn -0.5603 -0.7723 0.2995
vn -0.4909 -0.8308 0.2624
vn -0.4168 -0.8813 0.2228
vn -0.3386 -0.9233 0.1810
vn -0.2572 -0.9565 0.1375
vn -0.1734 -0.9805 0.0927
vn -0.0878 -0.9950 0.0469
vn -0.0920 0.9950 0.0381
vn -0.1816 0.9805 0.0752
vn -0.2695 0.9565 0.1116
vn -0.3548 0.9233 0.1469
vn -0.4366 0.8813 0.1809
vn -0.5143 0.8308 0.2130
vn -0.5869 0.7723 0.2431
vn -0.6540 0.7063 0.2709
vn -0.7147 0.6336 0.2961
vn -0.7686 0.5549 0.3184
vn -0.8151 0.4708 0.3376
vn -0.8538 0.3821 0.3536
vn -0.8842 0.2899 0.3663
vn -0.9062 0.1948 0.3754
vn -0.9194 0.0979 0.3808
vn -0.9239 -0.0000 0.3827
vn -0.9194 -0.0979 0.3808
vn -0.9062 -0.1948 0.3754
vn -0.8842 -0.2899 0.3663
vn -0.8538 -0.3821 0.3536
vn -0.8151 -0.4708 0.3376
vn -0.7686 -0.5549 0.3184
vn -0.7147 -0.6336 0.2961
vn -0.6540 -0.7063 0.2709
vn -0.5869 -0.7723 0.2431
vn -0.5143 -0.8308 0.2130
vn -0.4366 -0.8813 0.1809
vn -0.3548 -0.9233 0.1469
vn -0.2695 -0.9565 0.1116
vn -0.1816 -0.9805 0.0752
vn -0.0920 -0.9950 0.0381
vn -0.0952 0.9950 0.0289
vn -0.1881 0.9805 0.0571
vn -0.2791 0.9565 0.0847
vn -0.3675 0.9233 0.1115
vn -0.4522 0.8813 0.1372
vn -0.5327 0.8308 0.1616
vn -0.6080 0.7723 0.1844
vn -0.6774 0.7063 0.2055
vn -0.7403 0.6336 0.2246
vn -0.7961 0.5549 0.2415
vn -0.8443 0.4708 0.2561
vn -0.8843 0.3821 0.2683
vn -0.9159 0.2899 0.2778
vn -0.9386 0.1948 0.2847
vn -0.9523 0.0979 0.2889
vn -0.9569 -0.0000 0.2903
vn -0.9523 -0.0979 0.2889
vn -0.9386 -0.1948 0.2847
vn -0.9159 -0.2899 0.2778
vn -0.8843 -0.3821 0.2683
vn -0.8443 -0.4708 0.2561
vn -0.7961 -0.5549 0.2415
vn -0.7403 -0.6336 0.2246
vn -0.6774 -0.7063 0.2055
vn -0.6080 -0.7723 0.1844
vn -0.5327 -0.8308 0.1616
vn -0.4522 -0.8813 0.1372
vn -0.3675 -0.9233 0.1115
vn -0.2791 -0.9565 0.0847
vn -0.1881 -0.9805 0.0571
vn -0.0952 -0.9950 0.0289
vn -0.0976 0.9950 0.0194
vn -0.1928 0.9805 0.0383
vn -0.2861 0.9565 0.0569
vn -0.3766 0.9233 0.0749
vn -0.4635 0.8813 0.0922
vn -0.5459 0.8308 0.1086
vn -0.6231 0.7723 0.1239
vn -0.6943 0.7063 0.1381
vn -0.7588 0.6336 0.1509
vn -0.8160 0.5549 0.1623
vn -0.8653 0.4708 0.1721
vn -0.9063 0.3821 0.1803
vn -0.9387 0.2899 0.1867
vn -0.9620 0.1948 0.1914
vn -0.9761 0.0979 0.1942
vn -0.9808 -0.0000 0.1951
vn -0.9761 -0.0979 0.1942
vn -0.9620 -0.1948 0.1914
vn -0.9387 -0.2899 0.1867
vn -0.9063 -0.3821 0.1803
vn -0.8653 -0.4708 0.1721
vn -0.8160 -0.5549 0.1623
vn -0.7588 -0.6336 0.1509
vn -0.6943 -0.7063 0.1381
vn -0.6231 -0.7723 0.1239
vn -0.5459 -0.8308 0.1086
vn -0.4635 -0.8813 0.0922
vn -0.3766 -0.9233 0.0749
vn -0.2861 -0.9565 0.0569
vn -0.1928 -0.9805 0.0383
vn -0.0976 -0.9950 0.0194
vn -0.0991 0.9950 0.0098
vn -0.1956 0.9805 0.0193
vn -0.2903 0.9565 0.0286
vn -0.3821 0.9233 0.0376
vn -0.4703 0.8813 0.0463
vn -0.5539 0.8308 0.0546
vn -0.6322 0.7723 0.0623
vn -0.7045 0.7063 0.0694
vn -0.7699 0.6336 0.0758
vn -0.8279 0.5549 0.0815
vn -0.8780 0.4708 0.0865
vn -0.9197 0.3821 0.0906
vn -0.9525 0.2899 0.0938
vn -0.9761 0.1948 0.0961
vn -0.9904 0.0979 0.0975
vn -0.9952 -0.0000 0.0980
vn -0.9904 -0.0979 0.0975
vn -0.9761 -0.1948 0.0961
vn -0.9525 -0.2899 0.0938
vn -0.9197 -0.3821 0.0906
vn -0.8780 -0.4708 0.0865
vn -0.8279 -0.5549 0.0815
vn -0.7699 -0.6336 0.0758
vn -0.7045 -0.7063 0.0694
vn -0.6323 -0.7723 0.0623
vn -0.5539 -0.8308 0.0546
vn -0.4703 -0.8813 0.0463
vn -0.3821 -0.9233 0.0376
vn -0.2903 -0.9565 0.0286
vn -0.1956 -0.9805 0.0193
vn -0.0991 -0.9950 0.0098
vn -0.0995 0.9950 -0.0000
vn -0.1966 0.9805 -0.0000
vn -0.2917 0.9565 -0.0000
vn -0.3840 0.9233 -0.0000
vn -0.4726 0.8813 -0.0000
vn -0.5566 0.8308 -0.0000
vn -0.6353 0.7723 -0.0000
vn -0.7079 0.7063 -0.0000
vn -0.7736 0.6336 -0.0000
vn -0.8319 0.5549 -0.0000
vn -0.8823 0.4708 -0.0000
vn -0.9241 0.3821 -0.0000
vn -0.9571 0.2899 -0.0000
vn -0.9808 0.1948 -0.0000
vn -0.9952 0.0979 -0.0000
vn -1.0000 -0.0000 -0.0000
vn -0.9952 -0.0979 -0.0000
vn -0.9808 -0.1948 -0.0000
vn -0.9571 -0.2899 -0.0000
vn -0.9241 -0.3821 -0.0000
vn -0.8823 -0.4708 -0.0000
vn -0.8319 -0.5549 -0.0000
vn -0.7736 -0.6336 -0.0000
vn -0.7079 -0.7063 -0.0000
vn -0.6353 -0.7723 -0.0000
vn -0.5566 -0.8308 -0.0000
vn -0.4726 -0.8813 -0.0000
vn -0.3840 -0.9233 -0.0000
vn -0.2917 -0.9565 -0.0000
vn -0.1966 -0.9805 -0.0000
vn -0.0995 -0.9950 -0.0000
vn -0.0991 0.9950 -0.0098
vn -0.1956 0.9805 -0.0193
vn -0.2903 0.9565 -0.0286
vn -0.3821 0.9233 -0.0376
vn -0.4703 0.8813 -0.0463
vn -0.5539 0.8308 -0.0546
vn -0.6323 0.7723 -0.0623
vn -0.7045 0.7063 -0.0694
vn -0.7699 0.6336 -0.0758
vn -0.8279 0.5549 -0.0815
vn -0.8780 0.4708 -0.0865
vn -0.9197 0.3821 -0.0906
vn -0.9525 0.2899 -0.0938
vn -0.9761 0.1948 -0.0961
vn -0.9904 0.0979 -0.0975
vn -0.9952 -0.0000 -0.0980
vn -0.9904 -0.0979 -0.0975
vn -0.9761 -0.1948 -0.0961
vn -0.9525 -0.2899 -0.0938
vn -0.9197 -0.3821 -0.0906
vn -0.8780 -0.4708 -0.0865
vn -0.8279 -0.5549 -0.0815
vn -0.7699 -0.6336 -0.0758
vn -0.7045 -0.7063 -0.0694
vn -0.6323 -0.7723 -0.0623
vn -0.5539 -0.8308 -0.0546
vn -0.4703 -0.8813 -0.0463
vn -0.3821 -0.9233 -0.0376
vn -0.2903 -0.9565 -0.0286
vn -0.1956 -0.9805 -0.0193
vn -0.0991 -0.9950 -0.0098
vn -0.0976 0.9950 -0.0194
vn -0.1928 0.9805 -0.0383
vn -0.2861 0.9565 -0.0569
vn -0.3766 0.9233 -0.0749
vn -0.4635 0.8813 -0.0922
vn -0.5459 0.8308 -0.1086
vn -0.6231 0.7723 -0.1239
vn -0.6943 0.7063 -0.1381
vn -0.7588 0.6336 -0.1509
vn -0.8160 0.5549 -0.1623
vn -0.8653 0.4708 -0.1721
vn -0.9063 0.3821 -0.1803
vn -0.9387 0.2899 -0.1867
vn -0.9620 0.1948 -0.1914
vn -0.9761 0.0979 -0.1942
vn -0.9808 -0.0000 -0.1951
vn -0.9761 -0.0979 -0.1942
vn -0.9620 -0.1948 -0.1914
vn -0.9387 -0.2899 -0.1867
vn -0.9063 -0.3821 -0.1803
vn -0.8653 -0.4708 -0.1721
vn -0.8160 -0.5549 -0.1623
vn -0.7588 -0.6336 -0.1509
vn -0.6943 -0.7063 -0.1381
vn -0.6231 -0.7723 -0.1239
vn -0.5459 -0.8308 -0.1086
vn -0.4635 -0.8813 -0.0922
vn -0.3766 -0.9233 -0.0749
vn -0.2861 -0.9565 -0.0569
vn -0.1928 -0.9805 -0.0383
vn -0.0976 -0.9950 -0.0194
vn -0.0953 0.9950 -0.0289
vn -0.1881 0.9805 -0.0571
vn -0.2791 0.9565 -0.0847
vn -0.3675 0.9233 -0.1115
vn -0.4522 0.8813 -0.1372
vn -0.5327 0.8308 -0.1616
vn -0.6080 0.7723 -0.1844
vn -0.6774 0.7063 -0.2055
vn -0.7403 0.6336 -0.2246
vn -0.7961 0.5549 -0.2415
vn -0.8443 0.4708 -0.2561
vn -0.8843 0.3821 -0.2683
vn -0.9159 0.2899 -0.2778
vn -0.9386 0.1948 -0.2847
vn -0.9523 0.0979 -0.2889
vn -0.9569 -0.0000 -0.2903
vn -0.9523 -0.0979 -0.2889
vn -0.9386 -0.1948 -0.2847
vn -0.9159 -0.2899 -0.2778
vn -0.8843 -0.3821 -0.2683
vn -0.8443 -0.4708 -0.2561
vn -0.7961 -0.5549 -0.2415
vn -0.7403 -0.6336 -0.2246
vn -0.6774 -0.7063 -0.2055
vn -0.6080 -0.7723 -0.1844
vn -0.5327 -0.8308 -0.1616
vn -0.4522 -0.8813 -0.1372
vn -0.3675 -0.9233 -0.1115
vn -0.2791 -0.9565 -0.0847
vn -0.1881 -0.9805 -0.0571
vn -0.0952 -0.9950 -0.0289
vn -0.0920 0.9950 -0.0381
vn -0.1816 0.9805 -0.0752
vn -0.2695 0.9565 -0.1116
vn -0.3548 0.9233 -0.1469
vn -0.4366 0.8813 -0.1809
vn -0.5143 0.8308 -0.2130
vn -0.5869 0.7723 -0.2431
vn -0.6540 0.7063 -0.2709
vn -0.7147 0.6336 -0.2961
vn -0.7686 0.5549 -0.3184
vn -0.8151 0.4708 -0.3376
vn -0.8538 0.3821 -0.3536
vn -0.8842 0.2899 -0.3663
vn -0.9062 0.1948 -0.3754
vn -0.9194 0.0979 -0.3808
vn -0.9239 -0.0000 -0.3827
vn -0.9194 -0.0979 -0.3808
vn -0.9062 -0.1948 -0.3754
vn -0.8842 -0.2899 -0.3663
vn -0.8538 -0.3821 -0.3536
vn -0.8151 -0.4708 -0.3376
vn -0.7686 -0.5549 -0.3184
vn -0.7147 -0.6336 -0.2961
vn -0.6540 -0.7063 -0.2709
vn -0.5869 -0.7723 -0.2431
vn -0.5143 -0.8308 -0.2130
vn -0.4366 -0.8813 -0.1809
vn -0.3548 -0.9233 -0.1469
vn -0.2695 -0.9565 -0.1116
vn -0.1816 -0.9805 -0.0752
vn -0.0920 -0.9950 -0.0381
vn -0.0878 0.9950 -0.0469
vn -0.1734 0.9805 -0.0927
vn -0.2572 0.9565 -0.1375
vn -0.3387 0.9233 -0.1810
vn -0.4168 0.8813 -0.2228
vn -0.4909 0.8308 -0.2624
vn -0.5603 0.7723 -0.2995
vn -0.6243 0.7063 -0.3337
vn -0.6823 0.6336 -0.3647
vn -0.7337 0.5549 -0.3922
vn -0.7781 0.4708 -0.4159
vn -0.8150 0.3821 -0.4356
vn -0.8441 0.2899 -0.4512
vn -0.8650 0.1948 -0.4624
vn -0.8777 0.0979 -0.4691
vn -0.8819 -0.0000 -0.4714
vn -0.8777 -0.0979 -0.4691
vn -0.8650 -0.1948 -0.4624
vn -0.8441 -0.2899 -0.4512
vn -0.8150 -0.3821 -0.4356
vn -0.7781 -0.4708 -0.4159
vn -0.7337 -0.5549 -0.3922
vn -0.6823 -0.6336 -0.3647
vn -0.6243 -0.7063 -0.3337
vn -0.5603 -0.7723 -0.2995
vn -0.4909 -0.8308 -0.2624
vn -0.4168 -0.8813 -0.2228
vn -0.3386 -0.9233 -0.1810
vn -0.2572 -0.9565 -0.1375
vn -0.1734 -0.9805 -0.0927
vn -0.0878 -0.9950 -0.0469
vn -0.0828 0.9950 -0.0553
vn -0.1634 0.9805 -0.1092
vn -0.2425 0.9565 -0.1621
vn -0.3193 0.9233 -0.2133
vn -0.3929 0.8813 -0.2626
vn -0.4628 0.8308 -0.3092
vn -0.5282 0.7723 -0.3530
vn -0.5886 0.7063 -0.3933
vn -0.6432 0.6336 -0.4298
vn -0.6917 0.5549 -0.4622
vn -0.7336 0.4708 -0.4902
vn -0.7684 0.3821 -0.5134
vn -0.7958 0.2899 -0.5317
vn -0.8155 0.1948 -0.5449
vn -0.8275 0.0979 -0.5529
vn -0.8315 -0.0000 -0.5556
vn -0.8275 -0.0979 -0.5529
vn -0.8155 -0.1948 -0.5449
vn -0.7958 -0.2899 -0.5317
vn -0.7684 -0.3821 -0.5134
vn -0.7336 -0.4708 -0.4902
vn -0.6917 -0.5549 -0.4622
vn -0.6432 -0.6336 -0.4298
vn -0.5886 -0.7063 -0.3933
vn -0.5282 -0.7723 -0.3530
vn -0.4628 -0.8308 -0.3092
vn -0.3929 -0.8813 -0.2626
vn -0.3193 -0.9233 -0.2133
vn -0.2425 -0.9565 -0.1621
vn -0.1634 -0.9805 -0.1092
vn -0.0828 -0.9950 -0.0553
vn -0.0769 0.9950 -0.0631
vn -0.1519 0.9805 -0.1247
vn -0.2255 0.9565 -0.1850
vn -0.2968 0.9233 -0.2436
vn -0.3653 0.8813 -0.2998
vn -0.4303 0.8308 -0.3531
vn -0.4911 0.7723 -0.4030
vn -0.5472 0.7063 -0.4491
vn -0.5980 0.6336 -0.4908
vn -0.6431 0.5549 -0.5278
vn -0.6820 0.4708 -0.5597
vn -0.7143 0.3821 -0.5862
vn -0.7398 0.2899 -0.6072
vn -0.7582 0.1948 -0.6222
vn -0.7693 0.0979 -0.6313
vn -0.7730 -0.0000 -0.6344
vn -0.7693 -0.0979 -0.6313
vn -0.7582 -0.1948 -0.6222
vn -0.7398 -0.2899 -0.6072
vn -0.7143 -0.3821 -0.5862
vn -0.6820 -0.4708 -0.5597
vn -0.6431 -0.5549 -0.5278
vn -0.5980 -0.6336 -0.4908
vn -0.5472 -0.7063 -0.4491
vn -0.4911 -0.7723 -0.4030
vn -0.4303 -0.8308 -0.3531
vn -0.3653 -0.8813 -0.2998
vn -0.2968 -0.9233 -0.2436
vn -0.2255 -0.9565 -0.1850
vn -0.1519 -0.9805 -0.1247
vn -0.0769 -0.9950 -0.0631
vn -0.0704 0.9950 -0.0704
vn -0.1390 0.9805 -0.1390
vn -0.2063 0.9565 -0.2063
vn -0.2715 0.9233 -0.2715
vn -0.3342 0.8813 -0.3342
vn -0.3936 0.8308 -0.3936
vn -0.4492 0.7723 -0.4492
vn -0.5005 0.7063 -0.5005
vn -0.5470 0.6336 -0.5470
vn -0.5883 0.5549 -0.5883
vn -0.6239 0.4708 -0.6239
vn -0.6534 0.3821 -0.6534
vn -0.6767 0.2899 -0.6768
vn -0.6936 0.1948 -0.6936
vn -0.7037 0.0979 -0.7037
vn -0.7071 -0.0000 -0.7071
vn -0.7037 -0.0979 -0.7037
vn -0.6936 -0.1948 -0.6936
vn -0.6767 -0.2899 -0.6768
vn -0.6534 -0.3821 -0.6534
vn -0.6239 -0.4708 -0.6239
vn -0.5883 -0.5549 -0.5883
vn -0.5470 -0.6336 -0.5470
vn -0.5005 -0.7063 -0.5005
vn -0.4492 -0.7723 -0.4492
vn -0.3936 -0.8308 -0.3936
vn -0.3342 -0.8813 -0.3342
vn -0.2715 -0.9233 -0.2715
vn -0.2063 -0.9565 -0.2063
vn -0.1390 -0.9805 -0.1390
vn -0.0704 -0.9950 -0.0704
vn -0.0631 0.9950 -0.0769
vn -0.1247 0.9805 -0.1519
vn -0.1850 0.9565 -0.2255
vn -0.2436 0.9233 -0.2968
vn -0.2998 0.8813 -0.3653
vn -0.3531 0.8308 -0.4303
vn -0.4030 0.7723 -0.4911
vn -0.4491 0.7063 -0.5472
vn -0.4908 0.6336 -0.5980
vn -0.5278 0.5549 -0.6431
vn -0.5597 0.4708 -0.6820
vn -0.5862 0.3821 -0.7143
vn -0.6072 0.2899 -0.7398
vn -0.6222 0.1948 -0.7582
vn -0.6313 0.0979 -0.7693
vn -0.6344 -0.0000 -0.7730
vn -0.6313 -0.0979 -0.7693
vn -0.6222 -0.1948 -0.7582
vn -0.6072 -0.2899 -0.7398
vn -0.5862 -0.3821 -0.7143
vn -0.5597 -0.4708 -0.6820
vn -0.5278 -0.5549 -0.6431
vn -0.4908 -0.6336 -0.5980
vn -0.4491 -0.7063 -0.5472
vn -0.4030 -0.7723 -0.4911
vn -0.3531 -0.8308 -0.4303
vn -0.2998 -0.8813 -0.3653
vn -0.2436 -0.9233 -0.2968
vn -0.1850 -0.9565 -0.2255
vn -0.1247 -0.9805 -0.1519
vn -0.0631 -0.9950 -0.0769
vn -0.0553 0.9950 -0.0828
vn -0.1092 0.9805 -0.1634
vn -0.1621 0.9565 -0.2425
vn -0.2133 0.9233 -0.3193
vn -0.2626 0.8813 -0.3929
vn -0.3092 0.8308 -0.4628
vn -0.3530 0.7723 -0.5282
vn -0.3933 0.7063 -0.5886
vn -0.4298 0.6336 -0.6432
vn -0.4622 0.5549 -0.6917
vn -0.4902 0.4708 -0.7336
vn -0.5134 0.3821 -0.7684
vn -0.5317 0.2899 -0.7958
vn -0.5449 0.1948 -0.8155
vn -0.5529 0.0979 -0.8275
vn -0.5556 -0.0000 -0.8315
vn -0.5529 -0.0979 -0.8275
vn -0.5449 -0.1948 -0.8155
vn -0.5317 -0.2899 -0.7958
vn -0.5134 -0.3821 -0.7684
vn -0.4902 -0.4708 -0.7336
vn -0.4622 -0.5549 -0.6917
vn -0.4298 -0.6336 -0.6432
vn -0.3933 -0.7063 -0.5886
vn -0.3530 -0.7723 -0.5282
vn -0.3092 -0.8308 -0.4628
vn -0.2626 -0.8813 -0.3929
vn -0.2133 -0.9233 -0.3193
vn -0.1621 -0.9565 -0.2425
vn -0.1092 -0.9805 -0.1634
vn -0.0553 -0.9950 -0.0828
vn -0.0469 0.9950 -0.0878
vn -0.0927 0.9805 -0.1734
vn -0.1375 0.9565 -0.2572
vn -0.1810 0.9233 -0.3387
vn -0.2228 0.8813 -0.4168
vn -0.2624 0.8308 -0.4909
vn -0.2995 0.7723 -0.5603
vn -0.3337 0.7063 -0.6243
vn -0.3647 0.6336 -0.6823
vn -0.3922 0.5549 -0.7337
vn -0.4159 0.4708 -0.7781
vn -0.4356 0.3821 -0.8150
vn -0.4512 0.2899 -0.8441
vn -0.4624 0.1948 -0.8650
vn -0.4691 0.0979 -0.8777
vn -0.4714 -0.0000 -0.8819
vn -0.4691 -0.0979 -0.8777
vn -0.4624 -0.1948 -0.8650
vn -0.4512 -0.2899 -0.8441
vn -0.4356 -0.3821 -0.8150
vn -0.4159 -0.4708 -0.7781
vn -0.3922 -0.5549 -0.7337
vn -0.3647 -0.6336 -0.6823
vn -0.3337 -0.7063 -0.6243
vn -0.2995 -0.7723 -0.5603
vn -0.2624 -0.8308 -0.4909
vn -0.2228 -0.8813 -0.4168
vn -0.1810 -0.9233 -0.3386
vn -0.1375 -0.9565 -0.2572
vn -0.0927 -0.9805 -0.1734
vn -0.0469 -0.9950 -0.0878
vn -0.0381 0.9950 -0.0920
vn -0.0752 0.9805 -0.1816
vn -0.1116 0.9565 -0.2695
vn -0.1469 0.9233 -0.3548
vn -0.1809 0.8813 -0.4366
vn -0.2130 0.8308 -0.5143
vn -0.2431 0.7723 -0.5869
vn -0.2709 0.7063 -0.6540
vn -0.2961 0.6336 -0.7147
vn -0.3184 0.5549 -0.7686
vn -0.3376 0.4708 -0.8151
vn -0.3536 0.3821 -0.8538
vn -0.3663 0.2899 -0.8842
vn -0.3754 0.1948 -0.9062
vn -0.3808 0.0979 -0.9194
vn -0.3827 -0.0000 -0.9239
vn -0.3808 -0.0979 -0.9194
vn -0.3754 -0.1948 -0.9062
vn -0.3663 -0.2899 -0.8842
vn -0.3536 -0.3821 -0.8538
vn -0.3376 -0.4708 -0.8151
vn -0.3184 -0.5549 -0.7686
vn -0.2961 -0.6336 -0.7147
vn -0.2709 -0.7063 -0.6540
vn -0.2431 -0.7723 -0.5869
vn -0.2130 -0.8308 -0.5143
vn -0.1809 -0.8813 -0.4366
vn -0.1469 -0.9233 -0.3548
vn -0.1116 -0.9565 -0.2695
vn -0.0752 -0.9805 -0.1816
vn -0.0381 -0.9950 -0.0920
vn -0.0289 0.9950 -0.0952
vn -0.0571 0.9805 -0.1881
vn -0.0847 0.9565 -0.2791
vn -0.1115 0.9233 -0.3675
vn -0.1372 0.8813 -0.4522
vn -0.1616 0.8308 -0.5327
vn -0.1844 0.7723 -0.6080
vn -0.2055 0.7063 -0.6774
vn -0.2246 0.6336 -0.7403
vn -0.2415 0.5549 -0.7961
vn -0.2561 0.4708 -0.8443
vn -0.2683 0.3821 -0.8843
vn -0.2778 0.2899 -0.9159
vn -0.2847 0.1948 -0.9386
vn -0.2889 0.0979 -0.9523
vn -0.2903 -0.0000 -0.9569
vn -0.2889 -0.0979 -0.9523
vn -0.2847 -0.1948 -0.9386
vn -0.2778 -0.2899 -0.9159
vn -0.2683 -0.3821 -0.8843
vn -0.2561 -0.4708 -0.8443
vn -0.2415 -0.5549 -0.7961
vn -0.2246 -0.6336 -0.7403
vn -0.2055 -0.7063 -0.6774
vn -0.1844 -0.7723 -0.6080
vn -0.1616 -0.8308 -0.5327
vn -0.1372 -0.8813 -0.4522
vn -0.1115 -0.9233 -0.3675
vn -0.0847 -0.9565 -0.2791
vn -0.0571 -0.9805 -0.1881
vn -0.0289 -0.9950 -0.0952
vn -0.0194 0.9950 -0.0976
vn -0.0383 0.9805 -0.1928
vn -0.0569 0.9565 -0.2861
vn -0.0749 0.9233 -0.3766
vn -0.0922 0.8813 -0.4635
vn -0.1086 0.8308 -0.5459
vn -0.1239 0.7723 -0.6231
vn -0.1381 0.7063 -0.6943
vn -0.1509 0.6336 -0.7588
vn -0.1623 0.5549 -0.8160
vn -0.1721 0.4708 -0.8653
vn -0.1803 0.3821 -0.9063
vn -0.1867 0.2899 -0.9387
vn -0.1914 0.1948 -0.9620
vn -0.1942 0.0979 -0.9761
vn -0.1951 -0.0000 -0.9808
vn -0.1942 -0.0979 -0.9761
vn -0.1914 -0.1948 -0.9620
vn -0.1867 -0.2899 -0.9387
vn -0.1803 -0.3821 -0.9063
vn -0.1721 -0.4708 -0.8653
vn -0.1623 -0.5549 -0.8160
vn -0.1509 -0.6336 -0.7588
vn -0.1381 -0.7063 -0.6943
vn -0.1239 -0.7723 -0.6231
vn -0.1086 -0.8308 -0.5459
vn -0.0922 -0.8813 -0.4635
vn -0.0749 -0.9233 -0.3766
vn -0.0569 -0.9565 -0.2861
vn -0.0383 -0.9805 -0.1928
vn -0.0194 -0.9950 -0.0976
vn -0.0098 0.9950 -0.0991
vn -0.0193 0.9805 -0.1956
vn -0.0286 0.9565 -0.2903
vn -0.0376 0.9233 -0.3821
vn -0.0463 0.8813 -0.4703
vn -0.0546 0.8308 -0.5539
vn -0.0623 0.7723 -0.6323
vn -0.0694 0.7063 -0.7045
vn -0.0758 0.6336 -0.7699
vn -0.0815 0.5549 -0.8279
vn -0.0865 0.4708 -0.8780
vn -0.0906 0.3821 -0.9197
vn -0.0938 0.2899 -0.9525
vn -0.0961 0.1948 -0.9761
vn -0.0975 0.0979 -0.9904
vn -0.0980 -0.0000 -0.9952
vn -0.0975 -0.0979 -0.9904
vn -0.0961 -0.1948 -0.9761
vn -0.0938 -0.2899 -0.9525
vn -0.0906 -0.3821 -0.9197
vn -0.0865 -0.4708 -0.8780
vn -0.0815 -0.5549 -0.8279
vn -0.0758 -0.6336 -0.7699
vn -0.0694 -0.7063 -0.7045
vn -0.0623 -0.7723 -0.6323
vn -0.0546 -0.8308 -0.5539
vn -0.0463 -0.8813 -0.4703
vn -0.0376 -0.9233 -0.3821
vn -0.0286 -0.9565 -0.2903
vn -0.0193 -0.9805 -0.1956
vn -0.0098 -0.9950 -0.0991
vn -0.0000 0.9233 -0.3840
vn -0.0000 0.8308 -0.5566
vn -0.0000 0.7723 -0.6353
vn -0.0000 0.7063 -0.7079
vn -0.0000 0.6336 -0.7736
vn -0.0000 0.5549 -0.8319
vn -0.0000 0.1948 -0.9808
vn -0.0000 -0.1948 -0.9808
vn -0.0000 -0.5549 -0.8319
vn -0.0000 -0.6336 -0.7736
vn -0.0000 -0.7063 -0.7079
vn -0.0000 -0.7723 -0.6353
vn -0.0000 -0.8308 -0.5566
vn -0.0000 -0.8813 -0.4726
vn -0.0000 -0.9233 -0.3840
vn -0.0000 -0.9805 -0.1966
vt 0.750000 0.312500
vt 0.734375 0.281250
vt 0.750000 0.281250
vt 0.750000 0.687500
vt 0.734375 0.718750
vt 0.734375 0.687500
vt 0.734375 0.250000
vt 0.750000 0.250000
vt 0.750000 0.656250
vt 0.734375 0.656250
vt 0.734375 0.218750
vt 0.750000 0.218750
vt 0.734375 0.625000
vt 0.750000 0.625000
vt 0.750000 0.187500
vt 0.734375 0.187500
vt 0.750000 0.593750
vt 0.734375 0.593750
vt 0.750000 0.156250
vt 0.734375 0.156250
vt 0.750000 0.562500
vt 0.734375 0.562500
vt 0.750000 0.968750
vt 0.742188 1.000000
vt 0.734375 0.968750
vt 0.734375 0.125000
vt 0.750000 0.125000
vt 0.734375 0.531250
vt 0.750000 0.531250
vt 0.734375 0.937500
vt 0.750000 0.937500
vt 0.734375 0.093750
vt 0.750000 0.093750
vt 0.734375 0.500000
vt 0.750000 0.500000
vt 0.734375 0.906250
vt 0.750000 0.906250
vt 0.734375 0.062500
vt 0.750000 0.062500
vt 0.734375 0.468750
vt 0.750000 0.468750
vt 0.750000 0.875000
vt 0.734375 0.875000
vt 0.734375 0.031250
vt 0.750000 0.031250
vt 0.734375 0.437500
vt 0.750000 0.437500
vt 0.750000 0.843750
vt 0.734375 0.843750
vt 0.742188 0.000000
vt 0.734375 0.406250
vt 0.750000 0.406250
vt 0.734375 0.812500
vt 0.750000 0.812500
vt 0.734375 0.375000
vt 0.750000 0.375000
vt 0.734375 0.781250
vt 0.750000 0.781250
vt 0.734375 0.343750
vt 0.750000 0.343750
vt 0.750000 0.750000
vt 0.734375 0.750000
vt 0.734375 0.312500
vt 0.750000 0.718750
vt 0.718750 0.468750
vt 0.718750 0.437500
vt 0.718750 0.843750
vt 0.726562 0.000000
vt 0.718750 0.031250
vt 0.718750 0.406250
vt 0.718750 0.812500
vt 0.718750 0.375000
vt 0.718750 0.781250
vt 0.718750 0.343750
vt 0.718750 0.750000
vt 0.718750 0.312500
vt 0.718750 0.718750
vt 0.718750 0.281250
vt 0.718750 0.687500
vt 0.718750 0.250000
vt 0.718750 0.656250
vt 0.718750 0.218750
vt 0.718750 0.625000
vt 0.718750 0.187500
vt 0.718750 0.593750
vt 0.718750 0.156250
vt 0.718750 0.562500
vt 0.726562 1.000000
vt 0.718750 0.968750
vt 0.718750 0.125000
vt 0.718750 0.531250
vt 0.718750 0.937500
vt 0.718750 0.093750
vt 0.718750 0.500000
vt 0.718750 0.906250
vt 0.718750 0.062500
vt 0.718750 0.875000
vt 0.703125 0.375000
vt 0.703125 0.812500
vt 0.703125 0.781250
vt 0.703125 0.343750
vt 0.703125 0.750000
vt 0.703125 0.312500
vt 0.703125 0.718750
vt 0.703125 0.281250
vt 0.703125 0.687500
vt 0.703125 0.250000
vt 0.703125 0.656250
vt 0.703125 0.218750
vt 0.703125 0.625000
vt 0.703125 0.187500
vt 0.703125 0.593750
vt 0.703125 0.156250
vt 0.703125 0.562500
vt 0.710938 1.000000
vt 0.703125 0.968750
vt 0.703125 0.125000
vt 0.703125 0.531250
vt 0.703125 0.937500
vt 0.703125 0.093750
vt 0.703125 0.500000
vt 0.703125 0.906250
vt 0.703125 0.062500
vt 0.703125 0.468750
vt 0.703125 0.875000
vt 0.703125 0.031250
vt 0.703125 0.437500
vt 0.703125 0.843750
vt 0.710938 0.000000
vt 0.703125 0.406250
vt 0.687500 0.343750
vt 0.687500 0.312500
vt 0.687500 0.718750
vt 0.687500 0.281250
vt 0.687500 0.687500
vt 0.687500 0.250000
vt 0.687500 0.656250
vt 0.687500 0.218750
vt 0.687500 0.625000
vt 0.687500 0.187500
vt 0.687500 0.593750
vt 0.687500 0.156250
vt 0.687500 0.562500
vt 0.695312 1.000000
vt 0.687500 0.968750
vt 0.687500 0.125000
vt 0.687500 0.531250
vt 0.687500 0.937500
vt 0.687500 0.093750
vt 0.687500 0.500000
vt 0.687500 0.906250
vt 0.687500 0.062500
vt 0.687500 0.468750
vt 0.687500 0.875000
vt 0.687500 0.031250
vt 0.687500 0.437500
vt 0.687500 0.843750
vt 0.695312 0.000000
vt 0.687500 0.406250
vt 0.687500 0.812500
vt 0.687500 0.375000
vt 0.687500 0.781250
vt 0.687500 0.750000
vt 0.671875 0.281250
vt 0.671875 0.250000
vt 0.671875 0.687500
vt 0.671875 0.656250
vt 0.671875 0.218750
vt 0.671875 0.625000
vt 0.671875 0.187500
vt 0.671875 0.593750
vt 0.671875 0.156250
vt 0.671875 0.562500
vt 0.679688 1.000000
vt 0.671875 0.968750
vt 0.671875 0.125000
vt 0.671875 0.531250
vt 0.671875 0.937500
vt 0.671875 0.093750
vt 0.671875 0.500000
vt 0.671875 0.906250
vt 0.671875 0.062500
vt 0.671875 0.468750
vt 0.671875 0.875000
vt 0.671875 0.031250
vt 0.671875 0.437500
vt 0.671875 0.843750
vt 0.679688 0.000000
vt 0.671875 0.406250
vt 0.671875 0.812500
vt 0.671875 0.375000
vt 0.671875 0.781250
vt 0.671875 0.343750
vt 0.671875 0.750000
vt 0.671875 0.312500
vt 0.671875 0.718750
vt 0.656250 0.187500
vt 0.656250 0.593750
vt 0.656250 0.156250
vt 0.656250 0.562500
vt 0.664062 1.000000
vt 0.656250 0.968750
vt 0.656250 0.125000
vt 0.656250 0.531250
vt 0.656250 0.937500
vt 0.656250 0.093750
vt 0.656250 0.500000
vt 0.656250 0.906250
vt 0.656250 0.062500
vt 0.656250 0.468750
vt 0.656250 0.875000
vt 0.656250 0.031250
vt 0.656250 0.437500
vt 0.656250 0.843750
vt 0.664062 0.000000
vt 0.656250 0.406250
vt 0.656250 0.812500
vt 0.656250 0.375000
vt 0.656250 0.781250
vt 0.656250 0.343750
vt 0.656250 0.750000
vt 0.656250 0.312500
vt 0.656250 0.718750
vt 0.656250 0.281250
vt 0.656250 0.687500
vt 0.656250 0.250000
vt 0.656250 0.656250
vt 0.656250 0.218750
vt 0.656250 0.625000
vt 0.648438 1.000000
vt 0.640625 0.968750
vt 0.640625 0.125000
vt 0.640625 0.531250
vt 0.640625 0.937500
vt 0.640625 0.093750
vt 0.640625 0.500000
vt 0.640625 0.906250
vt 0.640625 0.062500
vt 0.640625 0.468750
vt 0.640625 0.875000
vt 0.640625 0.031250
vt 0.640625 0.437500
vt 0.640625 0.843750
vt 0.648438 0.000000
vt 0.640625 0.406250
vt 0.640625 0.812500
vt 0.640625 0.375000
vt 0.640625 0.781250
vt 0.640625 0.343750
vt 0.640625 0.750000
vt 0.640625 0.312500
vt 0.640625 0.718750
vt 0.640625 0.281250
vt 0.640625 0.687500
vt 0.640625 0.250000
vt 0.640625 0.656250
vt 0.640625 0.218750
vt 0.640625 0.625000
vt 0.640625 0.187500
vt 0.640625 0.593750
vt 0.640625 0.156250
vt 0.640625 0.562500
vt 0.625000 0.906250
vt 0.625000 0.062500
vt 0.625000 0.468750
vt 0.625000 0.875000
vt 0.625000 0.031250
vt 0.625000 0.437500
vt 0.625000 0.843750
vt 0.632812 0.000000
vt 0.625000 0.406250
vt 0.625000 0.812500
vt 0.625000 0.375000
vt 0.625000 0.781250
vt 0.625000 0.343750
vt 0.625000 0.750000
vt 0.625000 0.312500
vt 0.625000 0.718750
vt 0.625000 0.281250
vt 0.625000 0.687500
vt 0.625000 0.250000
vt 0.625000 0.656250
vt 0.625000 0.218750
vt 0.625000 0.625000
vt 0.625000 0.187500
vt 0.625000 0.593750
vt 0.625000 0.156250
vt 0.625000 0.562500
vt 0.632812 1.000000
vt 0.625000 0.968750
vt 0.625000 0.125000
vt 0.625000 0.531250
vt 0.625000 0.937500
vt 0.625000 0.093750
vt 0.625000 0.500000
vt 0.609375 0.875000
vt 0.609375 0.843750
vt 0.617188 0.000000
vt 0.609375 0.031250
vt 0.609375 0.406250
vt 0.609375 0.812500
vt 0.609375 0.375000
vt 0.609375 0.781250
vt 0.609375 0.343750
vt 0.609375 0.750000
vt 0.609375 0.312500
vt 0.609375 0.718750
vt 0.609375 0.281250
vt 0.609375 0.687500
vt 0.609375 0.250000
vt 0.609375 0.656250
vt 0.609375 0.218750
vt 0.609375 0.625000
vt 0.609375 0.187500
vt 0.609375 0.593750
vt 0.609375 0.156250
vt 0.609375 0.562500
vt 0.617188 1.000000
vt 0.609375 0.968750
vt 0.609375 0.125000
vt 0.609375 0.531250
vt 0.609375 0.937500
vt 0.609375 0.093750
vt 0.609375 0.500000
vt 0.609375 0.906250
vt 0.609375 0.062500
vt 0.609375 0.468750
vt 0.609375 0.437500
vt 0.593750 0.781250
vt 0.593750 0.343750
vt 0.593750 0.750000
vt 0.593750 0.312500
vt 0.593750 0.718750
vt 0.593750 0.281250
vt 0.593750 0.687500
vt 0.593750 0.250000
vt 0.593750 0.656250
vt 0.593750 0.218750
vt 0.593750 0.625000
vt 0.593750 0.187500
vt 0.593750 0.593750
vt 0.593750 0.156250
vt 0.593750 0.562500
vt 0.601562 1.000000
vt 0.593750 0.968750
vt 0.593750 0.125000
vt 0.593750 0.531250
vt 0.593750 0.937500
vt 0.593750 0.093750
vt 0.593750 0.500000
vt 0.593750 0.906250
vt 0.593750 0.062500
vt 0.593750 0.468750
vt 0.593750 0.875000
vt 0.593750 0.031250
vt 0.593750 0.437500
vt 0.593750 0.843750
vt 0.601562 0.000000
vt 0.593750 0.406250
vt 0.593750 0.812500
vt 0.593750 0.375000
vt 0.578125 0.718750
vt 0.578125 0.281250
vt 0.578125 0.687500
vt 0.578125 0.250000
vt 0.578125 0.656250
vt 0.578125 0.218750
vt 0.578125 0.625000
vt 0.578125 0.187500
vt 0.578125 0.593750
vt 0.578125 0.156250
vt 0.578125 0.562500
vt 0.585938 1.000000
vt 0.578125 0.968750
vt 0.578125 0.125000
vt 0.578125 0.531250
vt 0.578125 0.937500
vt 0.578125 0.093750
vt 0.578125 0.500000
vt 0.578125 0.906250
vt 0.578125 0.062500
vt 0.578125 0.468750
vt 0.578125 0.875000
vt 0.578125 0.031250
vt 0.578125 0.437500
vt 0.578125 0.843750
vt 0.585938 0.000000
vt 0.578125 0.406250
vt 0.578125 0.812500
vt 0.578125 0.375000
vt 0.578125 0.781250
vt 0.578125 0.343750
vt 0.578125 0.750000
vt 0.578125 0.312500
vt 0.562500 0.687500
vt 0.562500 0.656250
vt 0.562500 0.218750
vt 0.562500 0.625000
vt 0.562500 0.187500
vt 0.562500 0.593750
vt 0.562500 0.156250
vt 0.562500 0.562500
vt 0.570312 1.000000
vt 0.562500 0.968750
vt 0.562500 0.125000
vt 0.562500 0.531250
vt 0.562500 0.937500
vt 0.562500 0.093750
vt 0.562500 0.500000
vt 0.562500 0.906250
vt 0.562500 0.062500
vt 0.562500 0.468750
vt 0.562500 0.875000
vt 0.562500 0.031250
vt 0.562500 0.437500
vt 0.562500 0.843750
vt 0.570312 0.000000
vt 0.562500 0.406250
vt 0.562500 0.812500
vt 0.562500 0.375000
vt 0.562500 0.781250
vt 0.562500 0.343750
vt 0.562500 0.750000
vt 0.562500 0.312500
vt 0.562500 0.718750
vt 0.562500 0.281250
vt 0.562500 0.250000
vt 0.546875 0.593750
vt 0.546875 0.187500
vt 0.546875 0.156250
vt 0.546875 0.562500
vt 0.554688 1.000000
vt 0.546875 0.968750
vt 0.546875 0.125000
vt 0.546875 0.531250
vt 0.546875 0.937500
vt 0.546875 0.093750
vt 0.546875 0.500000
vt 0.546875 0.906250
vt 0.546875 0.062500
vt 0.546875 0.468750
vt 0.546875 0.875000
vt 0.546875 0.031250
vt 0.546875 0.437500
vt 0.546875 0.843750
vt 0.554688 0.000000
vt 0.546875 0.406250
vt 0.546875 0.812500
vt 0.546875 0.375000
vt 0.546875 0.781250
vt 0.546875 0.343750
vt 0.546875 0.750000
vt 0.546875 0.312500
vt 0.546875 0.718750
vt 0.546875 0.281250
vt 0.546875 0.687500
vt 0.546875 0.250000
vt 0.546875 0.656250
vt 0.546875 0.218750
vt 0.546875 0.625000
vt 0.531250 0.562500
vt 0.531250 0.531250
vt 0.531250 0.937500
vt 0.531250 0.093750
vt 0.531250 0.500000
vt 0.531250 0.906250
vt 0.531250 0.062500
vt 0.531250 0.468750
vt 0.531250 0.875000
vt 0.531250 0.031250
vt 0.531250 0.437500
vt 0.531250 0.843750
vt 0.539062 0.000000
vt 0.531250 0.406250
vt 0.531250 0.812500
vt 0.531250 0.375000
vt 0.531250 0.781250
vt 0.531250 0.343750
vt 0.531250 0.750000
vt 0.531250 0.312500
vt 0.531250 0.718750
vt 0.531250 0.281250
vt 0.531250 0.687500
vt 0.531250 0.250000
vt 0.531250 0.656250
vt 0.531250 0.218750
vt 0.531250 0.625000
vt 0.531250 0.187500
vt 0.531250 0.593750
vt 0.531250 0.156250
vt 0.539062 1.000000
vt 0.531250 0.968750
vt 0.531250 0.125000
vt 0.515625 0.500000
vt 0.515625 0.468750
vt 0.515625 0.906250
vt 0.515625 0.875000
vt 0.515625 0.062500
vt 0.515625 0.031250
vt 0.515625 0.437500
vt 0.515625 0.843750
vt 0.523438 0.000000
vt 0.515625 0.406250
vt 0.515625 0.812500
vt 0.515625 0.375000
vt 0.515625 0.781250
vt 0.515625 0.343750
vt 0.515625 0.750000
vt 0.515625 0.312500
vt 0.515625 0.718750
vt 0.515625 0.281250
vt 0.515625 0.687500
vt 0.515625 0.250000
vt 0.515625 0.656250
vt 0.515625 0.218750
vt 0.515625 0.625000
vt 0.515625 0.187500
vt 0.515625 0.593750
vt 0.515625 0.156250
vt 0.515625 0.562500
vt 0.523438 1.000000
vt 0.515625 0.968750
vt 0.515625 0.125000
vt 0.515625 0.531250
vt 0.515625 0.937500
vt 0.515625 0.093750
vt 0.500000 0.406250
vt 0.500000 0.812500
vt 0.500000 0.375000
vt 0.500000 0.781250
vt 0.500000 0.343750
vt 0.500000 0.750000
vt 0.500000 0.312500
vt 0.500000 0.718750
vt 0.500000 0.281250
vt 0.500000 0.687500
vt 0.500000 0.250000
vt 0.500000 0.656250
vt 0.500000 0.218750
vt 0.500000 0.625000
vt 0.500000 0.187500
vt 0.500000 0.593750
vt 0.500000 0.156250
vt 0.500000 0.562500
vt 0.507812 1.000000
vt 0.500000 0.968750
vt 0.500000 0.125000
vt 0.500000 0.531250
vt 0.500000 0.937500
vt 0.500000 0.093750
vt 0.500000 0.500000
vt 0.500000 0.906250
vt 0.500000 0.062500
vt 0.500000 0.468750
vt 0.500000 0.875000
vt 0.500000 0.031250
vt 0.500000 0.437500
vt 0.500000 0.843750
vt 0.507812 0.000000
vt 0.484375 0.343750
vt 0.484375 0.781250
vt 0.484375 0.750000
vt 0.484375 0.312500
vt 0.484375 0.718750
vt 0.484375 0.281250
vt 0.484375 0.687500
vt 0.484375 0.250000
vt 0.484375 0.656250
vt 0.484375 0.218750
vt 0.484375 0.625000
vt 0.484375 0.187500
vt 0.484375 0.593750
vt 0.484375 0.156250
vt 0.484375 0.562500
vt 0.492188 1.000000
vt 0.484375 0.968750
vt 0.484375 0.125000
vt 0.484375 0.531250
vt 0.484375 0.937500
vt 0.484375 0.093750
vt 0.484375 0.500000
vt 0.484375 0.906250
vt 0.484375 0.062500
vt 0.484375 0.468750
vt 0.484375 0.875000
vt 0.484375 0.031250
vt 0.484375 0.437500
vt 0.484375 0.843750
vt 0.492188 0.000000
vt 0.484375 0.406250
vt 0.484375 0.812500
vt 0.484375 0.375000
vt 0.468750 0.312500
vt 0.468750 0.281250
vt 0.468750 0.687500
vt 0.468750 0.250000
vt 0.468750 0.656250
vt 0.468750 0.218750
vt 0.468750 0.625000
vt 0.468750 0.187500
vt 0.468750 0.593750
vt 0.468750 0.156250
vt 0.468750 0.562500
vt 0.476562 1.000000
vt 0.468750 0.968750
vt 0.468750 0.125000
vt 0.468750 0.531250
vt 0.468750 0.937500
vt 0.468750 0.093750
vt 0.468750 0.500000
vt 0.468750 0.906250
vt 0.468750 0.062500
vt 0.468750 0.468750
vt 0.468750 0.875000
vt 0.468750 0.031250
vt 0.468750 0.437500
vt 0.468750 0.843750
vt 0.476562 0.000000
vt 0.468750 0.406250
vt 0.468750 0.812500
vt 0.468750 0.375000
vt 0.468750 0.781250
vt 0.468750 0.343750
vt 0.468750 0.750000
vt 0.468750 0.718750
vt 0.453125 0.218750
vt 0.453125 0.625000
vt 0.453125 0.187500
vt 0.453125 0.593750
vt 0.453125 0.156250
vt 0.453125 0.562500
vt 0.460938 1.000000
vt 0.453125 0.968750
vt 0.453125 0.125000
vt 0.453125 0.531250
vt 0.453125 0.937500
vt 0.453125 0.093750
vt 0.453125 0.500000
vt 0.453125 0.906250
vt 0.453125 0.062500
vt 0.453125 0.468750
vt 0.453125 0.875000
vt 0.453125 0.031250
vt 0.453125 0.437500
vt 0.453125 0.843750
vt 0.460938 0.000000
vt 0.453125 0.406250
vt 0.453125 0.812500
vt 0.453125 0.375000
vt 0.453125 0.781250
vt 0.453125 0.343750
vt 0.453125 0.750000
vt 0.453125 0.312500
vt 0.453125 0.718750
vt 0.453125 0.281250
vt 0.453125 0.687500
vt 0.453125 0.250000
vt 0.453125 0.656250
vt 0.437500 0.187500
vt 0.437500 0.156250
vt 0.437500 0.593750
vt 0.437500 0.562500
vt 0.445312 1.000000
vt 0.437500 0.968750
vt 0.437500 0.125000
vt 0.437500 0.531250
vt 0.437500 0.937500
vt 0.437500 0.093750
vt 0.437500 0.500000
vt 0.437500 0.906250
vt 0.437500 0.062500
vt 0.437500 0.468750
vt 0.437500 0.875000
vt 0.437500 0.031250
vt 0.437500 0.437500
vt 0.437500 0.843750
vt 0.445312 0.000000
vt 0.437500 0.406250
vt 0.437500 0.812500
vt 0.437500 0.375000
vt 0.437500 0.781250
vt 0.437500 0.343750
vt 0.437500 0.750000
vt 0.437500 0.312500
vt 0.437500 0.718750
vt 0.437500 0.281250
vt 0.437500 0.687500
vt 0.437500 0.250000
vt 0.437500 0.656250
vt 0.437500 0.218750
vt 0.437500 0.625000
vt 0.421875 0.125000
vt 0.421875 0.093750
vt 0.421875 0.500000
vt 0.421875 0.937500
vt 0.421875 0.906250
vt 0.421875 0.062500
vt 0.421875 0.468750
vt 0.421875 0.875000
vt 0.421875 0.031250
vt 0.421875 0.437500
vt 0.421875 0.843750
vt 0.429688 0.000000
vt 0.421875 0.406250
vt 0.421875 0.812500
vt 0.421875 0.375000
vt 0.421875 0.781250
vt 0.421875 0.343750
vt 0.421875 0.750000
vt 0.421875 0.312500
vt 0.421875 0.718750
vt 0.421875 0.281250
vt 0.421875 0.687500
vt 0.421875 0.250000
vt 0.421875 0.656250
vt 0.421875 0.218750
vt 0.421875 0.625000
vt 0.421875 0.187500
vt 0.421875 0.593750
vt 0.421875 0.156250
vt 0.421875 0.562500
vt 0.429688 1.000000
vt 0.421875 0.968750
vt 0.421875 0.531250
vt 0.406250 0.062500
vt 0.406250 0.031250
vt 0.406250 0.437500
vt 0.406250 0.843750
vt 0.414062 0.000000
vt 0.406250 0.406250
vt 0.406250 0.812500
vt 0.406250 0.375000
vt 0.406250 0.781250
vt 0.406250 0.343750
vt 0.406250 0.750000
vt 0.406250 0.312500
vt 0.406250 0.718750
vt 0.406250 0.281250
vt 0.406250 0.687500
vt 0.406250 0.250000
vt 0.406250 0.656250
vt 0.406250 0.218750
vt 0.406250 0.625000
vt 0.406250 0.187500
vt 0.406250 0.593750
vt 0.406250 0.156250
vt 0.406250 0.562500
vt 0.414062 1.000000
vt 0.406250 0.968750
vt 0.406250 0.125000
vt 0.406250 0.531250
vt 0.406250 0.937500
vt 0.406250 0.093750
vt 0.406250 0.500000
vt 0.406250 0.906250
vt 0.406250 0.468750
vt 0.406250 0.875000
vt 0.390625 0.406250
vt 0.390625 0.375000
vt 0.390625 0.812500
vt 0.390625 0.781250
vt 0.390625 0.343750
vt 0.390625 0.750000
vt 0.390625 0.312500
vt 0.390625 0.718750
vt 0.390625 0.281250
vt 0.390625 0.687500
vt 0.390625 0.250000
vt 0.390625 0.656250
vt 0.390625 0.218750
vt 0.390625 0.625000
vt 0.390625 0.187500
vt 0.390625 0.593750
vt 0.390625 0.156250
vt 0.390625 0.562500
vt 0.398438 1.000000
vt 0.390625 0.968750
vt 0.390625 0.125000
vt 0.390625 0.531250
vt 0.390625 0.937500
vt 0.390625 0.093750
vt 0.390625 0.500000
vt 0.390625 0.906250
vt 0.390625 0.062500
vt 0.390625 0.468750
vt 0.390625 0.875000
vt 0.390625 0.031250
vt 0.390625 0.437500
vt 0.390625 0.843750
vt 0.398438 0.000000
vt 0.375000 0.312500
vt 0.375000 0.718750
vt 0.375000 0.281250
vt 0.375000 0.687500
vt 0.375000 0.250000
vt 0.375000 0.656250
vt 0.375000 0.218750
vt 0.375000 0.625000
vt 0.375000 0.187500
vt 0.375000 0.593750
vt 0.375000 0.156250
vt 0.375000 0.562500
vt 0.382812 1.000000
vt 0.375000 0.968750
vt 0.375000 0.125000
vt 0.375000 0.531250
vt 0.375000 0.937500
vt 0.375000 0.093750
vt 0.375000 0.500000
vt 0.375000 0.906250
vt 0.375000 0.062500
vt 0.375000 0.468750
vt 0.375000 0.875000
vt 0.375000 0.031250
vt 0.375000 0.437500
vt 0.375000 0.843750
vt 0.382812 0.000000
vt 0.375000 0.406250
vt 0.375000 0.812500
vt 0.375000 0.375000
vt 0.375000 0.781250
vt 0.375000 0.343750
vt 0.375000 0.750000
vt 0.359375 0.281250
vt 0.359375 0.250000
vt 0.359375 0.687500
vt 0.359375 0.656250
vt 0.359375 0.218750
vt 0.359375 0.625000
vt 0.359375 0.187500
vt 0.359375 0.593750
vt 0.359375 0.156250
vt 0.359375 0.562500
vt 0.367188 1.000000
vt 0.359375 0.968750
vt 0.359375 0.125000
vt 0.359375 0.531250
vt 0.359375 0.937500
vt 0.359375 0.093750
vt 0.359375 0.500000
vt 0.359375 0.906250
vt 0.359375 0.062500
vt 0.359375 0.468750
vt 0.359375 0.875000
vt 0.359375 0.031250
vt 0.359375 0.437500
vt 0.359375 0.843750
vt 0.367188 0.000000
vt 0.359375 0.406250
vt 0.359375 0.812500
vt 0.359375 0.375000
vt 0.359375 0.781250
vt 0.359375 0.343750
vt 0.359375 0.750000
vt 0.359375 0.312500
vt 0.359375 0.718750
vt 0.343750 0.187500
vt 0.343750 0.593750
vt 0.343750 0.156250
vt 0.343750 0.562500
vt 0.351562 1.000000
vt 0.343750 0.968750
vt 0.343750 0.125000
vt 0.343750 0.531250
vt 0.343750 0.937500
vt 0.343750 0.093750
vt 0.343750 0.500000
vt 0.343750 0.906250
vt 0.343750 0.062500
vt 0.343750 0.468750
vt 0.343750 0.875000
vt 0.343750 0.031250
vt 0.343750 0.437500
vt 0.343750 0.843750
vt 0.351562 0.000000
vt 0.343750 0.406250
vt 0.343750 0.812500
vt 0.343750 0.375000
vt 0.343750 0.781250
vt 0.343750 0.343750
vt 0.343750 0.750000
vt 0.343750 0.312500
vt 0.343750 0.718750
vt 0.343750 0.281250
vt 0.343750 0.687500
vt 0.343750 0.250000
vt 0.343750 0.656250
vt 0.343750 0.218750
vt 0.343750 0.625000
vt 0.328125 0.218750
vt 0.328125 0.656250
vt 0.328125 0.625000
vt 0.328125 0.187500
vt 0.328125 0.593750
vt 0.328125 0.156250
vt 0.328125 0.562500
vt 0.335937 1.000000
vt 0.328125 0.968750
vt 0.328125 0.125000
vt 0.328125 0.531250
vt 0.328125 0.937500
vt 0.328125 0.093750
vt 0.328125 0.500000
vt 0.328125 0.906250
vt 0.328125 0.062500
vt 0.328125 0.468750
vt 0.328125 0.875000
vt 0.328125 0.031250
vt 0.328125 0.437500
vt 0.328125 0.843750
vt 0.335937 0.000000
vt 0.328125 0.406250
vt 0.328125 0.812500
vt 0.328125 0.375000
vt 0.328125 0.781250
vt 0.328125 0.343750
vt 0.328125 0.750000
vt 0.328125 0.312500
vt 0.328125 0.718750
vt 0.328125 0.281250
vt 0.328125 0.687500
vt 0.328125 0.250000
vt 0.312500 0.187500
vt 0.312500 0.156250
vt 0.312500 0.562500
vt 0.320312 1.000000
vt 0.312500 0.968750
vt 0.312500 0.125000
vt 0.312500 0.531250
vt 0.312500 0.937500
vt 0.312500 0.093750
vt 0.312500 0.500000
vt 0.312500 0.906250
vt 0.312500 0.062500
vt 0.312500 0.468750
vt 0.312500 0.875000
vt 0.312500 0.031250
vt 0.312500 0.437500
vt 0.312500 0.843750
vt 0.320312 0.000000
vt 0.312500 0.406250
vt 0.312500 0.812500
vt 0.312500 0.375000
vt 0.312500 0.781250
vt 0.312500 0.343750
vt 0.312500 0.750000
vt 0.312500 0.312500
vt 0.312500 0.718750
vt 0.312500 0.281250
vt 0.312500 0.687500
vt 0.312500 0.250000
vt 0.312500 0.656250
vt 0.312500 0.218750
vt 0.312500 0.625000
vt 0.312500 0.593750
vt 0.296875 0.937500
vt 0.296875 0.125000
vt 0.296875 0.093750
vt 0.296875 0.531250
vt 0.296875 0.500000
vt 0.296875 0.906250
vt 0.296875 0.062500
vt 0.296875 0.468750
vt 0.296875 0.875000
vt 0.296875 0.031250
vt 0.296875 0.437500
vt 0.296875 0.843750
vt 0.304688 0.000000
vt 0.296875 0.406250
vt 0.296875 0.812500
vt 0.296875 0.375000
vt 0.296875 0.781250
vt 0.296875 0.343750
vt 0.296875 0.750000
vt 0.296875 0.312500
vt 0.296875 0.718750
vt 0.296875 0.281250
vt 0.296875 0.687500
vt 0.296875 0.250000
vt 0.296875 0.656250
vt 0.296875 0.218750
vt 0.296875 0.625000
vt 0.296875 0.187500
vt 0.296875 0.593750
vt 0.296875 0.156250
vt 0.296875 0.562500
vt 0.304688 1.000000
vt 0.296875 0.968750
vt 0.281250 0.875000
vt 0.281250 0.062500
vt 0.281250 0.031250
vt 0.281250 0.437500
vt 0.281250 0.843750
vt 0.289062 0.000000
vt 0.281250 0.406250
vt 0.281250 0.812500
vt 0.281250 0.375000
vt 0.281250 0.781250
vt 0.281250 0.343750
vt 0.281250 0.750000
vt 0.281250 0.312500
vt 0.281250 0.718750
vt 0.281250 0.281250
vt 0.281250 0.687500
vt 0.281250 0.250000
vt 0.281250 0.656250
vt 0.281250 0.218750
vt 0.281250 0.625000
vt 0.281250 0.187500
vt 0.281250 0.593750
vt 0.281250 0.156250
vt 0.281250 0.562500
vt 0.289062 1.000000
vt 0.281250 0.968750
vt 0.281250 0.125000
vt 0.281250 0.531250
vt 0.281250 0.937500
vt 0.281250 0.093750
vt 0.281250 0.500000
vt 0.281250 0.906250
vt 0.281250 0.468750
vt 0.265625 0.812500
vt 0.265625 0.406250
vt 0.265625 0.375000
vt 0.265625 0.781250
vt 0.265625 0.343750
vt 0.265625 0.750000
vt 0.265625 0.312500
vt 0.265625 0.718750
vt 0.265625 0.281250
vt 0.265625 0.687500
vt 0.265625 0.250000
vt 0.265625 0.656250
vt 0.265625 0.218750
vt 0.265625 0.625000
vt 0.265625 0.187500
vt 0.265625 0.593750
vt 0.265625 0.156250
vt 0.265625 0.562500
vt 0.273438 1.000000
vt 0.265625 0.968750
vt 0.265625 0.125000
vt 0.265625 0.531250
vt 0.265625 0.937500
vt 0.265625 0.093750
vt 0.265625 0.500000
vt 0.265625 0.906250
vt 0.265625 0.062500
vt 0.265625 0.468750
vt 0.265625 0.875000
vt 0.265625 0.031250
vt 0.265625 0.437500
vt 0.265625 0.843750
vt 0.273438 0.000000
vt 0.250000 0.781250
vt 0.250000 0.750000
vt 0.250000 0.312500
vt 0.250000 0.718750
vt 0.250000 0.281250
vt 0.250000 0.687500
vt 0.250000 0.250000
vt 0.250000 0.656250
vt 0.250000 0.218750
vt 0.250000 0.625000
vt 0.250000 0.187500
vt 0.250000 0.593750
vt 0.250000 0.156250
vt 0.250000 0.562500
vt 0.257812 1.000000
vt 0.250000 0.968750
vt 0.250000 0.125000
vt 0.250000 0.531250
vt 0.250000 0.937500
vt 0.250000 0.093750
vt 0.250000 0.500000
vt 0.250000 0.906250
vt 0.250000 0.062500
vt 0.250000 0.468750
vt 0.250000 0.875000
vt 0.250000 0.031250
vt 0.250000 0.437500
vt 0.250000 0.843750
vt 0.257812 0.000000
vt 0.250000 0.406250
vt 0.250000 0.812500
vt 0.250000 0.375000
vt 0.250000 0.343750
vt 0.234375 0.687500
vt 0.234375 0.281250
vt 0.234375 0.250000
vt 0.234375 0.656250
vt 0.234375 0.218750
vt 0.234375 0.625000
vt 0.234375 0.187500
vt 0.234375 0.593750
vt 0.234375 0.156250
vt 0.234375 0.562500
vt 0.242187 1.000000
vt 0.234375 0.968750
vt 0.234375 0.125000
vt 0.234375 0.531250
vt 0.234375 0.937500
vt 0.234375 0.093750
vt 0.234375 0.500000
vt 0.234375 0.906250
vt 0.234375 0.062500
vt 0.234375 0.468750
vt 0.234375 0.875000
vt 0.234375 0.031250
vt 0.234375 0.437500
vt 0.234375 0.843750
vt 0.242187 0.000000
vt 0.234375 0.406250
vt 0.234375 0.812500
vt 0.234375 0.375000
vt 0.234375 0.781250
vt 0.234375 0.343750
vt 0.234375 0.750000
vt 0.234375 0.312500
vt 0.234375 0.718750
vt 0.218750 0.656250
vt 0.218750 0.625000
vt 0.218750 0.187500
vt 0.218750 0.593750
vt 0.218750 0.156250
vt 0.218750 0.562500
vt 0.226562 1.000000
vt 0.218750 0.968750
vt 0.218750 0.125000
vt 0.218750 0.531250
vt 0.218750 0.937500
vt 0.218750 0.093750
vt 0.218750 0.500000
vt 0.218750 0.906250
vt 0.218750 0.062500
vt 0.218750 0.468750
vt 0.218750 0.875000
vt 0.218750 0.031250
vt 0.218750 0.437500
vt 0.218750 0.843750
vt 0.226562 0.000000
vt 0.218750 0.406250
vt 0.218750 0.812500
vt 0.218750 0.375000
vt 0.218750 0.781250
vt 0.218750 0.343750
vt 0.218750 0.750000
vt 0.218750 0.312500
vt 0.218750 0.718750
vt 0.218750 0.281250
vt 0.218750 0.687500
vt 0.218750 0.250000
vt 0.218750 0.218750
vt 0.203125 0.562500
vt 0.210938 1.000000
vt 0.203125 0.968750
vt 0.203125 0.156250
vt 0.203125 0.125000
vt 0.203125 0.531250
vt 0.203125 0.937500
vt 0.203125 0.093750
vt 0.203125 0.500000
vt 0.203125 0.906250
vt 0.203125 0.062500
vt 0.203125 0.468750
vt 0.203125 0.875000
vt 0.203125 0.031250
vt 0.203125 0.437500
vt 0.203125 0.843750
vt 0.210938 0.000000
vt 0.203125 0.406250
vt 0.203125 0.812500
vt 0.203125 0.375000
vt 0.203125 0.781250
vt 0.203125 0.343750
vt 0.203125 0.750000
vt 0.203125 0.312500
vt 0.203125 0.718750
vt 0.203125 0.281250
vt 0.203125 0.687500
vt 0.203125 0.250000
vt 0.203125 0.656250
vt 0.203125 0.218750
vt 0.203125 0.625000
vt 0.203125 0.187500
vt 0.203125 0.593750
vt 0.187500 0.531250
vt 0.187500 0.500000
vt 0.187500 0.906250
vt 0.187500 0.062500
vt 0.187500 0.468750
vt 0.187500 0.875000
vt 0.187500 0.031250
vt 0.187500 0.437500
vt 0.187500 0.843750
vt 0.195312 0.000000
vt 0.187500 0.406250
vt 0.187500 0.812500
vt 0.187500 0.375000
vt 0.187500 0.781250
vt 0.187500 0.343750
vt 0.187500 0.750000
vt 0.187500 0.312500
vt 0.187500 0.718750
vt 0.187500 0.281250
vt 0.187500 0.687500
vt 0.187500 0.250000
vt 0.187500 0.656250
vt 0.187500 0.218750
vt 0.187500 0.625000
vt 0.187500 0.187500
vt 0.187500 0.593750
vt 0.187500 0.156250
vt 0.187500 0.562500
vt 0.195312 1.000000
vt 0.187500 0.968750
vt 0.187500 0.125000
vt 0.187500 0.937500
vt 0.187500 0.093750
vt 0.171875 0.437500
vt 0.171875 0.875000
vt 0.171875 0.843750
vt 0.179687 0.000000
vt 0.171875 0.031250
vt 0.171875 0.406250
vt 0.171875 0.812500
vt 0.171875 0.375000
vt 0.171875 0.781250
vt 0.171875 0.343750
vt 0.171875 0.750000
vt 0.171875 0.312500
vt 0.171875 0.718750
vt 0.171875 0.281250
vt 0.171875 0.687500
vt 0.171875 0.250000
vt 0.171875 0.656250
vt 0.171875 0.218750
vt 0.171875 0.625000
vt 0.171875 0.187500
vt 0.171875 0.593750
vt 0.171875 0.156250
vt 0.171875 0.562500
vt 0.179687 1.000000
vt 0.171875 0.968750
vt 0.171875 0.125000
vt 0.171875 0.531250
vt 0.171875 0.937500
vt 0.171875 0.093750
vt 0.171875 0.500000
vt 0.171875 0.906250
vt 0.171875 0.062500
vt 0.171875 0.468750
vt 0.156250 0.375000
vt 0.156250 0.812500
vt 0.156250 0.781250
vt 0.156250 0.343750
vt 0.156250 0.750000
vt 0.156250 0.312500
vt 0.156250 0.718750
vt 0.156250 0.281250
vt 0.156250 0.687500
vt 0.156250 0.250000
vt 0.156250 0.656250
vt 0.156250 0.218750
vt 0.156250 0.625000
vt 0.156250 0.187500
vt 0.156250 0.593750
vt 0.156250 0.156250
vt 0.156250 0.562500
vt 0.164062 1.000000
vt 0.156250 0.968750
vt 0.156250 0.125000
vt 0.156250 0.531250
vt 0.156250 0.937500
vt 0.156250 0.093750
vt 0.156250 0.500000
vt 0.156250 0.906250
vt 0.156250 0.062500
vt 0.156250 0.468750
vt 0.156250 0.875000
vt 0.156250 0.031250
vt 0.156250 0.437500
vt 0.156250 0.843750
vt 0.164062 0.000000
vt 0.156250 0.406250
vt 0.140625 0.312500
vt 0.140625 0.718750
vt 0.140625 0.281250
vt 0.140625 0.687500
vt 0.140625 0.250000
vt 0.140625 0.656250
vt 0.140625 0.218750
vt 0.140625 0.625000
vt 0.140625 0.187500
vt 0.140625 0.593750
vt 0.140625 0.156250
vt 0.140625 0.562500
vt 0.148438 1.000000
vt 0.140625 0.968750
vt 0.140625 0.125000
vt 0.140625 0.531250
vt 0.140625 0.937500
vt 0.140625 0.093750
vt 0.140625 0.500000
vt 0.140625 0.906250
vt 0.140625 0.062500
vt 0.140625 0.468750
vt 0.140625 0.875000
vt 0.140625 0.031250
vt 0.140625 0.437500
vt 0.140625 0.843750
vt 0.148438 0.000000
vt 0.140625 0.406250
vt 0.140625 0.812500
vt 0.140625 0.375000
vt 0.140625 0.781250
vt 0.140625 0.343750
vt 0.140625 0.750000
vt 0.125000 0.281250
vt 0.125000 0.250000
vt 0.125000 0.687500
vt 0.125000 0.656250
vt 0.125000 0.218750
vt 0.125000 0.625000
vt 0.125000 0.187500
vt 0.125000 0.593750
vt 0.125000 0.156250
vt 0.125000 0.562500
vt 0.132812 1.000000
vt 0.125000 0.968750
vt 0.125000 0.125000
vt 0.125000 0.531250
vt 0.125000 0.937500
vt 0.125000 0.093750
vt 0.125000 0.500000
vt 0.125000 0.906250
vt 0.125000 0.062500
vt 0.125000 0.468750
vt 0.125000 0.875000
vt 0.125000 0.031250
vt 0.125000 0.437500
vt 0.125000 0.843750
vt 0.132812 0.000000
vt 0.125000 0.406250
vt 0.125000 0.812500
vt 0.125000 0.375000
vt 0.125000 0.781250
vt 0.125000 0.343750
vt 0.125000 0.750000
vt 0.125000 0.312500
vt 0.125000 0.718750
vt 0.109375 0.187500
vt 0.109375 0.593750
vt 0.109375 0.156250
vt 0.109375 0.562500
vt 0.117188 1.000000
vt 0.109375 0.968750
vt 0.109375 0.125000
vt 0.109375 0.531250
vt 0.109375 0.937500
vt 0.109375 0.093750
vt 0.109375 0.500000
vt 0.109375 0.906250
vt 0.109375 0.062500
vt 0.109375 0.468750
vt 0.109375 0.875000
vt 0.109375 0.031250
vt 0.109375 0.437500
vt 0.109375 0.843750
vt 0.117188 0.000000
vt 0.109375 0.406250
vt 0.109375 0.812500
vt 0.109375 0.375000
vt 0.109375 0.781250
vt 0.109375 0.343750
vt 0.109375 0.750000
vt 0.109375 0.312500
vt 0.109375 0.718750
vt 0.109375 0.281250
vt 0.109375 0.687500
vt 0.109375 0.250000
vt 0.109375 0.656250
vt 0.109375 0.218750
vt 0.109375 0.625000
vt 0.093750 0.125000
vt 0.093750 0.562500
vt 0.093750 0.531250
vt 0.093750 0.937500
vt 0.093750 0.093750
vt 0.093750 0.500000
vt 0.093750 0.906250
vt 0.093750 0.062500
vt 0.093750 0.468750
vt 0.093750 0.875000
vt 0.093750 0.031250
vt 0.093750 0.437500
vt 0.093750 0.843750
vt 0.101562 0.000000
vt 0.093750 0.406250
vt 0.093750 0.812500
vt 0.093750 0.375000
vt 0.093750 0.781250
vt 0.093750 0.343750
vt 0.093750 0.750000
vt 0.093750 0.312500
vt 0.093750 0.718750
vt 0.093750 0.281250
vt 0.093750 0.687500
vt 0.093750 0.250000
vt 0.093750 0.656250
vt 0.093750 0.218750
vt 0.093750 0.625000
vt 0.093750 0.187500
vt 0.093750 0.593750
vt 0.093750 0.156250
vt 0.101562 1.000000
vt 0.093750 0.968750
vt 0.078125 0.062500
vt 0.078125 0.468750
vt 0.078125 0.875000
vt 0.078125 0.031250
vt 0.078125 0.437500
vt 0.078125 0.843750
vt 0.085937 0.000000
vt 0.078125 0.406250
vt 0.078125 0.812500
vt 0.078125 0.375000
vt 0.078125 0.781250
vt 0.078125 0.343750
vt 0.078125 0.750000
vt 0.078125 0.312500
vt 0.078125 0.718750
vt 0.078125 0.281250
vt 0.078125 0.687500
vt 0.078125 0.250000
vt 0.078125 0.656250
vt 0.078125 0.218750
vt 0.078125 0.625000
vt 0.078125 0.187500
vt 0.078125 0.593750
vt 0.078125 0.156250
vt 0.078125 0.562500
vt 0.085937 1.000000
vt 0.078125 0.968750
vt 0.078125 0.125000
vt 0.078125 0.531250
vt 0.078125 0.937500
vt 0.078125 0.093750
vt 0.078125 0.500000
vt 0.078125 0.906250
vt 0.070312 0.000000
vt 0.062500 0.031250
vt 0.062500 0.437500
vt 0.062500 0.406250
vt 0.062500 0.812500
vt 0.062500 0.375000
vt 0.062500 0.781250
vt 0.062500 0.343750
vt 0.062500 0.750000
vt 0.062500 0.312500
vt 0.062500 0.718750
vt 0.062500 0.281250
vt 0.062500 0.687500
vt 0.062500 0.250000
vt 0.062500 0.656250
vt 0.062500 0.218750
vt 0.062500 0.625000
vt 0.062500 0.187500
vt 0.062500 0.593750
vt 0.062500 0.156250
vt 0.062500 0.562500
vt 0.070312 1.000000
vt 0.062500 0.968750
vt 0.062500 0.125000
vt 0.062500 0.531250
vt 0.062500 0.937500
vt 0.062500 0.093750
vt 0.062500 0.500000
vt 0.062500 0.906250
vt 0.062500 0.062500
vt 0.062500 0.468750
vt 0.062500 0.875000
vt 0.062500 0.843750
vt 0.046875 0.343750
vt 0.046875 0.781250
vt 0.046875 0.750000
vt 0.046875 0.312500
vt 0.046875 0.718750
vt 0.046875 0.281250
vt 0.046875 0.687500
vt 0.046875 0.250000
vt 0.046875 0.656250
vt 0.046875 0.218750
vt 0.046875 0.625000
vt 0.046875 0.187500
vt 0.046875 0.593750
vt 0.046875 0.156250
vt 0.046875 0.562500
vt 0.054688 1.000000
vt 0.046875 0.968750
vt 0.046875 0.125000
vt 0.046875 0.531250
vt 0.046875 0.937500
vt 0.046875 0.093750
vt 0.046875 0.500000
vt 0.046875 0.906250
vt 0.046875 0.062500
vt 0.046875 0.468750
vt 0.046875 0.875000
vt 0.046875 0.031250
vt 0.046875 0.437500
vt 0.046875 0.843750
vt 0.054688 0.000000
vt 0.046875 0.406250
vt 0.046875 0.812500
vt 0.046875 0.375000
vt 0.031250 0.312500
vt 0.031250 0.281250
vt 0.031250 0.687500
vt 0.031250 0.250000
vt 0.031250 0.656250
vt 0.031250 0.218750
vt 0.031250 0.625000
vt 0.031250 0.187500
vt 0.031250 0.593750
vt 0.031250 0.156250
vt 0.031250 0.562500
vt 0.039062 1.000000
vt 0.031250 0.968750
vt 0.031250 0.125000
vt 0.031250 0.531250
vt 0.031250 0.937500
vt 0.031250 0.093750
vt 0.031250 0.500000
vt 0.031250 0.906250
vt 0.031250 0.062500
vt 0.031250 0.468750
vt 0.031250 0.875000
vt 0.031250 0.031250
vt 0.031250 0.437500
vt 0.031250 0.843750
vt 0.039062 0.000000
vt 0.031250 0.406250
vt 0.031250 0.812500
vt 0.031250 0.375000
vt 0.031250 0.781250
vt 0.031250 0.343750
vt 0.031250 0.750000
vt 0.031250 0.718750
vt 0.015625 0.218750
vt 0.015625 0.656250
vt 0.015625 0.625000
vt 0.015625 0.187500
vt 0.015625 0.593750
vt 0.015625 0.156250
vt 0.015625 0.562500
vt 0.023438 1.000000
vt 0.015625 0.968750
vt 0.015625 0.125000
vt 0.015625 0.531250
vt 0.015625 0.937500
vt 0.015625 0.093750
vt 0.015625 0.500000
vt 0.015625 0.906250
vt 0.015625 0.062500
vt 0.015625 0.468750
vt 0.015625 0.875000
vt 0.015625 0.031250
vt 0.015625 0.437500
vt 0.015625 0.843750
vt 0.023438 0.000000
vt 0.015625 0.406250
vt 0.015625 0.812500
vt 0.015625 0.375000
vt 0.015625 0.781250
vt 0.015625 0.343750
vt 0.015625 0.750000
vt 0.015625 0.312500
vt 0.015625 0.718750
vt 0.015625 0.281250
vt 0.015625 0.687500
vt 0.015625 0.250000
vt 0.000000 0.187500
vt 0.000000 0.156250
vt 0.000000 0.562500
vt 0.007812 1.000000
vt 0.000000 0.968750
vt 0.000000 0.125000
vt 0.000000 0.531250
vt 0.000000 0.937500
vt 0.000000 0.093750
vt 0.000000 0.500000
vt 0.000000 0.906250
vt 0.000000 0.062500
vt 0.000000 0.468750
vt 0.000000 0.875000
vt 0.000000 0.031250
vt 0.000000 0.437500
vt 0.000000 0.843750
vt 0.007812 0.000000
vt 0.000000 0.406250
vt 0.000000 0.812500
vt 0.000000 0.375000
vt 0.000000 0.781250
vt 0.000000 0.343750
vt 0.000000 0.750000
vt 0.000000 0.312500
vt 0.000000 0.718750
vt 0.000000 0.281250
vt 0.000000 0.687500
vt 0.000000 0.250000
vt 0.000000 0.656250
vt 0.000000 0.218750
vt 0.000000 0.625000
vt 0.000000 0.593750
vt 1.000000 0.968750
vt 0.984375 0.937500
vt 1.000000 0.937500
vt 1.000000 0.093750
vt 0.984375 0.125000
vt 0.984375 0.093750
vt 1.000000 0.500000
vt 0.984375 0.531250
vt 0.984375 0.500000
vt 1.000000 0.906250
vt 0.984375 0.906250
vt 0.984375 0.062500
vt 1.000000 0.062500
vt 0.984375 0.468750
vt 1.000000 0.468750
vt 0.984375 0.875000
vt 1.000000 0.875000
vt 0.984375 0.031250
vt 1.000000 0.031250
vt 0.984375 0.437500
vt 1.000000 0.437500
vt 1.000000 0.843750
vt 0.984375 0.843750
vt 0.992188 0.000000
vt 1.000000 0.406250
vt 0.984375 0.406250
vt 0.984375 0.812500
vt 1.000000 0.812500
vt 0.984375 0.375000
vt 1.000000 0.375000
vt 0.984375 0.781250
vt 1.000000 0.781250
vt 0.984375 0.343750
vt 1.000000 0.343750
vt 1.000000 0.750000
vt 0.984375 0.750000
vt 0.984375 0.312500
vt 1.000000 0.312500
vt 0.984375 0.718750
vt 1.000000 0.718750
vt 1.000000 0.281250
vt 0.984375 0.281250
vt 0.984375 0.687500
vt 1.000000 0.687500
vt 1.000000 0.250000
vt 0.984375 0.250000
vt 1.000000 0.656250
vt 0.984375 0.656250
vt 0.984375 0.218750
vt 1.000000 0.218750
vt 1.000000 0.625000
vt 0.984375 0.625000
vt 1.000000 0.187500
vt 0.984375 0.187500
vt 1.000000 0.593750
vt 0.984375 0.593750
vt 1.000000 0.156250
vt 0.984375 0.156250
vt 0.984375 0.562500
vt 1.000000 0.562500
vt 0.992188 1.000000
vt 0.984375 0.968750
vt 1.000000 0.125000
vt 1.000000 0.531250
vt 0.968750 0.875000
vt 0.968750 0.031250
vt 0.968750 0.437500
vt 0.968750 0.843750
vt 0.976562 0.000000
vt 0.968750 0.406250
vt 0.968750 0.812500
vt 0.968750 0.375000
vt 0.968750 0.781250
vt 0.968750 0.343750
vt 0.968750 0.750000
vt 0.968750 0.312500
vt 0.968750 0.718750
vt 0.968750 0.281250
vt 0.968750 0.687500
vt 0.968750 0.250000
vt 0.968750 0.656250
vt 0.968750 0.218750
vt 0.968750 0.625000
vt 0.968750 0.187500
vt 0.968750 0.593750
vt 0.968750 0.156250
vt 0.968750 0.562500
vt 0.976562 1.000000
vt 0.968750 0.968750
vt 0.968750 0.125000
vt 0.968750 0.531250
vt 0.968750 0.937500
vt 0.968750 0.093750
vt 0.968750 0.500000
vt 0.968750 0.906250
vt 0.968750 0.062500
vt 0.968750 0.468750
vt 0.953125 0.812500
vt 0.953125 0.375000
vt 0.953125 0.781250
vt 0.953125 0.343750
vt 0.953125 0.750000
vt 0.953125 0.312500
vt 0.953125 0.718750
vt 0.953125 0.281250
vt 0.953125 0.687500
vt 0.953125 0.250000
vt 0.953125 0.656250
vt 0.953125 0.218750
vt 0.953125 0.625000
vt 0.953125 0.187500
vt 0.953125 0.593750
vt 0.953125 0.156250
vt 0.953125 0.562500
vt 0.960938 1.000000
vt 0.953125 0.968750
vt 0.953125 0.125000
vt 0.953125 0.531250
vt 0.953125 0.937500
vt 0.953125 0.093750
vt 0.953125 0.500000
vt 0.953125 0.906250
vt 0.953125 0.062500
vt 0.953125 0.468750
vt 0.953125 0.875000
vt 0.953125 0.031250
vt 0.953125 0.437500
vt 0.953125 0.843750
vt 0.960938 0.000000
vt 0.953125 0.406250
vt 0.937500 0.812500
vt 0.937500 0.375000
vt 0.937500 0.781250
vt 0.937500 0.343750
vt 0.937500 0.750000
vt 0.937500 0.312500
vt 0.937500 0.718750
vt 0.937500 0.281250
vt 0.937500 0.687500
vt 0.937500 0.250000
vt 0.937500 0.656250
vt 0.937500 0.218750
vt 0.937500 0.625000
vt 0.937500 0.187500
vt 0.937500 0.593750
vt 0.937500 0.156250
vt 0.937500 0.562500
vt 0.945312 1.000000
vt 0.937500 0.968750
vt 0.937500 0.125000
vt 0.937500 0.531250
vt 0.937500 0.937500
vt 0.937500 0.093750
vt 0.937500 0.500000
vt 0.937500 0.906250
vt 0.937500 0.062500
vt 0.937500 0.468750
vt 0.937500 0.875000
vt 0.937500 0.031250
vt 0.937500 0.437500
vt 0.937500 0.843750
vt 0.945312 0.000000
vt 0.937500 0.406250
vt 0.921875 0.781250
vt 0.921875 0.750000
vt 0.921875 0.312500
vt 0.921875 0.718750
vt 0.921875 0.281250
vt 0.921875 0.687500
vt 0.921875 0.250000
vt 0.921875 0.656250
vt 0.921875 0.218750
vt 0.921875 0.625000
vt 0.921875 0.187500
vt 0.921875 0.593750
vt 0.921875 0.156250
vt 0.921875 0.562500
vt 0.929687 1.000000
vt 0.921875 0.968750
vt 0.921875 0.125000
vt 0.921875 0.531250
vt 0.921875 0.937500
vt 0.921875 0.093750
vt 0.921875 0.500000
vt 0.921875 0.906250
vt 0.921875 0.062500
vt 0.921875 0.468750
vt 0.921875 0.875000
vt 0.921875 0.031250
vt 0.921875 0.437500
vt 0.921875 0.843750
vt 0.929687 0.000000
vt 0.921875 0.406250
vt 0.921875 0.812500
vt 0.921875 0.375000
vt 0.921875 0.343750
vt 0.906250 0.718750
vt 0.906250 0.687500
vt 0.906250 0.281250
vt 0.906250 0.250000
vt 0.906250 0.656250
vt 0.906250 0.218750
vt 0.906250 0.625000
vt 0.906250 0.187500
vt 0.906250 0.593750
vt 0.906250 0.156250
vt 0.906250 0.562500
vt 0.914062 1.000000
vt 0.906250 0.968750
vt 0.906250 0.125000
vt 0.906250 0.531250
vt 0.906250 0.937500
vt 0.906250 0.093750
vt 0.906250 0.500000
vt 0.906250 0.906250
vt 0.906250 0.062500
vt 0.906250 0.468750
vt 0.906250 0.875000
vt 0.906250 0.031250
vt 0.906250 0.437500
vt 0.906250 0.843750
vt 0.914062 0.000000
vt 0.906250 0.406250
vt 0.906250 0.812500
vt 0.906250 0.375000
vt 0.906250 0.781250
vt 0.906250 0.343750
vt 0.906250 0.750000
vt 0.906250 0.312500
vt 0.890625 0.656250
vt 0.890625 0.625000
vt 0.890625 0.187500
vt 0.890625 0.593750
vt 0.890625 0.156250
vt 0.890625 0.562500
vt 0.898438 1.000000
vt 0.890625 0.968750
vt 0.890625 0.125000
vt 0.890625 0.531250
vt 0.890625 0.937500
vt 0.890625 0.093750
vt 0.890625 0.500000
vt 0.890625 0.906250
vt 0.890625 0.062500
vt 0.890625 0.468750
vt 0.890625 0.875000
vt 0.890625 0.031250
vt 0.890625 0.437500
vt 0.890625 0.843750
vt 0.898438 0.000000
vt 0.890625 0.406250
vt 0.890625 0.812500
vt 0.890625 0.375000
vt 0.890625 0.781250
vt 0.890625 0.343750
vt 0.890625 0.750000
vt 0.890625 0.312500
vt 0.890625 0.718750
vt 0.890625 0.281250
vt 0.890625 0.687500
vt 0.890625 0.250000
vt 0.890625 0.218750
vt 0.875000 0.562500
vt 0.882812 1.000000
vt 0.875000 0.968750
vt 0.875000 0.125000
vt 0.875000 0.531250
vt 0.875000 0.937500
vt 0.875000 0.093750
vt 0.875000 0.500000
vt 0.875000 0.906250
vt 0.875000 0.062500
vt 0.875000 0.468750
vt 0.875000 0.875000
vt 0.875000 0.031250
vt 0.875000 0.437500
vt 0.875000 0.843750
vt 0.882812 0.000000
vt 0.875000 0.406250
vt 0.875000 0.812500
vt 0.875000 0.375000
vt 0.875000 0.781250
vt 0.875000 0.343750
vt 0.875000 0.750000
vt 0.875000 0.312500
vt 0.875000 0.718750
vt 0.875000 0.281250
vt 0.875000 0.687500
vt 0.875000 0.250000
vt 0.875000 0.656250
vt 0.875000 0.218750
vt 0.875000 0.625000
vt 0.875000 0.187500
vt 0.875000 0.593750
vt 0.875000 0.156250
vt 0.859375 0.531250
vt 0.859375 0.500000
vt 0.859375 0.906250
vt 0.859375 0.062500
vt 0.859375 0.468750
vt 0.859375 0.875000
vt 0.859375 0.031250
vt 0.859375 0.437500
vt 0.859375 0.843750
vt 0.867188 0.000000
vt 0.859375 0.406250
vt 0.859375 0.812500
vt 0.859375 0.375000
vt 0.859375 0.781250
vt 0.859375 0.343750
vt 0.859375 0.750000
vt 0.859375 0.312500
vt 0.859375 0.718750
vt 0.859375 0.281250
vt 0.859375 0.687500
vt 0.859375 0.250000
vt 0.859375 0.656250
vt 0.859375 0.218750
vt 0.859375 0.625000
vt 0.859375 0.187500
vt 0.859375 0.593750
vt 0.859375 0.156250
vt 0.859375 0.562500
vt 0.867188 1.000000
vt 0.859375 0.968750
vt 0.859375 0.125000
vt 0.859375 0.937500
vt 0.859375 0.093750
vt 0.843750 0.437500
vt 0.843750 0.875000
vt 0.843750 0.843750
vt 0.851562 0.000000
vt 0.843750 0.031250
vt 0.843750 0.406250
vt 0.843750 0.812500
vt 0.843750 0.375000
vt 0.843750 0.781250
vt 0.843750 0.343750
vt 0.843750 0.750000
vt 0.843750 0.312500
vt 0.843750 0.718750
vt 0.843750 0.281250
vt 0.843750 0.687500
vt 0.843750 0.250000
vt 0.843750 0.656250
vt 0.843750 0.218750
vt 0.843750 0.625000
vt 0.843750 0.187500
vt 0.843750 0.593750
vt 0.843750 0.156250
vt 0.843750 0.562500
vt 0.851562 1.000000
vt 0.843750 0.968750
vt 0.843750 0.125000
vt 0.843750 0.531250
vt 0.843750 0.937500
vt 0.843750 0.093750
vt 0.843750 0.500000
vt 0.843750 0.906250
vt 0.843750 0.062500
vt 0.843750 0.468750
vt 0.828125 0.375000
vt 0.828125 0.781250
vt 0.828125 0.343750
vt 0.828125 0.750000
vt 0.828125 0.312500
vt 0.828125 0.718750
vt 0.828125 0.281250
vt 0.828125 0.687500
vt 0.828125 0.250000
vt 0.828125 0.656250
vt 0.828125 0.218750
vt 0.828125 0.625000
vt 0.828125 0.187500
vt 0.828125 0.593750
vt 0.828125 0.156250
vt 0.828125 0.562500
vt 0.835938 1.000000
vt 0.828125 0.968750
vt 0.828125 0.125000
vt 0.828125 0.531250
vt 0.828125 0.937500
vt 0.828125 0.093750
vt 0.828125 0.500000
vt 0.828125 0.906250
vt 0.828125 0.062500
vt 0.828125 0.468750
vt 0.828125 0.875000
vt 0.828125 0.031250
vt 0.828125 0.437500
vt 0.828125 0.843750
vt 0.835938 0.000000
vt 0.828125 0.406250
vt 0.828125 0.812500
vt 0.812500 0.312500
vt 0.812500 0.718750
vt 0.812500 0.281250
vt 0.812500 0.687500
vt 0.812500 0.250000
vt 0.812500 0.656250
vt 0.812500 0.218750
vt 0.812500 0.625000
vt 0.812500 0.187500
vt 0.812500 0.593750
vt 0.812500 0.156250
vt 0.812500 0.562500
vt 0.820312 1.000000
vt 0.812500 0.968750
vt 0.812500 0.125000
vt 0.812500 0.531250
vt 0.812500 0.937500
vt 0.812500 0.093750
vt 0.812500 0.500000
vt 0.812500 0.906250
vt 0.812500 0.062500
vt 0.812500 0.468750
vt 0.812500 0.875000
vt 0.812500 0.031250
vt 0.812500 0.437500
vt 0.812500 0.843750
vt 0.820312 0.000000
vt 0.812500 0.406250
vt 0.812500 0.812500
vt 0.812500 0.375000
vt 0.812500 0.781250
vt 0.812500 0.343750
vt 0.812500 0.750000
vt 0.796875 0.281250
vt 0.796875 0.250000
vt 0.796875 0.687500
vt 0.796875 0.656250
vt 0.796875 0.218750
vt 0.796875 0.625000
vt 0.796875 0.187500
vt 0.796875 0.593750
vt 0.796875 0.156250
vt 0.796875 0.562500
vt 0.804688 1.000000
vt 0.796875 0.968750
vt 0.796875 0.125000
vt 0.796875 0.531250
vt 0.796875 0.937500
vt 0.796875 0.093750
vt 0.796875 0.500000
vt 0.796875 0.906250
vt 0.796875 0.062500
vt 0.796875 0.468750
vt 0.796875 0.875000
vt 0.796875 0.031250
vt 0.796875 0.437500
vt 0.796875 0.843750
vt 0.804688 0.000000
vt 0.796875 0.406250
vt 0.796875 0.812500
vt 0.796875 0.375000
vt 0.796875 0.781250
vt 0.796875 0.343750
vt 0.796875 0.750000
vt 0.796875 0.312500
vt 0.796875 0.718750
vt 0.781250 0.218750
vt 0.781250 0.187500
vt 0.781250 0.625000
vt 0.781250 0.593750
vt 0.781250 0.156250
vt 0.781250 0.562500
vt 0.789062 1.000000
vt 0.781250 0.968750
vt 0.781250 0.125000
vt 0.781250 0.531250
vt 0.781250 0.937500
vt 0.781250 0.093750
vt 0.781250 0.500000
vt 0.781250 0.906250
vt 0.781250 0.062500
vt 0.781250 0.468750
vt 0.781250 0.875000
vt 0.781250 0.031250
vt 0.781250 0.437500
vt 0.781250 0.843750
vt 0.789062 0.000000
vt 0.781250 0.406250
vt 0.781250 0.812500
vt 0.781250 0.375000
vt 0.781250 0.781250
vt 0.781250 0.343750
vt 0.781250 0.750000
vt 0.781250 0.312500
vt 0.781250 0.718750
vt 0.781250 0.281250
vt 0.781250 0.687500
vt 0.781250 0.250000
vt 0.781250 0.656250
vt 0.765625 0.156250
vt 0.765625 0.125000
vt 0.765625 0.562500
vt 0.765625 0.531250
vt 0.765625 0.937500
vt 0.765625 0.093750
vt 0.765625 0.500000
vt 0.765625 0.906250
vt 0.765625 0.062500
vt 0.765625 0.468750
vt 0.765625 0.875000
vt 0.765625 0.031250
vt 0.765625 0.437500
vt 0.765625 0.843750
vt 0.773438 0.000000
vt 0.765625 0.406250
vt 0.765625 0.812500
vt 0.765625 0.375000
vt 0.765625 0.781250
vt 0.765625 0.343750
vt 0.765625 0.750000
vt 0.765625 0.312500
vt 0.765625 0.718750
vt 0.765625 0.281250
vt 0.765625 0.687500
vt 0.765625 0.250000
vt 0.765625 0.656250
vt 0.765625 0.218750
vt 0.765625 0.625000
vt 0.765625 0.187500
vt 0.765625 0.593750
vt 0.773438 1.000000
vt 0.765625 0.968750
vt 0.757812 0.000000
vt 0.757812 1.000000
s 1
usemtl 
f 1979/1/1979 38/2/38 1980/3/1980
f 1976/4/1976 24/5/24 25/6/25
f 1980/3/1980 39/7/39 1981/8/1981
f 5/9/5 25/6/25 26/10/26
f 1981/8/1981 40/11/40 1982/12/1982
f 5/9/5 27/13/27 6/14/6
f 1983/15/1983 40/11/40 41/16/41
f 7/17/7 27/13/27 28/18/28
f 1984/19/1984 41/16/41 42/20/42
f 1977/21/1977 28/18/28 29/22/29
f 1/23/1 1039/24/1039 16/25/16
f 1984/19/1984 43/26/43 1985/27/1985
f 1977/21/1977 30/28/30 8/29/8
f 1/23/1 17/30/17 2/31/2
f 1985/27/1985 44/32/44 14/33/14
f 8/29/8 31/34/31 9/35/9
f 2/31/2 18/36/18 3/37/3
f 14/33/14 45/38/45 1986/39/1986
f 9/35/9 32/40/32 10/41/10
f 1971/42/1971 18/36/18 19/43/19
f 1986/39/1986 46/44/46 15/45/15
f 10/41/10 33/46/33 1978/47/1978
f 4/48/4 19/43/19 20/49/20
f 1226/50/1226 15/45/15 46/44/46
f 1978/47/1978 34/51/34 11/52/11
f 4/48/4 21/53/21 1972/54/1972
f 11/52/11 35/55/35 12/56/12
f 1972/54/1972 22/57/22 1973/58/1973
f 12/56/12 36/59/36 13/60/13
f 1974/61/1974 22/57/22 23/62/23
f 13/60/13 37/63/37 1979/1/1979
f 1975/64/1975 23/62/23 24/5/24
f 33/46/33 63/65/63 64/66/64
f 19/43/19 51/67/51 20/49/20
f 1226/68/1226 46/44/46 77/69/77
f 34/51/34 64/66/64 65/70/65
f 20/49/20 52/71/52 21/53/21
f 34/51/34 66/72/66 35/55/35
f 21/53/21 53/73/53 22/57/22
f 36/59/36 66/72/66 67/74/67
f 22/57/22 54/75/54 23/62/23
f 36/59/36 68/76/68 37/63/37
f 24/5/24 54/75/54 55/77/55
f 37/63/37 69/78/69 38/2/38
f 25/6/25 55/77/55 56/79/56
f 38/2/38 70/80/70 39/7/39
f 25/6/25 57/81/57 26/10/26
f 40/11/40 70/80/70 71/82/71
f 26/10/26 58/83/58 27/13/27
f 41/16/41 71/82/71 72/84/72
f 28/18/28 58/83/58 59/85/59
f 42/20/42 72/84/72 73/86/73
f 28/18/28 60/87/60 29/22/29
f 16/25/16 1039/88/1039 47/89/47
f 43/26/43 73/86/73 74/90/74
f 29/22/29 61/91/61 30/28/30
f 17/30/17 47/89/47 48/92/48
f 44/32/44 74/90/74 75/93/75
f 31/34/31 61/91/61 62/94/62
f 18/36/18 48/92/48 49/95/49
f 45/38/45 75/93/75 76/96/76
f 31/34/31 63/65/63 32/40/32
f 18/36/18 50/97/50 19/43/19
f 45/38/45 77/69/77 46/44/46
f 65/70/65 97/98/97 66/72/66
f 53/73/53 83/99/83 84/100/84
f 67/74/67 97/98/97 98/101/98
f 53/73/53 85/102/85 54/75/54
f 68/76/68 98/101/98 99/103/99
f 54/75/54 86/104/86 55/77/55
f 68/76/68 100/105/100 69/78/69
f 56/79/56 86/104/86 87/106/87
f 70/80/70 100/105/100 101/107/101
f 56/79/56 88/108/88 57/81/57
f 71/82/71 101/107/101 102/109/102
f 57/81/57 89/110/89 58/83/58
f 71/82/71 103/111/103 72/84/72
f 59/85/59 89/110/89 90/112/90
f 72/84/72 104/113/104 73/86/73
f 59/85/59 91/114/91 60/87/60
f 47/89/47 1039/115/1039 78/116/78
f 73/86/73 105/117/105 74/90/74
f 61/91/61 91/114/91 92/118/92
f 47/89/47 79/119/79 48/92/48
f 75/93/75 105/117/105 106/120/106
f 62/94/62 92/118/92 93/121/93
f 48/92/48 80/122/80 49/95/49
f 75/93/75 107/123/107 76/96/76
f 63/65/63 93/121/93 94/124/94
f 50/97/50 80/122/80 81/125/81
f 77/69/77 107/123/107 108/126/108
f 63/65/63 95/127/95 64/66/64
f 50/97/50 82/128/82 51/67/51
f 1226/129/1226 77/69/77 108/126/108
f 64/66/64 96/130/96 65/70/65
f 52/71/52 82/128/82 83/99/83
f 99/103/99 129/131/129 130/132/130
f 85/102/85 117/133/117 86/104/86
f 99/103/99 131/134/131 100/105/100
f 87/106/87 117/133/117 118/135/118
f 101/107/101 131/134/131 132/136/132
f 87/106/87 119/137/119 88/108/88
f 101/107/101 133/138/133 102/109/102
f 88/108/88 120/139/120 89/110/89
f 102/109/102 134/140/134 103/111/103
f 90/112/90 120/139/120 121/141/121
f 103/111/103 135/142/135 104/113/104
f 91/114/91 121/141/121 122/143/122
f 78/116/78 1039/144/1039 109/145/109
f 104/113/104 136/146/136 105/117/105
f 91/114/91 123/147/123 92/118/92
f 78/116/78 110/148/110 79/119/79
f 106/120/106 136/146/136 137/149/137
f 93/121/93 123/147/123 124/150/124
f 79/119/79 111/151/111 80/122/80
f 106/120/106 138/152/138 107/123/107
f 93/121/93 125/153/125 94/124/94
f 80/122/80 112/154/112 81/125/81
f 108/126/108 138/152/138 139/155/139
f 95/127/95 125/153/125 126/156/126
f 81/125/81 113/157/113 82/128/82
f 1226/158/1226 108/126/108 139/155/139
f 95/127/95 127/159/127 96/130/96
f 82/128/82 114/160/114 83/99/83
f 96/130/96 128/161/128 97/98/97
f 84/100/84 114/160/114 115/162/115
f 98/101/98 128/161/128 129/131/129
f 84/100/84 116/163/116 85/102/85
f 132/136/132 162/164/162 163/165/163
f 119/137/119 149/166/149 150/167/150
f 133/138/133 163/165/163 164/168/164
f 119/137/119 151/169/151 120/139/120
f 133/138/133 165/170/165 134/140/134
f 120/139/120 152/171/152 121/141/121
f 134/140/134 166/172/166 135/142/135
f 122/143/122 152/171/152 153/173/153
f 109/145/109 1039/174/1039 140/175/140
f 136/146/136 166/172/166 167/176/167
f 122/143/122 154/177/154 123/147/123
f 109/145/109 141/178/141 110/148/110
f 136/146/136 168/179/168 137/149/137
f 124/150/124 154/177/154 155/180/155
f 111/151/111 141/178/141 142/181/142
f 137/149/137 169/182/169 138/152/138
f 124/150/124 156/183/156 125/153/125
f 112/154/112 142/181/142 143/184/143
f 139/155/139 169/182/169 170/185/170
f 126/156/126 156/183/156 157/186/157
f 112/154/112 144/187/144 113/157/113
f 1226/188/1226 139/155/139 170/185/170
f 126/156/126 158/189/158 127/159/127
f 113/157/113 145/190/145 114/160/114
f 127/159/127 159/191/159 128/161/128
f 115/162/115 145/190/145 146/192/146
f 128/161/128 160/193/160 129/131/129
f 115/162/115 147/194/147 116/163/116
f 129/131/129 161/195/161 130/132/130
f 116/163/116 148/196/148 117/133/117
f 130/132/130 162/164/162 131/134/131
f 118/135/118 148/196/148 149/166/149
f 164/168/164 196/197/196 165/170/165
f 151/169/151 183/198/183 152/171/152
f 165/170/165 197/199/197 166/172/166
f 152/171/152 184/200/184 153/173/153
f 140/175/140 1039/201/1039 171/202/171
f 167/176/167 197/199/197 198/203/198
f 153/173/153 185/204/185 154/177/154
f 140/175/140 172/205/172 141/178/141
f 167/176/167 199/206/199 168/179/168
f 155/180/155 185/204/185 186/207/186
f 142/181/142 172/205/172 173/208/173
f 168/179/168 200/209/200 169/182/169
f 155/180/155 187/210/187 156/183/156
f 142/181/142 174/211/174 143/184/143
f 170/185/170 200/209/200 201/212/201
f 157/186/157 187/210/187 188/213/188
f 143/184/143 175/214/175 144/187/144
f 1226/215/1226 170/185/170 201/212/201
f 157/186/157 189/216/189 158/189/158
f 144/187/144 176/217/176 145/190/145
f 159/191/159 189/216/189 190/218/190
f 146/192/146 176/217/176 177/219/177
f 159/191/159 191/220/191 160/193/160
f 147/194/147 177/219/177 178/221/178
f 160/193/160 192/222/192 161/195/161
f 147/194/147 179/223/179 148/196/148
f 161/195/161 193/224/193 162/164/162
f 149/166/149 179/223/179 180/225/180
f 163/165/163 193/224/193 194/226/194
f 150/167/150 180/225/180 181/227/181
f 163/165/163 195/228/195 164/168/164
f 151/169/151 181/227/181 182/229/182
f 171/202/171 1039/230/1039 202/231/202
f 197/199/197 229/232/229 198/203/198
f 184/200/184 216/233/216 185/204/185
f 172/205/172 202/231/202 203/234/203
f 198/203/198 230/235/230 199/206/199
f 186/207/186 216/233/216 217/236/217
f 172/205/172 204/237/204 173/208/173
f 199/206/199 231/238/231 200/209/200
f 186/207/186 218/239/218 187/210/187
f 174/211/174 204/237/204 205/240/205
f 200/209/200 232/241/232 201/212/201
f 188/213/188 218/239/218 219/242/219
f 174/211/174 206/243/206 175/214/175
f 1226/244/1226 201/212/201 232/241/232
f 188/213/188 220/245/220 189/216/189
f 175/214/175 207/246/207 176/217/176
f 190/218/190 220/245/220 221/247/221
f 177/219/177 207/246/207 208/248/208
f 190/218/190 222/249/222 191/220/191
f 178/221/178 208/248/208 209/250/209
f 191/220/191 223/251/223 192/222/192
f 178/221/178 210/252/210 179/223/179
f 192/222/192 224/253/224 193/224/193
f 180/225/180 210/252/210 211/254/211
f 194/226/194 224/253/224 225/255/225
f 181/227/181 211/254/211 212/256/212
f 194/226/194 226/257/226 195/228/195
f 181/227/181 213/258/213 182/229/182
f 195/228/195 227/259/227 196/197/196
f 182/229/182 214/260/214 183/198/183
f 197/199/197 227/259/227 228/261/228
f 184/200/184 214/260/214 215/262/215
f 203/234/203 235/263/235 204/237/204
f 230/235/230 262/264/262 231/238/231
f 217/236/217 249/265/249 218/239/218
f 205/240/205 235/263/235 236/266/236
f 231/238/231 263/267/263 232/241/232
f 219/242/219 249/265/249 250/268/250
f 206/243/206 236/266/236 237/269/237
f 1226/270/1226 232/241/232 263/267/263
f 219/242/219 251/271/251 220/245/220
f 206/243/206 238/272/238 207/246/207
f 221/247/221 251/271/251 252/273/252
f 207/246/207 239/274/239 208/248/208
f 221/247/221 253/275/253 222/249/222
f 209/250/209 239/274/239 240/276/240
f 222/249/222 254/277/254 223/251/223
f 209/250/209 241/278/241 210/252/210
f 224/253/224 254/277/254 255/279/255
f 210/252/210 242/280/242 211/254/211
f 225/255/225 255/279/255 256/281/256
f 212/256/212 242/280/242 243/282/243
f 225/255/225 257/283/257 226/257/226
f 213/258/213 243/282/243 244/284/244
f 226/257/226 258/285/258 227/259/227
f 213/258/213 245/286/245 214/260/214
f 228/261/228 258/285/258 259/287/259
f 215/262/215 245/286/245 246/288/246
f 202/231/202 1039/289/1039 233/290/233
f 228/261/228 260/291/260 229/232/229
f 215/262/215 247/292/247 216/233/216
f 202/231/202 234/293/234 203/234/203
f 229/232/229 261/294/261 230/235/230
f 217/236/217 247/292/247 248/295/248
f 237/269/237 267/296/267 268/297/268
f 1226/298/1226 263/267/263 294/299/294
f 250/268/250 282/300/282 251/271/251
f 237/269/237 269/301/269 238/272/238
f 252/273/252 282/300/282 283/302/283
f 239/274/239 269/301/269 270/303/270
f 252/273/252 284/304/284 253/275/253
f 240/276/240 270/303/270 271/305/271
f 253/275/253 285/306/285 254/277/254
f 240/276/240 272/307/272 241/278/241
f 254/277/254 286/308/286 255/279/255
f 241/278/241 273/309/273 242/280/242
f 256/281/256 286/308/286 287/310/287
f 243/282/243 273/309/273 274/311/274
f 256/281/256 288/312/288 257/283/257
f 244/284/244 274/311/274 275/313/275
f 257/283/257 289/314/289 258/285/258
f 244/284/244 276/315/276 245/286/245
f 259/287/259 289/314/289 290/316/290
f 246/288/246 276/315/276 277/317/277
f 233/290/233 1039/318/1039 264/319/264
f 259/287/259 291/320/291 260/291/260
f 246/288/246 278/321/278 247/292/247
f 233/290/233 265/322/265 234/293/234
f 260/291/260 292/323/292 261/294/261
f 248/295/248 278/321/278 279/324/279
f 234/293/234 266/325/266 235/263/235
f 261/294/261 293/326/293 262/264/262
f 248/295/248 280/327/280 249/265/249
f 235/263/235 267/296/267 236/266/236
f 262/264/262 294/299/294 263/267/263
f 249/265/249 281/328/281 250/268/250
f 269/301/269 301/329/301 270/303/270
f 283/302/283 315/330/315 284/304/284
f 271/305/271 301/329/301 302/331/302
f 284/304/284 316/332/316 285/306/285
f 271/305/271 303/333/303 272/307/272
f 286/308/286 316/332/316 317/334/317
f 272/307/272 304/335/304 273/309/273
f 287/310/287 317/334/317 318/336/318
f 274/311/274 304/335/304 305/337/305
f 287/310/287 319/338/319 288/312/288
f 274/311/274 306/339/306 275/313/275
f 289/314/289 319/338/319 320/340/320
f 275/313/275 307/341/307 276/315/276
f 290/316/290 320/340/320 321/342/321
f 277/317/277 307/341/307 308/343/308
f 264/319/264 1039/344/1039 295/345/295
f 290/316/290 322/346/322 291/320/291
f 277/317/277 309/347/309 278/321/278
f 265/322/265 295/345/295 296/348/296
f 291/320/291 323/349/323 292/323/292
f 279/324/279 309/347/309 310/350/310
f 266/325/266 296/348/296 297/351/297
f 292/323/292 324/352/324 293/326/293
f 279/324/279 311/353/311 280/327/280
f 266/325/266 298/354/298 267/296/267
f 293/326/293 325/355/325 294/299/294
f 280/327/280 312/356/312 281/328/281
f 268/297/268 298/354/298 299/357/299
f 1226/358/1226 294/299/294 325/355/325
f 281/328/281 313/359/313 282/300/282
f 268/297/268 300/360/300 269/301/269
f 283/302/283 313/359/313 314/361/314
f 302/331/302 334/362/334 303/333/303
f 316/332/316 348/363/348 317/334/317
f 303/333/303 335/364/335 304/335/304
f 318/336/318 348/363/348 349/365/349
f 305/337/305 335/364/335 336/366/336
f 318/336/318 350/367/350 319/338/319
f 306/339/306 336/366/336 337/368/337
f 319/338/319 351/369/351 320/340/320
f 306/339/306 338/370/338 307/341/307
f 321/342/321 351/369/351 352/371/352
f 308/343/308 338/370/338 339/372/339
f 295/345/295 1039/373/1039 326/374/326
f 321/342/321 353/375/353 322/346/322
f 309/347/309 339/372/339 340/376/340
f 295/345/295 327/377/327 296/348/296
f 323/349/323 353/375/353 354/378/354
f 309/347/309 341/379/341 310/350/310
f 296/348/296 328/380/328 297/351/297
f 324/352/324 354/378/354 355/381/355
f 310/350/310 342/382/342 311/353/311
f 297/351/297 329/383/329 298/354/298
f 325/355/325 355/381/355 356/384/356
f 311/353/311 343/385/343 312/356/312
f 299/357/299 329/383/329 330/386/330
f 1226/387/1226 325/355/325 356/384/356
f 312/356/312 344/388/344 313/359/313
f 299/357/299 331/389/331 300/360/300
f 314/361/314 344/388/344 345/390/345
f 301/329/301 331/389/331 332/391/332
f 314/361/314 346/392/346 315/330/315
f 302/331/302 332/391/332 333/393/333
f 315/330/315 347/394/347 316/332/316
f 336/366/336 366/395/366 367/396/367
f 349/365/349 381/397/381 350/367/350
f 337/368/337 367/396/367 368/398/368
f 350/367/350 382/399/382 351/369/351
f 337/368/337 369/400/369 338/370/338
f 352/371/352 382/399/382 383/401/383
f 339/372/339 369/400/369 370/402/370
f 326/374/326 1039/403/1039 357/404/357
f 352/371/352 384/405/384 353/375/353
f 340/376/340 370/402/370 371/406/371
f 326/374/326 358/407/358 327/377/327
f 353/375/353 385/408/385 354/378/354
f 340/376/340 372/409/372 341/379/341
f 327/377/327 359/410/359 328/380/328
f 354/378/354 386/411/386 355/381/355
f 342/382/342 372/409/372 373/412/373
f 329/383/329 359/410/359 360/413/360
f 356/384/356 386/411/386 387/414/387
f 342/382/342 374/415/374 343/385/343
f 329/383/329 361/416/361 330/386/330
f 1226/417/1226 356/384/356 387/414/387
f 343/385/343 375/418/375 344/388/344
f 330/386/330 362/419/362 331/389/331
f 345/390/345 375/418/375 376/420/376
f 331/389/331 363/421/363 332/391/332
f 345/390/345 377/422/377 346/392/346
f 333/393/333 363/421/363 364/423/364
f 346/392/346 378/424/378 347/394/347
f 333/393/333 365/425/365 334/362/334
f 348/363/348 378/424/378 379/426/379
f 334/362/334 366/395/366 335/364/335
f 349/365/349 379/426/379 380/427/380
f 368/398/368 400/428/400 369/400/369
f 383/401/383 413/429/413 414/430/414
f 370/402/370 400/428/400 401/431/401
f 357/404/357 1039/432/1039 388/433/388
f 383/401/383 415/434/415 384/405/384
f 371/406/371 401/431/401 402/435/402
f 357/404/357 389/436/389 358/407/358
f 384/405/384 416/437/416 385/408/385
f 371/406/371 403/438/403 372/409/372
f 359/410/359 389/436/389 390/439/390
f 385/408/385 417/440/417 386/411/386
f 373/412/373 403/438/403 404/441/404
f 360/413/360 390/439/390 391/442/391
f 386/411/386 418/443/418 387/414/387
f 373/412/373 405/444/405 374/415/374
f 361/416/361 391/442/391 392/445/392
f 1226/446/1226 387/414/387 418/443/418
f 374/415/374 406/447/406 375/418/375
f 361/416/361 393/448/393 362/419/362
f 376/420/376 406/447/406 407/449/407
f 362/419/362 394/450/394 363/421/363
f 376/420/376 408/451/408 377/422/377
f 364/423/364 394/450/394 395/452/395
f 377/422/377 409/453/409 378/424/378
f 364/423/364 396/454/396 365/425/365
f 378/424/378 410/455/410 379/426/379
f 365/425/365 397/456/397 366/395/366
f 380/427/380 410/455/410 411/457/411
f 367/396/367 397/456/397 398/458/398
f 380/427/380 412/459/412 381/397/381
f 367/396/367 399/460/399 368/398/368
f 381/397/381 413/429/413 382/399/382
f 402/435/402 432/461/432 433/462/433
f 388/433/388 420/463/420 389/436/389
f 415/434/415 447/464/447 416/437/416
f 402/435/402 434/465/434 403/438/403
f 389/436/389 421/466/421 390/439/390
f 416/437/416 448/467/448 417/440/417
f 404/441/404 434/465/434 435/468/435
f 390/439/390 422/469/422 391/442/391
f 417/440/417 449/470/449 418/443/418
f 404/441/404 436/471/436 405/444/405
f 391/442/391 423/472/423 392/445/392
f 1226/473/1226 418/443/418 449/470/449
f 405/444/405 437/474/437 406/447/406
f 392/445/392 424/475/424 393/448/393
f 407/449/407 437/474/437 438/476/438
f 393/448/393 425/477/425 394/450/394
f 407/449/407 439/478/439 408/451/408
f 395/452/395 425/477/425 426/479/426
f 408/451/408 440/480/440 409/453/409
f 395/452/395 427/481/427 396/454/396
f 410/455/410 440/480/440 441/482/441
f 396/454/396 428/483/428 397/456/397
f 411/457/411 441/482/441 442/484/442
f 398/458/398 428/483/428 429/485/429
f 411/457/411 443/486/443 412/459/412
f 399/460/399 429/485/429 430/487/430
f 412/459/412 444/488/444 413/429/413
f 399/460/399 431/489/431 400/428/400
f 414/430/414 444/488/444 445/490/445
f 401/431/401 431/489/431 432/461/432
f 388/433/388 1039/491/1039 419/492/419
f 415/434/415 445/490/445 446/493/446
f 435/468/435 465/494/465 466/495/466
f 422/469/422 452/496/452 453/497/453
f 449/470/449 479/498/479 480/499/480
f 435/468/435 467/500/467 436/471/436
f 422/469/422 454/501/454 423/472/423
f 1226/502/1226 449/470/449 480/499/480
f 436/471/436 468/503/468 437/474/437
f 423/472/423 455/504/455 424/475/424
f 438/476/438 468/503/468 469/505/469
f 425/477/425 455/504/455 456/506/456
f 438/476/438 470/507/470 439/478/439
f 426/479/426 456/506/456 457/508/457
f 439/478/439 471/509/471 440/480/440
f 426/479/426 458/510/458 427/481/427
f 440/480/440 472/511/472 441/482/441
f 427/481/427 459/512/459 428/483/428
f 442/484/442 472/511/472 473/513/473
f 429/485/429 459/512/459 460/514/460
f 442/484/442 474/515/474 443/486/443
f 429/485/429 461/516/461 430/487/430
f 443/486/443 475/517/475 444/488/444
f 430/487/430 462/518/462 431/489/431
f 445/490/445 475/517/475 476/519/476
f 432/461/432 462/518/462 463/520/463
f 419/492/419 1039/521/1039 450/522/450
f 446/493/446 476/519/476 477/523/477
f 433/462/433 463/520/463 464/524/464
f 419/492/419 451/525/451 420/463/420
f 446/493/446 478/526/478 447/464/447
f 433/462/433 465/494/465 434/465/434
f 420/463/420 452/496/452 421/466/421
f 447/464/447 479/498/479 448/467/448
f 467/500/467 499/527/499 468/503/468
f 454/501/454 486/528/486 455/504/455
f 469/505/469 499/527/499 500/529/500
f 455/504/455 487/530/487 456/506/456
f 469/505/469 501/531/501 470/507/470
f 457/508/457 487/530/487 488/532/488
f 470/507/470 502/533/502 471/509/471
f 457/508/457 489/534/489 458/510/458
f 472/511/472 502/533/502 503/535/503
f 458/510/458 490/536/490 459/512/459
f 473/513/473 503/535/503 504/537/504
f 460/514/460 490/536/490 491/538/491
f 473/513/473 505/539/505 474/515/474
f 460/514/460 492/540/492 461/516/461
f 474/515/474 506/541/506 475/517/475
f 461/516/461 493/542/493 462/518/462
f 476/519/476 506/541/506 507/543/507
f 463/520/463 493/542/493 494/544/494
f 450/522/450 1039/545/1039 481/546/481
f 476/519/476 508/547/508 477/523/477
f 464/524/464 494/544/494 495/548/495
f 450/522/450 482/549/482 451/525/451
f 478/526/478 508/547/508 509/550/509
f 464/524/464 496/551/496 465/494/465
f 452/496/452 482/549/482 483/552/483
f 479/498/479 509/550/509 510/553/510
f 466/495/466 496/551/496 497/554/497
f 452/496/452 484/555/484 453/497/453
f 479/498/479 511/556/511 480/499/480
f 466/495/466 498/557/498 467/500/467
f 453/497/453 485/558/485 454/501/454
f 1226/559/1226 480/499/480 511/556/511
f 500/529/500 532/560/532 501/531/501
f 488/532/488 518/561/518 519/562/519
f 501/531/501 533/563/533 502/533/502
f 488/532/488 520/564/520 489/534/489
f 503/535/503 533/563/533 534/565/534
f 489/534/489 521/566/521 490/536/490
f 504/537/504 534/565/534 535/567/535
f 491/538/491 521/566/521 522/568/522
f 504/537/504 536/569/536 505/539/505
f 492/540/492 522/568/522 523/570/523
f 506/541/506 536/569/536 537/571/537
f 492/540/492 524/572/524 493/542/493
f 507/543/507 537/571/537 538/573/538
f 494/544/494 524/572/524 525/574/525
f 481/546/481 1039/575/1039 512/576/512
f 507/543/507 539/577/539 508/547/508
f 495/548/495 525/574/525 526/578/526
f 481/546/481 513/579/513 482/549/482
f 508/547/508 540/580/540 509/550/509
f 495/548/495 527/581/527 496/551/496
f 483/552/483 513/579/513 514/582/514
f 509/550/509 541/583/541 510/553/510
f 497/554/497 527/581/527 528/584/528
f 483/552/483 515/585/515 484/555/484
f 510/553/510 542/586/542 511/556/511
f 497/554/497 529/587/529 498/557/498
f 484/555/484 516/588/516 485/558/485
f 1226/589/1226 511/556/511 542/586/542
f 498/557/498 530/590/530 499/527/499
f 485/558/485 517/591/517 486/528/486
f 500/529/500 530/590/530 531/592/531
f 486/528/486 518/561/518 487/530/487
f 534/565/534 564/593/564 565/594/565
f 520/564/520 552/595/552 521/566/521
f 535/567/535 565/594/565 566/596/566
f 522/568/522 552/595/552 553/597/553
f 535/567/535 567/598/567 536/569/536
f 522/568/522 554/599/554 523/570/523
f 537/571/537 567/598/567 568/600/568
f 523/570/523 555/601/555 524/572/524
f 538/573/538 568/600/568 569/602/569
f 525/574/525 555/601/555 556/603/556
f 512/576/512 1039/604/1039 543/605/543
f 538/573/538 570/606/570 539/577/539
f 526/578/526 556/603/556 557/607/557
f 512/576/512 544/608/544 513/579/513
f 539/577/539 571/609/571 540/580/540
f 526/578/526 558/610/558 527/581/527
f 514/582/514 544/608/544 545/611/545
f 540/580/540 572/612/572 541/583/541
f 528/584/528 558/610/558 559/613/559
f 514/582/514 546/614/546 515/585/515
f 541/583/541 573/615/573 542/586/542
f 528/584/528 560/616/560 529/587/529
f 515/585/515 547/617/547 516/588/516
f 1226/618/1226 542/586/542 573/615/573
f 529/587/529 561/619/561 530/590/530
f 516/588/516 548/620/548 517/591/517
f 531/592/531 561/619/561 562/621/562
f 517/591/517 549/622/549 518/561/518
f 531/592/531 563/623/563 532/560/532
f 519/562/519 549/622/549 550/624/550
f 532/560/532 564/593/564 533/563/533
f 519/562/519 551/625/551 520/564/520
f 566/596/566 598/626/598 567/598/567
f 553/597/553 585/627/585 554/599/554
f 567/598/567 599/628/599 568/600/568
f 554/599/554 586/629/586 555/601/555
f 568/600/568 600/630/600 569/602/569
f 556/603/556 586/629/586 587/631/587
f 543/605/543 1039/632/1039 574/633/574
f 570/606/570 600/630/600 601/634/601
f 557/607/557 587/631/587 588/635/588
f 543/605/543 575/636/575 544/608/544
f 570/606/570 602/637/602 571/609/571
f 557/607/557 589/638/589 558/610/558
f 544/608/544 576/639/576 545/611/545
f 571/609/571 603/640/603 572/612/572
f 559/613/559 589/638/589 590/641/590
f 545/611/545 577/642/577 546/614/546
f 572/612/572 604/643/604 573/615/573
f 559/613/559 591/644/591 560/616/560
f 546/614/546 578/645/578 547/617/547
f 1226/646/1226 573/615/573 604/643/604
f 560/616/560 592/647/592 561/619/561
f 547/617/547 579/648/579 548/620/548
f 562/621/562 592/647/592 593/649/593
f 549/622/549 579/648/579 580/650/580
f 562/621/562 594/651/594 563/623/563
f 550/624/550 580/650/580 581/652/581
f 563/623/563 595/653/595 564/593/564
f 550/624/550 582/654/582 551/625/551
f 564/593/564 596/655/596 565/594/565
f 552/595/552 582/654/582 583/656/583
f 566/596/566 596/655/596 597/657/597
f 553/597/553 583/656/583 584/658/584
f 600/630/600 630/659/630 631/660/631
f 587/631/587 617/661/617 618/662/618
f 574/633/574 1039/663/1039 605/664/605
f 600/630/600 632/665/632 601/634/601
f 588/635/588 618/662/618 619/666/619
f 574/633/574 606/667/606 575/636/575
f 602/637/602 632/665/632 633/668/633
f 588/635/588 620/669/620 589/638/589
f 575/636/575 607/670/607 576/639/576
f 602/637/602 634/671/634 603/640/603
f 590/641/590 620/669/620 621/672/621
f 576/639/576 608/673/608 577/642/577
f 603/640/603 635/674/635 604/643/604
f 590/641/590 622/675/622 591/644/591
f 578/645/578 608/673/608 609/676/609
f 1226/677/1226 604/643/604 635/674/635
f 591/644/591 623/678/623 592/647/592
f 578/645/578 610/679/610 579/648/579
f 593/649/593 623/678/623 624/680/624
f 580/650/580 610/679/610 611/681/611
f 594/651/594 624/680/624 625/682/625
f 581/652/581 611/681/611 612/683/612
f 594/651/594 626/684/626 595/653/595
f 581/652/581 613/685/613 582/654/582
f 596/655/596 626/684/626 627/686/627
f 582/654/582 614/687/614 583/656/583
f 597/657/597 627/686/627 628/688/628
f 584/658/584 614/687/614 615/689/615
f 597/657/597 629/690/629 598/626/598
f 584/658/584 616/691/616 585/627/585
f 598/626/598 630/659/630 599/628/599
f 585/627/585 617/661/617 586/629/586
f 633/668/633 663/692/663 664/693/664
f 619/666/619 651/694/651 620/669/620
f 607/670/607 637/695/637 638/696/638
f 633/668/633 665/697/665 634/671/634
f 621/672/621 651/694/651 652/698/652
f 607/670/607 639/699/639 608/673/608
f 635/674/635 665/697/665 666/700/666
f 621/672/621 653/701/653 622/675/622
f 608/673/608 640/702/640 609/676/609
f 1226/703/1226 635/674/635 666/700/666
f 622/675/622 654/704/654 623/678/623
f 609/676/609 641/705/641 610/679/610
f 624/680/624 654/704/654 655/706/655
f 611/681/611 641/705/641 642/707/642
f 625/682/625 655/706/655 656/708/656
f 612/683/612 642/707/642 643/709/643
f 625/682/625 657/710/657 626/684/626
f 612/683/612 644/711/644 613/685/613
f 626/684/626 658/712/658 627/686/627
f 614/687/614 644/711/644 645/713/645
f 628/688/628 658/712/658 659/714/659
f 615/689/615 645/713/645 646/715/646
f 628/688/628 660/716/660 629/690/629
f 615/689/615 647/717/647 616/691/616
f 629/690/629 661/718/661 630/659/630
f 616/691/616 648/719/648 617/661/617
f 631/660/631 661/718/661 662/720/662
f 617/661/617 649/721/649 618/662/618
f 605/664/605 1039/722/1039 636/723/636
f 631/660/631 663/692/663 632/665/632
f 619/666/619 649/721/649 650/724/650
f 605/664/605 637/695/637 606/667/606
f 666/700/666 696/725/696 697/726/697
f 652/698/652 684/727/684 653/701/653
f 639/699/639 671/728/671 640/702/640
f 1226/729/1226 666/700/666 697/726/697
f 653/701/653 685/730/685 654/704/654
f 640/702/640 672/731/672 641/705/641
f 655/706/655 685/730/685 686/732/686
f 642/707/642 672/731/672 673/733/673
f 656/708/656 686/732/686 687/734/687
f 643/709/643 673/733/673 674/735/674
f 656/708/656 688/736/688 657/710/657
f 643/709/643 675/737/675 644/711/644
f 657/710/657 689/738/689 658/712/658
f 645/713/645 675/737/675 676/739/676
f 659/714/659 689/738/689 690/740/690
f 646/715/646 676/739/676 677/741/677
f 659/714/659 691/742/691 660/716/660
f 646/715/646 678/743/678 647/717/647
f 660/716/660 692/744/692 661/718/661
f 647/717/647 679/745/679 648/719/648
f 662/720/662 692/744/692 693/746/693
f 648/719/648 680/747/680 649/721/649
f 636/723/636 1039/748/1039 667/749/667
f 663/692/663 693/746/693 694/750/694
f 650/724/650 680/747/680 681/751/681
f 636/723/636 668/752/668 637/695/637
f 664/693/664 694/750/694 695/753/695
f 650/724/650 682/754/682 651/694/651
f 638/696/638 668/752/668 669/755/669
f 664/693/664 696/725/696 665/697/665
f 652/698/652 682/754/682 683/756/683
f 638/696/638 670/757/670 639/699/639
f 686/732/686 716/758/716 717/759/717
f 673/733/673 703/760/703 704/761/704
f 686/732/686 718/762/718 687/734/687
f 674/735/674 704/761/704 705/763/705
f 687/734/687 719/764/719 688/736/688
f 674/735/674 706/765/706 675/737/675
f 688/736/688 720/766/720 689/738/689
f 676/739/676 706/765/706 707/767/707
f 690/740/690 720/766/720 721/768/721
f 677/741/677 707/767/707 708/769/708
f 690/740/690 722/770/722 691/742/691
f 678/743/678 708/769/708 709/771/709
f 691/742/691 723/772/723 692/744/692
f 678/743/678 710/773/710 679/745/679
f 693/746/693 723/772/723 724/774/724
f 680/747/680 710/773/710 711/775/711
f 667/749/667 1039/776/1039 698/777/698
f 693/746/693 725/778/725 694/750/694
f 681/751/681 711/775/711 712/779/712
f 667/749/667 699/780/699 668/752/668
f 694/750/694 726/781/726 695/753/695
f 681/751/681 713/782/713 682/754/682
f 668/752/668 700/783/700 669/755/669
f 695/753/695 727/784/727 696/725/696
f 682/754/682 714/785/714 683/756/683
f 669/755/669 701/786/701 670/757/670
f 697/726/697 727/784/727 728/787/728
f 683/756/683 715/788/715 684/727/684
f 671/728/671 701/786/701 702/789/702
f 1226/790/1226 697/726/697 728/787/728
f 684/727/684 716/758/716 685/730/685
f 671/728/671 703/760/703 672/731/672
f 718/762/718 750/791/750 719/764/719
f 705/763/705 737/792/737 706/765/706
f 719/764/719 751/793/751 720/766/720
f 707/767/707 737/792/737 738/794/738
f 721/768/721 751/793/751 752/795/752
f 708/769/708 738/794/738 739/796/739
f 721/768/721 753/797/753 722/770/722
f 709/771/709 739/796/739 740/798/740
f 722/770/722 754/799/754 723/772/723
f 709/771/709 741/800/741 710/773/710
f 724/774/724 754/799/754 755/801/755
f 710/773/710 742/802/742 711/775/711
f 698/777/698 1039/803/1039 729/804/729
f 725/778/725 755/801/755 756/805/756
f 712/779/712 742/802/742 743/806/743
f 698/777/698 730/807/730 699/780/699
f 726/781/726 756/805/756 757/808/757
f 713/782/713 743/806/743 744/809/744
f 700/783/700 730/807/730 731/810/731
f 726/781/726 758/811/758 727/784/727
f 713/782/713 745/812/745 714/785/714
f 700/783/700 732/813/732 701/786/701
f 727/784/727 759/814/759 728/787/728
f 714/785/714 746/815/746 715/788/715
f 701/786/701 733/816/733 702/789/702
f 1226/817/1226 728/787/728 759/814/759
f 715/788/715 747/818/747 716/758/716
f 702/789/702 734/819/734 703/760/703
f 717/759/717 747/818/747 748/820/748
f 704/761/704 734/819/734 735/821/735
f 717/759/717 749/822/749 718/762/718
f 705/763/705 735/821/735 736/823/736
f 752/795/752 782/824/782 783/825/783
f 739/796/739 769/826/769 770/827/770
f 752/795/752 784/828/784 753/797/753
f 740/798/740 770/827/770 771/829/771
f 753/797/753 785/830/785 754/799/754
f 740/798/740 772/831/772 741/800/741
f 755/801/755 785/830/785 786/832/786
f 741/800/741 773/833/773 742/802/742
f 729/804/729 1039/834/1039 760/835/760
f 755/801/755 787/836/787 756/805/756
f 743/806/743 773/833/773 774/837/774
f 729/804/729 761/838/761 730/807/730
f 757/808/757 787/836/787 788/839/788
f 744/809/744 774/837/774 775/840/775
f 731/810/731 761/838/761 762/841/762
f 757/808/757 789/842/789 758/811/758
f 744/809/744 776/843/776 745/812/745
f 731/810/731 763/844/763 732/813/732
f 759/814/759 789/842/789 790/845/790
f 745/812/745 777/846/777 746/815/746
f 733/816/733 763/844/763 764/847/764
f 1226/848/1226 759/814/759 790/845/790
f 746/815/746 778/849/778 747/818/747
f 733/816/733 765/850/765 734/819/734
f 748/820/748 778/849/778 779/851/779
f 735/821/735 765/850/765 766/852/766
f 748/820/748 780/853/780 749/822/749
f 736/823/736 766/852/766 767/854/767
f 749/822/749 781/855/781 750/791/750
f 736/823/736 768/856/768 737/792/737
f 750/791/750 782/824/782 751/793/751
f 738/794/738 768/856/768 769/826/769
f 784/828/784 816/857/816 785/830/785
f 771/829/771 803/858/803 772/831/772
f 786/832/786 816/857/816 817/859/817
f 773/833/773 803/858/803 804/860/804
f 760/835/760 1039/861/1039 791/862/791
f 786/832/786 818/863/818 787/836/787
f 774/837/774 804/860/804 805/864/805
f 760/835/760 792/865/792 761/838/761
f 788/839/788 818/863/818 819/866/819
f 775/840/775 805/864/805 806/867/806
f 762/841/762 792/865/792 793/868/793
f 788/839/788 820/869/820 789/842/789
f 775/840/775 807/870/807 776/843/776
f 762/841/762 794/871/794 763/844/763
f 790/845/790 820/869/820 821/872/821
f 776/843/776 808/873/808 777/846/777
f 763/844/763 795/874/795 764/847/764
f 1226/875/1226 790/845/790 821/872/821
f 778/849/778 808/873/808 809/876/809
f 764/847/764 796/877/796 765/850/765
f 779/851/779 809/876/809 810/878/810
f 766/852/766 796/877/796 797/879/797
f 779/851/779 811/880/811 780/853/780
f 767/854/767 797/879/797 798/881/798
f 780/853/780 812/882/812 781/855/781
f 767/854/767 799/883/799 768/856/768
f 781/855/781 813/884/813 782/824/782
f 769/826/769 799/883/799 800/885/800
f 783/825/783 813/884/813 814/886/814
f 770/827/770 800/885/800 801/887/801
f 783/825/783 815/888/815 784/828/784
f 771/829/771 801/887/801 802/889/802
f 814/886/814 846/890/846 815/888/815
f 802/889/802 832/891/832 833/892/833
f 815/888/815 847/893/847 816/857/816
f 802/889/802 834/894/834 803/858/803
f 817/859/817 847/893/847 848/895/848
f 803/858/803 835/896/835 804/860/804
f 791/862/791 1039/897/1039 822/898/822
f 817/859/817 849/899/849 818/863/818
f 805/864/805 835/896/835 836/900/836
f 791/862/791 823/901/823 792/865/792
f 819/866/819 849/899/849 850/902/850
f 806/867/806 836/900/836 837/903/837
f 793/868/793 823/901/823 824/904/824
f 819/866/819 851/905/851 820/869/820
f 806/867/806 838/906/838 807/870/807
f 794/871/794 824/904/824 825/907/825
f 821/872/821 851/905/851 852/908/852
f 807/870/807 839/909/839 808/873/808
f 795/874/795 825/907/825 826/910/826
f 1226/911/1226 821/872/821 852/908/852
f 809/876/809 839/909/839 840/912/840
f 795/874/795 827/913/827 796/877/796
f 810/878/810 840/912/840 841/914/841
f 797/879/797 827/913/827 828/915/828
f 810/878/810 842/916/842 811/880/811
f 798/881/798 828/915/828 829/917/829
f 811/880/811 843/918/843 812/882/812
f 798/881/798 830/919/830 799/883/799
f 812/882/812 844/920/844 813/884/813
f 799/883/799 831/921/831 800/885/800
f 814/886/814 844/920/844 845/922/845
f 801/887/801 831/921/831 832/891/832
f 848/895/848 878/923/878 879/924/879
f 834/894/834 866/925/866 835/896/835
f 822/898/822 1039/926/1039 853/927/853
f 848/895/848 880/928/880 849/899/849
f 836/900/836 866/925/866 867/929/867
f 822/898/822 854/930/854 823/901/823
f 849/899/849 881/931/881 850/902/850
f 837/903/837 867/929/867 868/932/868
f 824/904/824 854/930/854 855/933/855
f 850/902/850 882/934/882 851/905/851
f 837/903/837 869/935/869 838/906/838
f 824/904/824 856/936/856 825/907/825
f 852/908/852 882/934/882 883/937/883
f 838/906/838 870/938/870 839/909/839
f 826/910/826 856/936/856 857/939/857
f 1226/940/1226 852/908/852 883/937/883
f 840/912/840 870/938/870 871/941/871
f 826/910/826 858/942/858 827/913/827
f 841/914/841 871/941/871 872/943/872
f 828/915/828 858/942/858 859/944/859
f 841/914/841 873/945/873 842/916/842
f 829/917/829 859/944/859 860/946/860
f 842/916/842 874/947/874 843/918/843
f 829/917/829 861/948/861 830/919/830
f 843/918/843 875/949/875 844/920/844
f 830/919/830 862/950/862 831/921/831
f 845/922/845 875/949/875 876/951/876
f 832/891/832 862/950/862 863/952/863
f 845/922/845 877/953/877 846/890/846
f 833/892/833 863/952/863 864/954/864
f 846/890/846 878/923/878 847/893/847
f 833/892/833 865/955/865 834/894/834
f 853/927/853 885/956/885 854/930/854
f 881/931/881 911/957/911 912/958/912
f 868/932/868 898/959/898 899/960/899
f 855/933/855 885/956/885 886/961/886
f 881/931/881 913/962/913 882/934/882
f 868/932/868 900/963/900 869/935/869
f 855/933/855 887/964/887 856/936/856
f 882/934/882 914/965/914 883/937/883
f 869/935/869 901/966/901 870/938/870
f 856/936/856 888/967/888 857/939/857
f 1226/968/1226 883/937/883 914/965/914
f 871/941/871 901/966/901 902/969/902
f 857/939/857 889/970/889 858/942/858
f 872/943/872 902/969/902 903/971/903
f 858/942/858 890/972/890 859/944/859
f 872/943/872 904/973/904 873/945/873
f 860/946/860 890/972/890 891/974/891
f 873/945/873 905/975/905 874/947/874
f 860/946/860 892/976/892 861/948/861
f 875/949/875 905/975/905 906/977/906
f 861/948/861 893/978/893 862/950/862
f 876/951/876 906/977/906 907/979/907
f 863/952/863 893/978/893 894/980/894
f 876/951/876 908/981/908 877/953/877
f 864/954/864 894/980/894 895/982/895
f 877/953/877 909/983/909 878/923/878
f 864/954/864 896/984/896 865/955/865
f 879/924/879 909/983/909 910/985/910
f 865/955/865 897/986/897 866/925/866
f 853/927/853 1039/987/1039 884/988/884
f 880/928/880 910/985/910 911/957/911
f 867/929/867 897/986/897 898/959/898
f 886/961/886 918/989/918 887/964/887
f 914/965/914 944/990/944 945/991/945
f 900/963/900 932/992/932 901/966/901
f 887/964/887 919/993/919 888/967/888
f 1226/994/1226 914/965/914 945/991/945
f 902/969/902 932/992/932 933/995/933
f 888/967/888 920/996/920 889/970/889
f 903/971/903 933/995/933 934/997/934
f 889/970/889 921/998/921 890/972/890
f 903/971/903 935/999/935 904/973/904
f 891/974/891 921/998/921 922/1000/922
f 904/973/904 936/1001/936 905/975/905
f 891/974/891 923/1002/923 892/976/892
f 906/977/906 936/1001/936 937/1003/937
f 892/976/892 924/1004/924 893/978/893
f 907/979/907 937/1003/937 938/1005/938
f 894/980/894 924/1004/924 925/1006/925
f 907/979/907 939/1007/939 908/981/908
f 894/980/894 926/1008/926 895/982/895
f 908/981/908 940/1009/940 909/983/909
f 895/982/895 927/1010/927 896/984/896
f 910/985/910 940/1009/940 941/1011/941
f 896/984/896 928/1012/928 897/986/897
f 884/988/884 1039/1013/1039 915/1014/915
f 910/985/910 942/1015/942 911/957/911
f 898/959/898 928/1012/928 929/1016/929
f 884/988/884 916/1017/916 885/956/885
f 911/957/911 943/1018/943 912/958/912
f 899/960/899 929/1016/929 930/1019/930
f 886/961/886 916/1017/916 917/1020/917
f 912/958/912 944/990/944 913/962/913
f 899/960/899 931/1021/931 900/963/900
f 919/993/919 951/1022/951 920/996/920
f 934/997/934 964/1023/964 965/1024/965
f 921/998/921 951/1022/951 952/1025/952
f 935/999/935 965/1024/965 966/1026/966
f 922/1000/922 952/1025/952 953/1027/953
f 935/999/935 967/1028/967 936/1001/936
f 922/1000/922 954/1029/954 923/1002/923
f 937/1003/937 967/1028/967 968/1030/968
f 923/1002/923 955/1031/955 924/1004/924
f 938/1005/938 968/1030/968 969/1032/969
f 925/1006/925 955/1031/955 956/1033/956
f 938/1005/938 970/1034/970 939/1007/939
f 925/1006/925 957/1035/957 926/1008/926
f 939/1007/939 971/1036/971 940/1009/940
f 926/1008/926 958/1037/958 927/1010/927
f 941/1011/941 971/1036/971 972/1038/972
f 927/1010/927 959/1039/959 928/1012/928
f 915/1014/915 1039/1040/1039 946/1041/946
f 942/1015/942 972/1038/972 973/1042/973
f 929/1016/929 959/1039/959 960/1043/960
f 915/1014/915 947/1044/947 916/1017/916
f 942/1015/942 974/1045/974 943/1018/943
f 930/1019/930 960/1043/960 961/1046/961
f 916/1017/916 948/1047/948 917/1020/917
f 943/1018/943 975/1048/975 944/990/944
f 930/1019/930 962/1049/962 931/1021/931
f 918/989/918 948/1047/948 949/1050/949
f 945/991/945 975/1048/975 976/1051/976
f 931/1021/931 963/1052/963 932/992/932
f 918/989/918 950/1053/950 919/993/919
f 1226/1054/1226 945/991/945 976/1051/976
f 933/995/933 963/1052/963 964/1023/964
f 953/1027/953 983/1055/983 984/1056/984
f 966/1026/966 998/1057/998 967/1028/967
f 953/1027/953 985/1058/985 954/1029/954
f 968/1030/968 998/1057/998 999/1059/999
f 954/1029/954 986/1060/986 955/1031/955
f 969/1032/969 999/1059/999 1000/1061/1000
f 956/1033/956 986/1060/986 987/1062/987
f 969/1032/969 1001/1063/1001 970/1034/970
f 956/1033/956 988/1064/988 957/1035/957
f 970/1034/970 1002/1065/1002 971/1036/971
f 957/1035/957 989/1066/989 958/1037/958
f 972/1038/972 1002/1065/1002 1003/1067/1003
f 958/1037/958 990/1068/990 959/1039/959
f 946/1041/946 1039/1069/1039 977/1070/977
f 972/1038/972 1004/1071/1004 973/1042/973
f 960/1043/960 990/1068/990 991/1072/991
f 946/1041/946 978/1073/978 947/1044/947
f 974/1045/974 1004/1071/1004 1005/1074/1005
f 961/1046/961 991/1072/991 992/1075/992
f 948/1047/948 978/1073/978 979/1076/979
f 974/1045/974 1006/1077/1006 975/1048/975
f 961/1046/961 993/1078/993 962/1049/962
f 948/1047/948 980/1079/980 949/1050/949
f 975/1048/975 1007/1080/1007 976/1051/976
f 962/1049/962 994/1081/994 963/1052/963
f 950/1053/950 980/1079/980 981/1082/981
f 1226/1083/1226 976/1051/976 1007/1080/1007
f 964/1023/964 994/1081/994 995/1084/995
f 950/1053/950 982/1085/982 951/1022/951
f 965/1024/965 995/1084/995 996/1086/996
f 951/1022/951 983/1055/983 952/1025/952
f 965/1024/965 997/1087/997 966/1026/966
f 985/1058/985 1017/1088/1017 986/1060/986
f 1000/1061/1000 1030/1089/1030 1031/1090/1031
f 987/1062/987 1017/1088/1017 1018/1091/1018
f 1000/1061/1000 1032/1092/1032 1001/1063/1001
f 988/1064/988 1018/1091/1018 1019/1093/1019
f 1001/1063/1001 1033/1094/1033 1002/1065/1002
f 989/1066/989 1019/1093/1019 1020/1095/1020
f 1003/1067/1003 1033/1094/1033 1034/1096/1034
f 989/1066/989 1021/1097/1021 990/1068/990
f 977/1070/977 1039/1098/1039 1008/1099/1008
f 1003/1067/1003 1035/1100/1035 1004/1071/1004
f 991/1072/991 1021/1097/1021 1022/1101/1022
f 977/1070/977 1009/1102/1009 978/1073/978
f 1005/1074/1005 1035/1100/1035 1036/1103/1036
f 992/1075/992 1022/1101/1022 1023/1104/1023
f 979/1076/979 1009/1102/1009 1010/1105/1010
f 1005/1074/1005 1037/1106/1037 1006/1077/1006
f 992/1075/992 1024/1107/1024 993/1078/993
f 979/1076/979 1011/1108/1011 980/1079/980
f 1007/1080/1007 1037/1106/1037 1038/1109/1038
f 993/1078/993 1025/1110/1025 994/1081/994
f 980/1079/980 1012/1111/1012 981/1082/981
f 1226/1112/1226 1007/1080/1007 1038/1109/1038
f 995/1084/995 1025/1110/1025 1026/1113/1026
f 981/1082/981 1013/1114/1013 982/1085/982
f 995/1084/995 1027/1115/1027 996/1086/996
f 982/1085/982 1014/1116/1014 983/1055/983
f 996/1086/996 1028/1117/1028 997/1087/997
f 984/1056/984 1014/1116/1014 1015/1118/1015
f 997/1087/997 1029/1119/1029 998/1057/998
f 984/1056/984 1016/1120/1016 985/1058/985
f 999/1059/999 1029/1119/1029 1030/1089/1030
f 1019/1093/1019 1050/1121/1050 1051/1122/1051
f 1032/1092/1032 1065/1123/1065 1033/1094/1033
f 1019/1093/1019 1052/1124/1052 1020/1095/1020
f 1034/1096/1034 1065/1123/1065 1066/1125/1066
f 1020/1095/1020 1053/1126/1053 1021/1097/1021
f 1008/1099/1008 1039/1127/1039 1040/1128/1040
f 1035/1100/1035 1066/1125/1066 1067/1129/1067
f 1022/1101/1022 1053/1126/1053 1054/1130/1054
f 1008/1099/1008 1041/1131/1041 1009/1102/1009
f 1035/1100/1035 1068/1132/1068 1036/1103/1036
f 1023/1104/1023 1054/1130/1054 1055/1133/1055
f 1010/1105/1010 1041/1131/1041 1042/1134/1042
f 1036/1103/1036 1069/1135/1069 1037/1106/1037
f 1023/1104/1023 1056/1136/1056 1024/1107/1024
f 1010/1105/1010 1043/1137/1043 1011/1108/1011
f 1037/1106/1037 1070/1138/1070 1038/1109/1038
f 1024/1107/1024 1057/1139/1057 1025/1110/1025
f 1011/1108/1011 1044/1140/1044 1012/1111/1012
f 1226/1141/1226 1038/1109/1038 1070/1138/1070
f 1026/1113/1026 1057/1139/1057 1058/1142/1058
f 1012/1111/1012 1045/1143/1045 1013/1114/1013
f 1027/1115/1027 1058/1142/1058 1059/1144/1059
f 1014/1116/1014 1045/1143/1045 1046/1145/1046
f 1027/1115/1027 1060/1146/1060 1028/1117/1028
f 1015/1118/1015 1046/1145/1046 1047/1147/1047
f 1028/1117/1028 1061/1148/1061 1029/1119/1029
f 1015/1118/1015 1048/1149/1048 1016/1120/1016
f 1029/1119/1029 1062/1150/1062 1030/1089/1030
f 1017/1088/1017 1048/1149/1048 1049/1151/1049
f 1031/1090/1031 1062/1150/1062 1063/1152/1063
f 1018/1091/1018 1049/1151/1049 1050/1121/1050
f 1031/1090/1031 1064/1153/1064 1032/1092/1032
f 1052/1124/1052 1084/1154/1084 1053/1126/1053
f 1040/1128/1040 1039/1155/1039 1071/1156/1071
f 1067/1129/1067 1097/1157/1097 1098/1158/1098
f 1054/1130/1054 1084/1154/1084 1085/1159/1085
f 1040/1128/1040 1072/1160/1072 1041/1131/1041
f 1068/1132/1068 1098/1158/1098 1099/1161/1099
f 1055/1133/1055 1085/1159/1085 1086/1162/1086
f 1041/1131/1041 1073/1163/1073 1042/1134/1042
f 1068/1132/1068 1100/1164/1100 1069/1135/1069
f 1055/1133/1055 1087/1165/1087 1056/1136/1056
f 1042/1134/1042 1074/1166/1074 1043/1137/1043
f 1070/1138/1070 1100/1164/1100 1101/1167/1101
f 1056/1136/1056 1088/1168/1088 1057/1139/1057
f 1043/1137/1043 1075/1169/1075 1044/1140/1044
f 1226/1170/1226 1070/1138/1070 1101/1167/1101
f 1058/1142/1058 1088/1168/1088 1089/1171/1089
f 1044/1140/1044 1076/1172/1076 1045/1143/1045
f 1058/1142/1058 1090/1173/1090 1059/1144/1059
f 1045/1143/1045 1077/1174/1077 1046/1145/1046
f 1059/1144/1059 1091/1175/1091 1060/1146/1060
f 1047/1147/1047 1077/1174/1077 1078/1176/1078
f 1060/1146/1060 1092/1177/1092 1061/1148/1061
f 1047/1147/1047 1079/1178/1079 1048/1149/1048
f 1062/1150/1062 1092/1177/1092 1093/1179/1093
f 1048/1149/1048 1080/1180/1080 1049/1151/1049
f 1063/1152/1063 1093/1179/1093 1094/1181/1094
f 1050/1121/1050 1080/1180/1080 1081/1182/1081
f 1063/1152/1063 1095/1183/1095 1064/1153/1064
f 1050/1121/1050 1082/1184/1082 1051/1122/1051
f 1064/1153/1064 1096/1185/1096 1065/1123/1065
f 1052/1124/1052 1082/1184/1082 1083/1186/1083
f 1066/1125/1066 1096/1185/1096 1097/1157/1097
f 1086/1162/1086 1116/1187/1116 1117/1188/1117
f 1072/1160/1072 1104/1189/1104 1073/1163/1073
f 1099/1161/1099 1131/1190/1131 1100/1164/1100
f 1086/1162/1086 1118/1191/1118 1087/1165/1087
f 1073/1163/1073 1105/1192/1105 1074/1166/1074
f 1101/1167/1101 1131/1190/1131 1132/1193/1132
f 1087/1165/1087 1119/1194/1119 1088/1168/1088
f 1075/1169/1075 1105/1192/1105 1106/1195/1106
f 1226/1196/1226 1101/1167/1101 1132/1193/1132
f 1089/1171/1089 1119/1194/1119 1120/1197/1120
f 1075/1169/1075 1107/1198/1107 1076/1172/1076
f 1089/1171/1089 1121/1199/1121 1090/1173/1090
f 1076/1172/1076 1108/1200/1108 1077/1174/1077
f 1091/1175/1091 1121/1199/1121 1122/1201/1122
f 1078/1176/1078 1108/1200/1108 1109/1202/1109
f 1091/1175/1091 1123/1203/1123 1092/1177/1092
f 1078/1176/1078 1110/1204/1110 1079/1178/1079
f 1093/1179/1093 1123/1203/1123 1124/1205/1124
f 1079/1178/1079 1111/1206/1111 1080/1180/1080
f 1094/1181/1094 1124/1205/1124 1125/1207/1125
f 1081/1182/1081 1111/1206/1111 1112/1208/1112
f 1094/1181/1094 1126/1209/1126 1095/1183/1095
f 1081/1182/1081 1113/1210/1113 1082/1184/1082
f 1096/1185/1096 1126/1209/1126 1127/1211/1127
f 1083/1186/1083 1113/1210/1113 1114/1212/1114
f 1097/1157/1097 1127/1211/1127 1128/1213/1128
f 1083/1186/1083 1115/1214/1115 1084/1154/1084
f 1071/1156/1071 1039/1215/1039 1102/1216/1102
f 1097/1157/1097 1129/1217/1129 1098/1158/1098
f 1085/1159/1085 1115/1214/1115 1116/1187/1116
f 1071/1156/1071 1103/1218/1103 1072/1160/1072
f 1098/1158/1098 1130/1219/1130 1099/1161/1099
f 1118/1191/1118 1150/1220/1150 1119/1194/1119
f 1106/1195/1106 1136/1221/1136 1137/1222/1137
f 1226/1223/1226 1132/1193/1132 1163/1224/1163
f 1120/1197/1120 1150/1220/1150 1151/1225/1151
f 1106/1195/1106 1138/1226/1138 1107/1198/1107
f 1120/1197/1120 1152/1227/1152 1121/1199/1121
f 1108/1200/1108 1138/1226/1138 1139/1228/1139
f 1121/1199/1121 1153/1229/1153 1122/1201/1122
f 1109/1202/1109 1139/1228/1139 1140/1230/1140
f 1122/1201/1122 1154/1231/1154 1123/1203/1123
f 1109/1202/1109 1141/1232/1141 1110/1204/1110
f 1124/1205/1124 1154/1231/1154 1155/1233/1155
f 1110/1204/1110 1142/1234/1142 1111/1206/1111
f 1125/1207/1125 1155/1233/1155 1156/1235/1156
f 1112/1208/1112 1142/1234/1142 1143/1236/1143
f 1125/1207/1125 1157/1237/1157 1126/1209/1126
f 1112/1208/1112 1144/1238/1144 1113/1210/1113
f 1126/1209/1126 1158/1239/1158 1127/1211/1127
f 1114/1212/1114 1144/1238/1144 1145/1240/1145
f 1128/1213/1128 1158/1239/1158 1159/1241/1159
f 1114/1212/1114 1146/1242/1146 1115/1214/1115
f 1102/1216/1102 1039/1243/1039 1133/1244/1133
f 1128/1213/1128 1160/1245/1160 1129/1217/1129
f 1116/1187/1116 1146/1242/1146 1147/1246/1147
f 1102/1216/1102 1134/1247/1134 1103/1218/1103
f 1130/1219/1130 1160/1245/1160 1161/1248/1161
f 1117/1188/1117 1147/1246/1147 1148/1249/1148
f 1103/1218/1103 1135/1250/1135 1104/1189/1104
f 1130/1219/1130 1162/1251/1162 1131/1190/1131
f 1117/1188/1117 1149/1252/1149 1118/1191/1118
f 1104/1189/1104 1136/1221/1136 1105/1192/1105
f 1132/1193/1132 1162/1251/1162 1163/1224/1163
f 1151/1225/1151 1183/1253/1183 1152/1227/1152
f 1139/1228/1139 1169/1254/1169 1170/1255/1170
f 1153/1229/1153 1183/1253/1183 1184/1256/1184
f 1140/1230/1140 1170/1255/1170 1171/1257/1171
f 1153/1229/1153 1185/1258/1185 1154/1231/1154
f 1140/1230/1140 1172/1259/1172 1141/1232/1141
f 1154/1231/1154 1186/1260/1186 1155/1233/1155
f 1142/1234/1142 1172/1259/1172 1173/1261/1173
f 1156/1235/1156 1186/1260/1186 1187/1262/1187
f 1143/1236/1143 1173/1261/1173 1174/1263/1174
f 1156/1235/1156 1188/1264/1188 1157/1237/1157
f 1143/1236/1143 1175/1265/1175 1144/1238/1144
f 1157/1237/1157 1189/1266/1189 1158/1239/1158
f 1145/1240/1145 1175/1265/1175 1176/1267/1176
f 1159/1241/1159 1189/1266/1189 1190/1268/1190
f 1145/1240/1145 1177/1269/1177 1146/1242/1146
f 1133/1244/1133 1039/1270/1039 1164/1271/1164
f 1159/1241/1159 1191/1272/1191 1160/1245/1160
f 1147/1246/1147 1177/1269/1177 1178/1273/1178
f 1133/1244/1133 1165/1274/1165 1134/1247/1134
f 1161/1248/1161 1191/1272/1191 1192/1275/1192
f 1148/1249/1148 1178/1273/1178 1179/1276/1179
f 1134/1247/1134 1166/1277/1166 1135/1250/1135
f 1161/1248/1161 1193/1278/1193 1162/1251/1162
f 1148/1249/1148 1180/1279/1180 1149/1252/1149
f 1136/1221/1136 1166/1277/1166 1167/1280/1167
f 1163/1224/1163 1193/1278/1193 1194/1281/1194
f 1149/1252/1149 1181/1282/1181 1150/1220/1150
f 1137/1222/1137 1167/1280/1167 1168/1283/1168
f 1226/1284/1226 1163/1224/1163 1194/1281/1194
f 1151/1225/1151 1181/1282/1181 1182/1285/1182
f 1137/1222/1137 1169/1254/1169 1138/1226/1138
f 1184/1256/1184 1216/1286/1216 1185/1258/1185
f 1171/1257/1171 1203/1287/1203 1172/1259/1172
f 1186/1260/1186 1216/1286/1216 1217/1288/1217
f 1173/1261/1173 1203/1287/1203 1204/1289/1204
f 1187/1262/1187 1217/1288/1217 1218/1290/1218
f 1174/1263/1174 1204/1289/1204 1205/1291/1205
f 1187/1262/1187 1219/1292/1219 1188/1264/1188
f 1175/1265/1175 1205/1291/1205 1206/1293/1206
f 1189/1266/1189 1219/1292/1219 1220/1294/1220
f 1176/1267/1176 1206/1293/1206 1207/1295/1207
f 1190/1268/1190 1220/1294/1220 1221/1296/1221
f 1176/1267/1176 1208/1297/1208 1177/1269/1177
f 1164/1271/1164 1039/1298/1039 1195/1299/1195
f 1190/1268/1190 1222/1300/1222 1191/1272/1191
f 1178/1273/1178 1208/1297/1208 1209/1301/1209
f 1164/1271/1164 1196/1302/1196 1165/1274/1165
f 1192/1275/1192 1222/1300/1222 1223/1303/1223
f 1179/1276/1179 1209/1301/1209 1210/1304/1210
f 1166/1277/1166 1196/1302/1196 1197/1305/1197
f 1193/1278/1193 1223/1303/1223 1224/1306/1224
f 1179/1276/1179 1211/1307/1211 1180/1279/1180
f 1166/1277/1166 1198/1308/1198 1167/1280/1167
f 1193/1278/1193 1225/1309/1225 1194/1281/1194
f 1180/1279/1180 1212/1310/1212 1181/1282/1181
f 1167/1280/1167 1199/1311/1199 1168/1283/1168
f 1226/1312/1226 1194/1281/1194 1225/1309/1225
f 1182/1285/1182 1212/1310/1212 1213/1313/1213
f 1168/1283/1168 1200/1314/1200 1169/1254/1169
f 1182/1285/1182 1214/1315/1214 1183/1253/1183
f 1169/1254/1169 1201/1316/1201 1170/1255/1170
f 1183/1253/1183 1215/1317/1215 1184/1256/1184
f 1171/1257/1171 1201/1316/1201 1202/1318/1202
f 1218/1290/1218 1249/1319/1249 1250/1320/1250
f 1205/1291/1205 1236/1321/1236 1237/1322/1237
f 1218/1290/1218 1251/1323/1251 1219/1292/1219
f 1206/1293/1206 1237/1322/1237 1238/1324/1238
f 1219/1292/1219 1252/1325/1252 1220/1294/1220
f 1207/1295/1207 1238/1324/1238 1239/1326/1239
f 1221/1296/1221 1252/1325/1252 1253/1327/1253
f 1207/1295/1207 1240/1328/1240 1208/1297/1208
f 1195/1299/1195 1039/1329/1039 1227/1330/1227
f 1221/1296/1221 1254/1331/1254 1222/1300/1222
f 1209/1301/1209 1240/1328/1240 1241/1332/1241
f 1195/1299/1195 1228/1333/1228 1196/1302/1196
f 1222/1300/1222 1255/1334/1255 1223/1303/1223
f 1210/1304/1210 1241/1332/1241 1242/1335/1242
f 1197/1305/1197 1228/1333/1228 1229/1336/1229
f 1223/1303/1223 1256/1337/1256 1224/1306/1224
f 1210/1304/1210 1243/1338/1243 1211/1307/1211
f 1197/1305/1197 1230/1339/1230 1198/1308/1198
f 1224/1306/1224 1257/1340/1257 1225/1309/1225
f 1211/1307/1211 1244/1341/1244 1212/1310/1212
f 1198/1308/1198 1231/1342/1231 1199/1311/1199
f 1226/1343/1226 1225/1309/1225 1257/1340/1257
f 1213/1313/1213 1244/1341/1244 1245/1344/1245
f 1199/1311/1199 1232/1345/1232 1200/1314/1200
f 1213/1313/1213 1246/1346/1246 1214/1315/1214
f 1200/1314/1200 1233/1347/1233 1201/1316/1201
f 1214/1315/1214 1247/1348/1247 1215/1317/1215
f 1202/1318/1202 1233/1347/1233 1234/1349/1234
f 1215/1317/1215 1248/1350/1248 1216/1286/1216
f 1202/1318/1202 1235/1351/1235 1203/1287/1203
f 1217/1288/1217 1248/1350/1248 1249/1319/1249
f 1203/1287/1203 1236/1321/1236 1204/1289/1204
f 1251/1323/1251 1283/1352/1283 1252/1325/1252
f 1238/1324/1238 1270/1353/1270 1239/1326/1239
f 1253/1327/1253 1283/1352/1283 1284/1354/1284
f 1239/1326/1239 1271/1355/1271 1240/1328/1240
f 1227/1330/1227 1039/1356/1039 1258/1357/1258
f 1253/1327/1253 1285/1358/1285 1254/1331/1254
f 1241/1332/1241 1271/1355/1271 1272/1359/1272
f 1227/1330/1227 1259/1360/1259 1228/1333/1228
f 1255/1334/1255 1285/1358/1285 1286/1361/1286
f 1242/1335/1242 1272/1359/1272 1273/1362/1273
f 1229/1336/1229 1259/1360/1259 1260/1363/1260
f 1255/1334/1255 1287/1364/1287 1256/1337/1256
f 1242/1335/1242 1274/1365/1274 1243/1338/1243
f 1229/1336/1229 1261/1366/1261 1230/1339/1230
f 1257/1340/1257 1287/1364/1287 1288/1367/1288
f 1243/1338/1243 1275/1368/1275 1244/1341/1244
f 1231/1342/1231 1261/1366/1261 1262/1369/1262
f 1226/1370/1226 1257/1340/1257 1288/1367/1288
f 1245/1344/1245 1275/1368/1275 1276/1371/1276
f 1231/1342/1231 1263/1372/1263 1232/1345/1232
f 1246/1346/1246 1276/1371/1276 1277/1373/1277
f 1232/1345/1232 1264/1374/1264 1233/1347/1233
f 1246/1346/1246 1278/1375/1278 1247/1348/1247
f 1234/1349/1234 1264/1374/1264 1265/1376/1265
f 1247/1348/1247 1279/1377/1279 1248/1350/1248
f 1234/1349/1234 1266/1378/1266 1235/1351/1235
f 1248/1350/1248 1280/1379/1280 1249/1319/1249
f 1236/1321/1236 1266/1378/1266 1267/1380/1267
f 1250/1320/1250 1280/1379/1280 1281/1381/1281
f 1237/1322/1237 1267/1380/1267 1268/1382/1268
f 1250/1320/1250 1282/1383/1282 1251/1323/1251
f 1238/1324/1238 1268/1382/1268 1269/1384/1269
f 1284/1354/1284 1316/1385/1316 1285/1358/1285
f 1272/1359/1272 1302/1386/1302 1303/1387/1303
f 1258/1357/1258 1290/1388/1290 1259/1360/1259
f 1286/1361/1286 1316/1385/1316 1317/1389/1317
f 1273/1362/1273 1303/1387/1303 1304/1390/1304
f 1260/1363/1260 1290/1388/1290 1291/1391/1291
f 1286/1361/1286 1318/1392/1318 1287/1364/1287
f 1273/1362/1273 1305/1393/1305 1274/1365/1274
f 1260/1363/1260 1292/1394/1292 1261/1366/1261
f 1288/1367/1288 1318/1392/1318 1319/1395/1319
f 1274/1365/1274 1306/1396/1306 1275/1368/1275
f 1261/1366/1261 1293/1397/1293 1262/1369/1262
f 1226/1398/1226 1288/1367/1288 1319/1395/1319
f 1276/1371/1276 1306/1396/1306 1307/1399/1307
f 1262/1369/1262 1294/1400/1294 1263/1372/1263
f 1276/1371/1276 1308/1401/1308 1277/1373/1277
f 1263/1372/1263 1295/1402/1295 1264/1374/1264
f 1277/1373/1277 1309/1403/1309 1278/1375/1278
f 1265/1376/1265 1295/1402/1295 1296/1404/1296
f 1278/1375/1278 1310/1405/1310 1279/1377/1279
f 1265/1376/1265 1297/1406/1297 1266/1378/1266
f 1279/1377/1279 1311/1407/1311 1280/1379/1280
f 1266/1378/1266 1298/1408/1298 1267/1380/1267
f 1281/1381/1281 1311/1407/1311 1312/1409/1312
f 1268/1382/1268 1298/1408/1298 1299/1410/1299
f 1281/1381/1281 1313/1411/1313 1282/1383/1282
f 1269/1384/1269 1299/1410/1299 1300/1412/1300
f 1283/1352/1283 1313/1411/1313 1314/1413/1314
f 1269/1384/1269 1301/1414/1301 1270/1353/1270
f 1284/1354/1284 1314/1413/1314 1315/1415/1315
f 1270/1353/1270 1302/1386/1302 1271/1355/1271
f 1258/1357/1258 1039/1416/1039 1289/1417/1289
f 1317/1389/1317 1349/1418/1349 1318/1392/1318
f 1304/1390/1304 1336/1419/1336 1305/1393/1305
f 1291/1391/1291 1323/1420/1323 1292/1394/1292
f 1319/1395/1319 1349/1418/1349 1350/1421/1350
f 1305/1393/1305 1337/1422/1337 1306/1396/1306
f 1293/1397/1293 1323/1420/1323 1324/1423/1324
f 1226/1424/1226 1319/1395/1319 1350/1421/1350
f 1307/1399/1307 1337/1422/1337 1338/1425/1338
f 1293/1397/1293 1325/1426/1325 1294/1400/1294
f 1308/1401/1308 1338/1425/1338 1339/1427/1339
f 1294/1400/1294 1326/1428/1326 1295/1402/1295
f 1308/1401/1308 1340/1429/1340 1309/1403/1309
f 1296/1404/1296 1326/1428/1326 1327/1430/1327
f 1309/1403/1309 1341/1431/1341 1310/1405/1310
f 1296/1404/1296 1328/1432/1328 1297/1406/1297
f 1311/1407/1311 1341/1431/1341 1342/1433/1342
f 1297/1406/1297 1329/1434/1329 1298/1408/1298
f 1312/1409/1312 1342/1433/1342 1343/1435/1343
f 1299/1410/1299 1329/1434/1329 1330/1436/1330
f 1312/1409/1312 1344/1437/1344 1313/1411/1313
f 1300/1412/1300 1330/1436/1330 1331/1438/1331
f 1313/1411/1313 1345/1439/1345 1314/1413/1314
f 1300/1412/1300 1332/1440/1332 1301/1414/1301
f 1315/1415/1315 1345/1439/1345 1346/1441/1346
f 1301/1414/1301 1333/1442/1333 1302/1386/1302
f 1289/1417/1289 1039/1443/1039 1320/1444/1320
f 1316/1385/1316 1346/1441/1346 1347/1445/1347
f 1303/1387/1303 1333/1442/1333 1334/1446/1334
f 1289/1417/1289 1321/1447/1321 1290/1388/1290
f 1316/1385/1316 1348/1448/1348 1317/1389/1317
f 1304/1390/1304 1334/1446/1334 1335/1449/1335
f 1291/1391/1291 1321/1447/1321 1322/1450/1322
f 1226/1451/1226 1350/1421/1350 1381/1452/1381
f 1338/1425/1338 1368/1453/1368 1369/1454/1369
f 1324/1423/1324 1356/1455/1356 1325/1426/1325
f 1338/1425/1338 1370/1456/1370 1339/1427/1339
f 1325/1426/1325 1357/1457/1357 1326/1428/1326
f 1339/1427/1339 1371/1458/1371 1340/1429/1340
f 1327/1430/1327 1357/1457/1357 1358/1459/1358
f 1340/1429/1340 1372/1460/1372 1341/1431/1341
f 1327/1430/1327 1359/1461/1359 1328/1432/1328
f 1342/1433/1342 1372/1460/1372 1373/1462/1373
f 1328/1432/1328 1360/1463/1360 1329/1434/1329
f 1343/1435/1343 1373/1462/1373 1374/1464/1374
f 1330/1436/1330 1360/1463/1360 1361/1465/1361
f 1343/1435/1343 1375/1466/1375 1344/1437/1344
f 1331/1438/1331 1361/1465/1361 1362/1467/1362
f 1344/1437/1344 1376/1468/1376 1345/1439/1345
f 1332/1440/1332 1362/1467/1362 1363/1469/1363
f 1346/1441/1346 1376/1468/1376 1377/1470/1377
f 1332/1440/1332 1364/1471/1364 1333/1442/1333
f 1320/1444/1320 1039/1472/1039 1351/1473/1351
f 1346/1441/1346 1378/1474/1378 1347/1445/1347
f 1334/1446/1334 1364/1471/1364 1365/1475/1365
f 1320/1444/1320 1352/1476/1352 1321/1447/1321
f 1348/1448/1348 1378/1474/1378 1379/1477/1379
f 1335/1449/1335 1365/1475/1365 1366/1478/1366
f 1322/1450/1322 1352/1476/1352 1353/1479/1353
f 1348/1448/1348 1380/1480/1380 1349/1418/1349
f 1335/1449/1335 1367/1481/1367 1336/1419/1336
f 1323/1420/1323 1353/1479/1353 1354/1482/1354
f 1350/1421/1350 1380/1480/1380 1381/1452/1381
f 1336/1419/1336 1368/1453/1368 1337/1422/1337
f 1324/1423/1324 1354/1482/1354 1355/1483/1355
f 1370/1456/1370 1402/1484/1402 1371/1458/1371
f 1358/1459/1358 1388/1485/1388 1389/1486/1389
f 1371/1458/1371 1403/1487/1403 1372/1460/1372
f 1358/1459/1358 1390/1488/1390 1359/1461/1359
f 1373/1462/1373 1403/1487/1403 1404/1489/1404
f 1359/1461/1359 1391/1490/1391 1360/1463/1360
f 1374/1464/1374 1404/1489/1404 1405/1491/1405
f 1361/1465/1361 1391/1490/1391 1392/1492/1392
f 1374/1464/1374 1406/1493/1406 1375/1466/1375
f 1362/1467/1362 1392/1492/1392 1393/1494/1393
f 1375/1466/1375 1407/1495/1407 1376/1468/1376
f 1362/1467/1362 1394/1496/1394 1363/1469/1363
f 1377/1470/1377 1407/1495/1407 1408/1497/1408
f 1363/1469/1363 1395/1498/1395 1364/1471/1364
f 1351/1473/1351 1039/1499/1039 1382/1500/1382
f 1377/1470/1377 1409/1501/1409 1378/1474/1378
f 1365/1475/1365 1395/1498/1395 1396/1502/1396
f 1351/1473/1351 1383/1503/1383 1352/1476/1352
f 1379/1477/1379 1409/1501/1409 1410/1504/1410
f 1366/1478/1366 1396/1502/1396 1397/1505/1397
f 1352/1476/1352 1384/1506/1384 1353/1479/1353
f 1379/1477/1379 1411/1507/1411 1380/1480/1380
f 1366/1478/1366 1398/1508/1398 1367/1481/1367
f 1353/1479/1353 1385/1509/1385 1354/1482/1354
f 1380/1480/1380 1412/1510/1412 1381/1452/1381
f 1367/1481/1367 1399/1511/1399 1368/1453/1368
f 1354/1482/1354 1386/1512/1386 1355/1483/1355
f 1226/1513/1226 1381/1452/1381 1412/1510/1412
f 1369/1454/1369 1399/1511/1399 1400/1514/1400
f 1355/1483/1355 1387/1515/1387 1356/1455/1356
f 1370/1456/1370 1400/1514/1400 1401/1516/1401
f 1357/1457/1357 1387/1515/1387 1388/1485/1388
f 1404/1489/1404 1434/1517/1434 1435/1518/1435
f 1390/1488/1390 1422/1519/1422 1391/1490/1391
f 1405/1491/1405 1435/1518/1435 1436/1520/1436
f 1392/1492/1392 1422/1519/1422 1423/1521/1423
f 1405/1491/1405 1437/1522/1437 1406/1493/1406
f 1393/1494/1393 1423/1521/1423 1424/1523/1424
f 1407/1495/1407 1437/1522/1437 1438/1524/1438
f 1393/1494/1393 1425/1525/1425 1394/1496/1394
f 1408/1497/1408 1438/1524/1438 1439/1526/1439
f 1394/1496/1394 1426/1527/1426 1395/1498/1395
f 1382/1500/1382 1039/1528/1039 1413/1529/1413
f 1408/1497/1408 1440/1530/1440 1409/1501/1409
f 1396/1502/1396 1426/1527/1426 1427/1531/1427
f 1382/1500/1382 1414/1532/1414 1383/1503/1383
f 1410/1504/1410 1440/1530/1440 1441/1533/1441
f 1397/1505/1397 1427/1531/1427 1428/1534/1428
f 1384/1506/1384 1414/1532/1414 1415/1535/1415
f 1410/1504/1410 1442/1536/1442 1411/1507/1411
f 1397/1505/1397 1429/1537/1429 1398/1508/1398
f 1384/1506/1384 1416/1538/1416 1385/1509/1385
f 1411/1507/1411 1443/1539/1443 1412/1510/1412
f 1398/1508/1398 1430/1540/1430 1399/1511/1399
f 1385/1509/1385 1417/1541/1417 1386/1512/1386
f 1226/1542/1226 1412/1510/1412 1443/1539/1443
f 1400/1514/1400 1430/1540/1430 1431/1543/1431
f 1386/1512/1386 1418/1544/1418 1387/1515/1387
f 1400/1514/1400 1432/1545/1432 1401/1516/1401
f 1387/1515/1387 1419/1546/1419 1388/1485/1388
f 1401/1516/1401 1433/1547/1433 1402/1484/1402
f 1389/1486/1389 1419/1546/1419 1420/1548/1420
f 1402/1484/1402 1434/1517/1434 1403/1487/1403
f 1389/1486/1389 1421/1549/1421 1390/1488/1390
f 1436/1520/1436 1468/1550/1468 1437/1522/1437
f 1424/1523/1424 1454/1551/1454 1455/1552/1455
f 1438/1524/1438 1468/1550/1468 1469/1553/1469
f 1425/1525/1425 1455/1552/1455 1456/1554/1456
f 1439/1526/1439 1469/1553/1469 1470/1555/1470
f 1425/1525/1425 1457/1556/1457 1426/1527/1426
f 1413/1529/1413 1039/1557/1039 1444/1558/1444
f 1439/1526/1439 1471/1559/1471 1440/1530/1440
f 1427/1531/1427 1457/1556/1457 1458/1560/1458
f 1413/1529/1413 1445/1561/1445 1414/1532/1414
f 1440/1530/1440 1472/1562/1472 1441/1533/1441
f 1428/1534/1428 1458/1560/1458 1459/1563/1459
f 1414/1532/1414 1446/1564/1446 1415/1535/1415
f 1441/1533/1441 1473/1565/1473 1442/1536/1442
f 1428/1534/1428 1460/1566/1460 1429/1537/1429
f 1416/1538/1416 1446/1564/1446 1447/1567/1447
f 1443/1539/1443 1473/1565/1473 1474/1568/1474
f 1429/1537/1429 1461/1569/1461 1430/1540/1430
f 1416/1538/1416 1448/1570/1448 1417/1541/1417
f 1226/1571/1226 1443/1539/1443 1474/1568/1474
f 1431/1543/1431 1461/1569/1461 1462/1572/1462
f 1417/1541/1417 1449/1573/1449 1418/1544/1418
f 1432/1545/1432 1462/1572/1462 1463/1574/1463
f 1418/1544/1418 1450/1575/1450 1419/1546/1419
f 1432/1545/1432 1464/1576/1464 1433/1547/1433
f 1420/1548/1420 1450/1575/1450 1451/1577/1451
f 1433/1547/1433 1465/1578/1465 1434/1517/1434
f 1420/1548/1420 1452/1579/1452 1421/1549/1421
f 1435/1518/1435 1465/1578/1465 1466/1580/1466
f 1422/1519/1422 1452/1579/1452 1453/1581/1453
f 1436/1520/1436 1466/1580/1466 1467/1582/1467
f 1423/1521/1423 1453/1581/1453 1454/1551/1454
f 1470/1555/1470 1500/1583/1500 1501/1584/1501
f 1456/1554/1456 1488/1585/1488 1457/1556/1457
f 1444/1558/1444 1039/1586/1039 1475/1587/1475
f 1470/1555/1470 1502/1588/1502 1471/1559/1471
f 1458/1560/1458 1488/1585/1488 1489/1589/1489
f 1444/1558/1444 1476/1590/1476 1445/1561/1445
f 1472/1562/1472 1502/1588/1502 1503/1591/1503
f 1459/1563/1459 1489/1589/1489 1490/1592/1490
f 1446/1564/1446 1476/1590/1476 1477/1593/1477
f 1472/1562/1472 1504/1594/1504 1473/1565/1473
f 1459/1563/1459 1491/1595/1491 1460/1566/1460
f 1446/1564/1446 1478/1596/1478 1447/1567/1447
f 1473/1565/1473 1505/1597/1505 1474/1568/1474
f 1460/1566/1460 1492/1598/1492 1461/1569/1461
f 1447/1567/1447 1479/1599/1479 1448/1570/1448
f 1226/1600/1226 1474/1568/1474 1505/1597/1505
f 1462/1572/1462 1492/1598/1492 1493/1601/1493
f 1448/1570/1448 1480/1602/1480 1449/1573/1449
f 1463/1574/1463 1493/1601/1493 1494/1603/1494
f 1449/1573/1449 1481/1604/1481 1450/1575/1450
f 1463/1574/1463 1495/1605/1495 1464/1576/1464
f 1451/1577/1451 1481/1604/1481 1482/1606/1482
f 1464/1576/1464 1496/1607/1496 1465/1578/1465
f 1451/1577/1451 1483/1608/1483 1452/1579/1452
f 1466/1580/1466 1496/1607/1496 1497/1609/1497
f 1452/1579/1452 1484/1610/1484 1453/1581/1453
f 1467/1582/1467 1497/1609/1497 1498/1611/1498
f 1454/1551/1454 1484/1610/1484 1485/1612/1485
f 1467/1582/1467 1499/1613/1499 1468/1550/1468
f 1455/1552/1455 1485/1612/1485 1486/1614/1486
f 1468/1550/1468 1500/1583/1500 1469/1553/1469
f 1455/1552/1455 1487/1615/1487 1456/1554/1456
f 1475/1616/1475 1507/1617/1507 1476/1618/1476
f 1503/1619/1503 1533/1620/1533 1534/1621/1534
f 1490/1622/1490 1520/1623/1520 1521/1624/1521
f 1477/1625/1477 1507/1617/1507 1508/1626/1508
f 1503/1619/1503 1535/1627/1535 1504/1628/1504
f 1490/1622/1490 1522/1629/1522 1491/1630/1491
f 1477/1625/1477 1509/1631/1509 1478/1632/1478
f 1504/1628/1504 1536/1633/1536 1505/1634/1505
f 1491/1630/1491 1523/1635/1523 1492/1636/1492
f 1479/1637/1479 1509/1631/1509 1510/1638/1510
f 1226/1639/1226 1505/1634/1505 1536/1633/1536
f 1493/1640/1493 1523/1635/1523 1524/1641/1524
f 1479/1637/1479 1511/1642/1511 1480/1643/1480
f 1493/1640/1493 1525/1644/1525 1494/1645/1494
f 1480/1643/1480 1512/1646/1512 1481/1647/1481
f 1494/1645/1494 1526/1648/1526 1495/1649/1495
f 1482/1650/1482 1512/1646/1512 1513/1651/1513
f 1495/1649/1495 1527/1652/1527 1496/1653/1496
f 1482/1650/1482 1514/1654/1514 1483/1655/1483
f 1497/1656/1497 1527/1652/1527 1528/1657/1528
f 1483/1655/1483 1515/1658/1515 1484/1659/1484
f 1498/1660/1498 1528/1657/1528 1529/1661/1529
f 1485/1662/1485 1515/1658/1515 1516/1663/1516
f 1498/1660/1498 1530/1664/1530 1499/1665/1499
f 1486/1666/1486 1516/1663/1516 1517/1667/1517
f 1500/1668/1500 1530/1664/1530 1531/1669/1531
f 1487/1670/1487 1517/1667/1517 1518/1671/1518
f 1501/1672/1501 1531/1669/1531 1532/1673/1532
f 1487/1670/1487 1519/1674/1519 1488/1675/1488
f 1475/1616/1475 1039/1676/1039 1506/1677/1506
f 1502/1678/1502 1532/1673/1532 1533/1620/1533
f 1489/1679/1489 1519/1674/1519 1520/1623/1520
f 1508/1626/1508 1540/1680/1540 1509/1631/1509
f 1535/1627/1535 1567/1681/1567 1536/1633/1536
f 1522/1629/1522 1554/1682/1554 1523/1635/1523
f 1510/1638/1510 1540/1680/1540 1541/1683/1541
f 1226/1684/1226 1536/1633/1536 1567/1681/1567
f 1524/1641/1524 1554/1682/1554 1555/1685/1555
f 1510/1638/1510 1542/1686/1542 1511/1642/1511
f 1524/1641/1524 1556/1687/1556 1525/1644/1525
f 1512/1646/1512 1542/1686/1542 1543/1688/1543
f 1525/1644/1525 1557/1689/1557 1526/1648/1526
f 1513/1651/1513 1543/1688/1543 1544/1690/1544
f 1526/1648/1526 1558/1691/1558 1527/1652/1527
f 1513/1651/1513 1545/1692/1545 1514/1654/1514
f 1528/1657/1528 1558/1691/1558 1559/1693/1559
f 1514/1654/1514 1546/1694/1546 1515/1658/1515
f 1529/1661/1529 1559/1693/1559 1560/1695/1560
f 1516/1663/1516 1546/1694/1546 1547/1696/1547
f 1529/1661/1529 1561/1697/1561 1530/1664/1530
f 1517/1667/1517 1547/1696/1547 1548/1698/1548
f 1530/1664/1530 1562/1699/1562 1531/1669/1531
f 1518/1671/1518 1548/1698/1548 1549/1700/1549
f 1532/1673/1532 1562/1699/1562 1563/1701/1563
f 1518/1671/1518 1550/1702/1550 1519/1674/1519
f 1506/1677/1506 1039/1703/1039 1537/1704/1537
f 1532/1673/1532 1564/1705/1564 1533/1620/1533
f 1520/1623/1520 1550/1702/1550 1551/1706/1551
f 1507/1617/1507 1537/1704/1537 1538/1707/1538
f 1534/1621/1534 1564/1705/1564 1565/1708/1565
f 1521/1624/1521 1551/1706/1551 1552/1709/1552
f 1508/1626/1508 1538/1707/1538 1539/1710/1539
f 1534/1621/1534 1566/1711/1566 1535/1627/1535
f 1521/1624/1521 1553/1712/1553 1522/1629/1522
f 1541/1683/1541 1573/1713/1573 1542/1686/1542
f 1555/1685/1555 1587/1714/1587 1556/1687/1556
f 1542/1686/1542 1574/1715/1574 1543/1688/1543
f 1556/1687/1556 1588/1716/1588 1557/1689/1557
f 1544/1690/1544 1574/1715/1574 1575/1717/1575
f 1557/1689/1557 1589/1718/1589 1558/1691/1558
f 1544/1690/1544 1576/1719/1576 1545/1692/1545
f 1559/1693/1559 1589/1718/1589 1590/1720/1590
f 1545/1692/1545 1577/1721/1577 1546/1694/1546
f 1560/1695/1560 1590/1720/1590 1591/1722/1591
f 1547/1696/1547 1577/1721/1577 1578/1723/1578
f 1560/1695/1560 1592/1724/1592 1561/1697/1561
f 1548/1698/1548 1578/1723/1578 1579/1725/1579
f 1561/1697/1561 1593/1726/1593 1562/1699/1562
f 1549/1700/1549 1579/1725/1579 1580/1727/1580
f 1563/1701/1563 1593/1726/1593 1594/1728/1594
f 1549/1700/1549 1581/1729/1581 1550/1702/1550
f 1537/1704/1537 1039/1730/1039 1568/1731/1568
f 1563/1701/1563 1595/1732/1595 1564/1705/1564
f 1551/1706/1551 1581/1729/1581 1582/1733/1582
f 1537/1704/1537 1569/1734/1569 1538/1707/1538
f 1565/1708/1565 1595/1732/1595 1596/1735/1596
f 1552/1709/1552 1582/1733/1582 1583/1736/1583
f 1538/1707/1538 1570/1737/1570 1539/1710/1539
f 1565/1708/1565 1597/1738/1597 1566/1711/1566
f 1552/1709/1552 1584/1739/1584 1553/1712/1553
f 1539/1710/1539 1571/1740/1571 1540/1680/1540
f 1566/1711/1566 1598/1741/1598 1567/1681/1567
f 1553/1712/1553 1585/1742/1585 1554/1682/1554
f 1540/1680/1540 1572/1743/1572 1541/1683/1541
f 1226/1744/1226 1567/1681/1567 1598/1741/1598
f 1555/1685/1555 1585/1742/1585 1586/1745/1586
f 1572/1743/1572 1604/1746/1604 1573/1713/1573
f 1586/1745/1586 1618/1747/1618 1587/1714/1587
f 1573/1713/1573 1605/1748/1605 1574/1715/1574
f 1587/1714/1587 1619/1749/1619 1588/1716/1588
f 1575/1717/1575 1605/1748/1605 1606/1750/1606
f 1588/1716/1588 1620/1751/1620 1589/1718/1589
f 1575/1717/1575 1607/1752/1607 1576/1719/1576
f 1590/1720/1590 1620/1751/1620 1621/1753/1621
f 1576/1719/1576 1608/1754/1608 1577/1721/1577
f 1591/1722/1591 1621/1753/1621 1622/1755/1622
f 1578/1723/1578 1608/1754/1608 1609/1756/1609
f 1591/1722/1591 1623/1757/1623 1592/1724/1592
f 1579/1725/1579 1609/1756/1609 1610/1758/1610
f 1592/1724/1592 1624/1759/1624 1593/1726/1593
f 1580/1727/1580 1610/1758/1610 1611/1760/1611
f 1594/1728/1594 1624/1759/1624 1625/1761/1625
f 1580/1727/1580 1612/1762/1612 1581/1729/1581
f 1568/1731/1568 1039/1763/1039 1599/1764/1599
f 1594/1728/1594 1626/1765/1626 1595/1732/1595
f 1582/1733/1582 1612/1762/1612 1613/1766/1613
f 1568/1731/1568 1600/1767/1600 1569/1734/1569
f 1596/1735/1596 1626/1765/1626 1627/1768/1627
f 1583/1736/1583 1613/1766/1613 1614/1769/1614
f 1569/1734/1569 1601/1770/1601 1570/1737/1570
f 1596/1735/1596 1628/1771/1628 1597/1738/1597
f 1583/1736/1583 1615/1772/1615 1584/1739/1584
f 1571/1740/1571 1601/1770/1601 1602/1773/1602
f 1597/1738/1597 1629/1774/1629 1598/1741/1598
f 1584/1739/1584 1616/1775/1616 1585/1742/1585
f 1572/1743/1572 1602/1773/1602 1603/1776/1603
f 1226/1777/1226 1598/1741/1598 1629/1774/1629
f 1586/1745/1586 1616/1775/1616 1617/1778/1617
f 1606/1750/1606 1636/1779/1636 1637/1780/1637
f 1619/1749/1619 1651/1781/1651 1620/1751/1620
f 1606/1750/1606 1638/1782/1638 1607/1752/1607
f 1621/1753/1621 1651/1781/1651 1652/1783/1652
f 1607/1752/1607 1639/1784/1639 1608/1754/1608
f 1622/1755/1622 1652/1783/1652 1653/1785/1653
f 1609/1756/1609 1639/1784/1639 1640/1786/1640
f 1622/1755/1622 1654/1787/1654 1623/1757/1623
f 1610/1758/1610 1640/1786/1640 1641/1788/1641
f 1623/1757/1623 1655/1789/1655 1624/1759/1624
f 1610/1758/1610 1642/1790/1642 1611/1760/1611
f 1625/1761/1625 1655/1789/1655 1656/1791/1656
f 1611/1760/1611 1643/1792/1643 1612/1762/1612
f 1599/1764/1599 1039/1793/1039 1630/1794/1630
f 1625/1761/1625 1657/1795/1657 1626/1765/1626
f 1613/1766/1613 1643/1792/1643 1644/1796/1644
f 1599/1764/1599 1631/1797/1631 1600/1767/1600
f 1626/1765/1626 1658/1798/1658 1627/1768/1627
f 1614/1769/1614 1644/1796/1644 1645/1799/1645
f 1600/1767/1600 1632/1800/1632 1601/1770/1601
f 1627/1768/1627 1659/1801/1659 1628/1771/1628
f 1614/1769/1614 1646/1802/1646 1615/1772/1615
f 1601/1770/1601 1633/1803/1633 1602/1773/1602
f 1629/1774/1629 1659/1801/1659 1660/1804/1660
f 1615/1772/1615 1647/1805/1647 1616/1775/1616
f 1602/1773/1602 1634/1806/1634 1603/1776/1603
f 1226/1807/1226 1629/1774/1629 1660/1804/1660
f 1617/1778/1617 1647/1805/1647 1648/1808/1648
f 1603/1776/1603 1635/1809/1635 1604/1746/1604
f 1617/1778/1617 1649/1810/1649 1618/1747/1618
f 1605/1748/1605 1635/1809/1635 1636/1779/1636
f 1618/1747/1618 1650/1811/1650 1619/1749/1619
f 1639/1784/1639 1669/1812/1669 1670/1813/1670
f 1653/1785/1653 1683/1814/1683 1684/1815/1684
f 1640/1786/1640 1670/1813/1670 1671/1816/1671
f 1653/1785/1653 1685/1817/1685 1654/1787/1654
f 1641/1788/1641 1671/1816/1671 1672/1818/1672
f 1655/1789/1655 1685/1817/1685 1686/1819/1686
f 1641/1788/1641 1673/1820/1673 1642/1790/1642
f 1656/1791/1656 1686/1819/1686 1687/1821/1687
f 1642/1790/1642 1674/1822/1674 1643/1792/1643
f 1630/1794/1630 1039/1823/1039 1661/1824/1661
f 1656/1791/1656 1688/1825/1688 1657/1795/1657
f 1644/1796/1644 1674/1822/1674 1675/1826/1675
f 1630/1794/1630 1662/1827/1662 1631/1797/1631
f 1657/1795/1657 1689/1828/1689 1658/1798/1658
f 1645/1799/1645 1675/1826/1675 1676/1829/1676
f 1631/1797/1631 1663/1830/1663 1632/1800/1632
f 1658/1798/1658 1690/1831/1690 1659/1801/1659
f 1645/1799/1645 1677/1832/1677 1646/1802/1646
f 1633/1803/1633 1663/1830/1663 1664/1833/1664
f 1660/1804/1660 1690/1831/1690 1691/1834/1691
f 1646/1802/1646 1678/1835/1678 1647/1805/1647
f 1634/1806/1634 1664/1833/1664 1665/1836/1665
f 1226/1837/1226 1660/1804/1660 1691/1834/1691
f 1648/1808/1648 1678/1835/1678 1679/1838/1679
f 1634/1806/1634 1666/1839/1666 1635/1809/1635
f 1648/1808/1648 1680/1840/1680 1649/1810/1649
f 1636/1779/1636 1666/1839/1666 1667/1841/1667
f 1649/1810/1649 1681/1842/1681 1650/1811/1650
f 1637/1780/1637 1667/1841/1667 1668/1843/1668
f 1650/1811/1650 1682/1844/1682 1651/1781/1651
f 1637/1780/1637 1669/1812/1669 1638/1782/1638
f 1651/1781/1651 1683/1814/1683 1652/1783/1652
f 1672/1818/1672 1702/1845/1702 1703/1846/1703
f 1685/1817/1685 1717/1847/1717 1686/1819/1686
f 1673/1820/1673 1703/1846/1703 1704/1848/1704
f 1687/1821/1687 1717/1847/1717 1718/1849/1718
f 1673/1820/1673 1705/1850/1705 1674/1822/1674
f 1661/1824/1661 1039/1851/1039 1692/1852/1692
f 1687/1821/1687 1719/1853/1719 1688/1825/1688
f 1675/1826/1675 1705/1850/1705 1706/1854/1706
f 1661/1824/1661 1693/1855/1693 1662/1827/1662
f 1688/1825/1688 1720/1856/1720 1689/1828/1689
f 1676/1829/1676 1706/1854/1706 1707/1857/1707
f 1662/1827/1662 1694/1858/1694 1663/1830/1663
f 1689/1828/1689 1721/1859/1721 1690/1831/1690
f 1676/1829/1676 1708/1860/1708 1677/1832/1677
f 1663/1830/1663 1695/1861/1695 1664/1833/1664
f 1690/1831/1690 1722/1862/1722 1691/1834/1691
f 1677/1832/1677 1709/1863/1709 1678/1835/1678
f 1664/1833/1664 1696/1864/1696 1665/1836/1665
f 1226/1865/1226 1691/1834/1691 1722/1862/1722
f 1679/1838/1679 1709/1863/1709 1710/1866/1710
f 1665/1836/1665 1697/1867/1697 1666/1839/1666
f 1679/1838/1679 1711/1868/1711 1680/1840/1680
f 1667/1841/1667 1697/1867/1697 1698/1869/1698
f 1680/1840/1680 1712/1870/1712 1681/1842/1681
f 1668/1843/1668 1698/1869/1698 1699/1871/1699
f 1681/1842/1681 1713/1872/1713 1682/1844/1682
f 1668/1843/1668 1700/1873/1700 1669/1812/1669
f 1683/1814/1683 1713/1872/1713 1714/1874/1714
f 1669/1812/1669 1701/1875/1701 1670/1813/1670
f 1684/1815/1684 1714/1874/1714 1715/1876/1715
f 1671/1816/1671 1701/1875/1701 1702/1845/1702
f 1684/1815/1684 1716/1877/1716 1685/1817/1685
f 1704/1848/1704 1736/1878/1736 1705/1850/1705
f 1692/1852/1692 1039/1879/1039 1723/1880/1723
f 1718/1849/1718 1750/1881/1750 1719/1853/1719
f 1706/1854/1706 1736/1878/1736 1737/1882/1737
f 1692/1852/1692 1724/1883/1724 1693/1855/1693
f 1719/1853/1719 1751/1884/1751 1720/1856/1720
f 1707/1857/1707 1737/1882/1737 1738/1885/1738
f 1694/1858/1694 1724/1883/1724 1725/1886/1725
f 1720/1856/1720 1752/1887/1752 1721/1859/1721
f 1707/1857/1707 1739/1888/1739 1708/1860/1708
f 1694/1858/1694 1726/1889/1726 1695/1861/1695
f 1722/1862/1722 1752/1887/1752 1753/1890/1753
f 1708/1860/1708 1740/1891/1740 1709/1863/1709
f 1695/1861/1695 1727/1892/1727 1696/1864/1696
f 1226/1893/1226 1722/1862/1722 1753/1890/1753
f 1710/1866/1710 1740/1891/1740 1741/1894/1741
f 1696/1864/1696 1728/1895/1728 1697/1867/1697
f 1710/1866/1710 1742/1896/1742 1711/1868/1711
f 1697/1867/1697 1729/1897/1729 1698/1869/1698
f 1711/1868/1711 1743/1898/1743 1712/1870/1712
f 1699/1871/1699 1729/1897/1729 1730/1899/1730
f 1712/1870/1712 1744/1900/1744 1713/1872/1713
f 1699/1871/1699 1731/1901/1731 1700/1873/1700
f 1714/1874/1714 1744/1900/1744 1745/1902/1745
f 1700/1873/1700 1732/1903/1732 1701/1875/1701
f 1715/1876/1715 1745/1902/1745 1746/1904/1746
f 1702/1845/1702 1732/1903/1732 1733/1905/1733
f 1715/1876/1715 1747/1906/1747 1716/1877/1716
f 1703/1846/1703 1733/1905/1733 1734/1907/1734
f 1717/1847/1717 1747/1906/1747 1748/1908/1748
f 1704/1848/1704 1734/1907/1734 1735/1909/1735
f 1718/1849/1718 1748/1908/1748 1749/1910/1749
f 1738/1885/1738 1768/1911/1768 1769/1912/1769
f 1724/1883/1724 1756/1913/1756 1725/1886/1725
f 1751/1884/1751 1783/1914/1783 1752/1887/1752
f 1738/1885/1738 1770/1915/1770 1739/1888/1739
f 1725/1886/1725 1757/1916/1757 1726/1889/1726
f 1753/1890/1753 1783/1914/1783 1784/1917/1784
f 1739/1888/1739 1771/1918/1771 1740/1891/1740
f 1726/1889/1726 1758/1919/1758 1727/1892/1727
f 1226/1920/1226 1753/1890/1753 1784/1917/1784
f 1741/1894/1741 1771/1918/1771 1772/1921/1772
f 1727/1892/1727 1759/1922/1759 1728/1895/1728
f 1741/1894/1741 1773/1923/1773 1742/1896/1742
f 1728/1895/1728 1760/1924/1760 1729/1897/1729
f 1742/1896/1742 1774/1925/1774 1743/1898/1743
f 1730/1899/1730 1760/1924/1760 1761/1926/1761
f 1743/1898/1743 1775/1927/1775 1744/1900/1744
f 1730/1899/1730 1762/1928/1762 1731/1901/1731
f 1745/1902/1745 1775/1927/1775 1776/1929/1776
f 1731/1901/1731 1763/1930/1763 1732/1903/1732
f 1746/1904/1746 1776/1929/1776 1777/1931/1777
f 1733/1905/1733 1763/1930/1763 1764/1932/1764
f 1746/1904/1746 1778/1933/1778 1747/1906/1747
f 1734/1907/1734 1764/1932/1764 1765/1934/1765
f 1748/1908/1748 1778/1933/1778 1779/1935/1779
f 1734/1907/1734 1766/1936/1766 1735/1909/1735
f 1749/1910/1749 1779/1935/1779 1780/1937/1780
f 1735/1909/1735 1767/1938/1767 1736/1878/1736
f 1723/1880/1723 1039/1939/1039 1754/1940/1754
f 1749/1910/1749 1781/1941/1781 1750/1881/1750
f 1736/1878/1736 1768/1911/1768 1737/1882/1737
f 1723/1880/1723 1755/1942/1755 1724/1883/1724
f 1751/1884/1751 1781/1941/1781 1782/1943/1782
f 1770/1915/1770 1802/1944/1802 1771/1918/1771
f 1758/1919/1758 1788/1945/1788 1789/1946/1789
f 1226/1947/1226 1784/1917/1784 1815/1948/1815
f 1772/1921/1772 1802/1944/1802 1803/1949/1803
f 1758/1919/1758 1790/1950/1790 1759/1922/1759
f 1772/1921/1772 1804/1951/1804 1773/1923/1773
f 1759/1922/1759 1791/1952/1791 1760/1924/1760
f 1773/1923/1773 1805/1953/1805 1774/1925/1774
f 1761/1926/1761 1791/1952/1791 1792/1954/1792
f 1774/1925/1774 1806/1955/1806 1775/1927/1775
f 1761/1926/1761 1793/1956/1793 1762/1928/1762
f 1776/1929/1776 1806/1955/1806 1807/1957/1807
f 1762/1928/1762 1794/1958/1794 1763/1930/1763
f 1777/1931/1777 1807/1957/1807 1808/1959/1808
f 1764/1932/1764 1794/1958/1794 1795/1960/1795
f 1777/1931/1777 1809/1961/1809 1778/1933/1778
f 1765/1934/1765 1795/1960/1795 1796/1962/1796
f 1779/1935/1779 1809/1961/1809 1810/1963/1810
f 1766/1936/1766 1796/1962/1796 1797/1964/1797
f 1780/1937/1780 1810/1963/1810 1811/1965/1811
f 1766/1936/1766 1798/1966/1798 1767/1938/1767
f 1754/1940/1754 1039/1967/1039 1785/1968/1785
f 1781/1941/1781 1811/1965/1811 1812/1969/1812
f 1768/1911/1768 1798/1966/1798 1799/1970/1799
f 1754/1940/1754 1786/1971/1786 1755/1942/1755
f 1781/1941/1781 1813/1972/1813 1782/1943/1782
f 1769/1912/1769 1799/1970/1799 1800/1973/1800
f 1756/1913/1756 1786/1971/1786 1787/1974/1787
f 1782/1943/1782 1814/1975/1814 1783/1914/1783
f 1769/1912/1769 1801/1976/1801 1770/1915/1770
f 1756/1913/1756 1788/1945/1788 1757/1916/1757
f 1784/1917/1784 1814/1975/1814 1815/1948/1815
f 1803/1949/1803 1835/1977/1835 1804/1951/1804
f 1790/1950/1790 1822/1978/1822 1791/1952/1791
f 1804/1951/1804 1836/1979/1836 1805/1953/1805
f 1792/1954/1792 1822/1978/1822 1823/1980/1823
f 1805/1953/1805 1837/1981/1837 1806/1955/1806
f 1792/1954/1792 1824/1982/1824 1793/1956/1793
f 1807/1957/1807 1837/1981/1837 1838/1983/1838
f 1793/1956/1793 1825/1984/1825 1794/1958/1794
f 1808/1959/1808 1838/1983/1838 1839/1985/1839
f 1795/1960/1795 1825/1984/1825 1826/1986/1826
f 1808/1959/1808 1840/1987/1840 1809/1961/1809
f 1795/1960/1795 1827/1988/1827 1796/1962/1796
f 1810/1963/1810 1840/1987/1840 1841/1989/1841
f 1797/1964/1797 1827/1988/1827 1828/1990/1828
f 1811/1965/1811 1841/1989/1841 1842/1991/1842
f 1797/1964/1797 1829/1992/1829 1798/1966/1798
f 1785/1968/1785 1039/1993/1039 1816/1994/1816
f 1811/1965/1811 1843/1995/1843 1812/1969/1812
f 1799/1970/1799 1829/1992/1829 1830/1996/1830
f 1785/1968/1785 1817/1997/1817 1786/1971/1786
f 1812/1969/1812 1844/1998/1844 1813/1972/1813
f 1800/1973/1800 1830/1996/1830 1831/1999/1831
f 1786/1971/1786 1818/2000/1818 1787/1974/1787
f 1813/1972/1813 1845/2001/1845 1814/1975/1814
f 1800/1973/1800 1832/2002/1832 1801/1976/1801
f 1787/1974/1787 1819/2003/1819 1788/1945/1788
f 1815/1948/1815 1845/2001/1845 1846/2004/1846
f 1801/1976/1801 1833/2005/1833 1802/1944/1802
f 1788/1945/1788 1820/2006/1820 1789/1946/1789
f 1226/2007/1226 1815/1948/1815 1846/2004/1846
f 1803/1949/1803 1833/2005/1833 1834/2008/1834
f 1789/1946/1789 1821/2009/1821 1790/1950/1790
f 1836/1979/1836 1868/2010/1868 1837/1981/1837
f 1823/1980/1823 1855/2011/1855 1824/1982/1824
f 1838/1983/1838 1868/2010/1868 1869/2012/1869
f 1824/1982/1824 1856/2013/1856 1825/1984/1825
f 1839/1985/1839 1869/2012/1869 1870/2014/1870
f 1826/1986/1826 1856/2013/1856 1857/2015/1857
f 1839/1985/1839 1871/2016/1871 1840/1987/1840
f 1826/1986/1826 1858/2017/1858 1827/1988/1827
f 1840/1987/1840 1872/2018/1872 1841/1989/1841
f 1828/1990/1828 1858/2017/1858 1859/2019/1859
f 1842/1991/1842 1872/2018/1872 1873/2020/1873
f 1828/1990/1828 1860/2021/1860 1829/1992/1829
f 1816/1994/1816 1039/2022/1039 1847/2023/1847
f 1842/1991/1842 1874/2024/1874 1843/1995/1843
f 1830/1996/1830 1860/2021/1860 1861/2025/1861
f 1816/1994/1816 1848/2026/1848 1817/1997/1817
f 1843/1995/1843 1875/2027/1875 1844/1998/1844
f 1831/1999/1831 1861/2025/1861 1862/2028/1862
f 1818/2000/1818 1848/2026/1848 1849/2029/1849
f 1844/1998/1844 1876/2030/1876 1845/2001/1845
f 1831/1999/1831 1863/2031/1863 1832/2002/1832
f 1819/2003/1819 1849/2029/1849 1850/2032/1850
f 1846/2004/1846 1876/2030/1876 1877/2033/1877
f 1832/2002/1832 1864/2034/1864 1833/2005/1833
f 1819/2003/1819 1851/2035/1851 1820/2006/1820
f 1226/2036/1226 1846/2004/1846 1877/2033/1877
f 1834/2008/1834 1864/2034/1864 1865/2037/1865
f 1820/2006/1820 1852/2038/1852 1821/2009/1821
f 1834/2008/1834 1866/2039/1866 1835/1977/1835
f 1821/2009/1821 1853/2040/1853 1822/1978/1822
f 1836/1979/1836 1866/2039/1866 1867/2041/1867
f 1823/1980/1823 1853/2040/1853 1854/2042/1854
f 1870/2014/1870 1900/2043/1900 1901/2044/1901
f 1857/2015/1857 1887/2045/1887 1888/2046/1888
f 1870/2014/1870 1902/2047/1902 1871/2016/1871
f 1857/2015/1857 1889/2048/1889 1858/2017/1858
f 1871/2016/1871 1903/2049/1903 1872/2018/1872
f 1859/2019/1859 1889/2048/1889 1890/2050/1890
f 1872/2018/1872 1904/2051/1904 1873/2020/1873
f 1859/2019/1859 1891/2052/1891 1860/2021/1860
f 1847/2023/1847 1039/2053/1039 1878/2054/1878
f 1873/2020/1873 1905/2055/1905 1874/2024/1874
f 1861/2025/1861 1891/2052/1891 1892/2056/1892
f 1847/2023/1847 1879/2057/1879 1848/2026/1848
f 1874/2024/1874 1906/2058/1906 1875/2027/1875
f 1862/2028/1862 1892/2056/1892 1893/2059/1893
f 1848/2026/1848 1880/2060/1880 1849/2029/1849
f 1875/2027/1875 1907/2061/1907 1876/2030/1876
f 1862/2028/1862 1894/2062/1894 1863/2031/1863
f 1849/2029/1849 1881/2063/1881 1850/2032/1850
f 1877/2033/1877 1907/2061/1907 1908/2064/1908
f 1863/2031/1863 1895/2065/1895 1864/2034/1864
f 1850/2032/1850 1882/2066/1882 1851/2035/1851
f 1226/2067/1226 1877/2033/1877 1908/2064/1908
f 1865/2037/1865 1895/2065/1895 1896/2068/1896
f 1851/2035/1851 1883/2069/1883 1852/2038/1852
f 1865/2037/1865 1897/2070/1897 1866/2039/1866
f 1853/2040/1853 1883/2069/1883 1884/2071/1884
f 1866/2039/1866 1898/2072/1898 1867/2041/1867
f 1854/2042/1854 1884/2071/1884 1885/2073/1885
f 1867/2041/1867 1899/2074/1899 1868/2010/1868
f 1854/2042/1854 1886/2075/1886 1855/2011/1855
f 1869/2012/1869 1899/2074/1899 1900/2043/1900
f 1855/2011/1855 1887/2045/1887 1856/2013/1856
f 1903/2049/1903 1933/2076/1933 1934/2077/1934
f 1890/2050/1890 1920/2078/1920 1921/2079/1921
f 1904/2051/1904 1934/2077/1934 1935/2080/1935
f 1890/2050/1890 1922/2081/1922 1891/2052/1891
f 1878/2054/1878 1039/2082/1039 1909/2083/1909
f 1904/2051/1904 1936/2084/1936 1905/2055/1905
f 1892/2056/1892 1922/2081/1922 1923/2085/1923
f 1878/2054/1878 1910/2086/1910 1879/2057/1879
f 1905/2055/1905 1937/2087/1937 1906/2058/1906
f 1893/2059/1893 1923/2085/1923 1924/2088/1924
f 1879/2057/1879 1911/2089/1911 1880/2060/1880
f 1906/2058/1906 1938/2090/1938 1907/2061/1907
f 1893/2059/1893 1925/2091/1925 1894/2062/1894
f 1880/2060/1880 1912/2092/1912 1881/2063/1881
f 1907/2061/1907 1939/2093/1939 1908/2064/1908
f 1894/2062/1894 1926/2094/1926 1895/2065/1895
f 1881/2063/1881 1913/2095/1913 1882/2066/1882
f 1226/2096/1226 1908/2064/1908 1939/2093/1939
f 1896/2068/1896 1926/2094/1926 1927/2097/1927
f 1882/2066/1882 1914/2098/1914 1883/2069/1883
f 1896/2068/1896 1928/2099/1928 1897/2070/1897
f 1883/2069/1883 1915/2100/1915 1884/2071/1884
f 1898/2072/1898 1928/2099/1928 1929/2101/1929
f 1885/2073/1885 1915/2100/1915 1916/2102/1916
f 1898/2072/1898 1930/2103/1930 1899/2074/1899
f 1885/2073/1885 1917/2104/1917 1886/2075/1886
f 1900/2043/1900 1930/2103/1930 1931/2105/1931
f 1886/2075/1886 1918/2106/1918 1887/2045/1887
f 1901/2044/1901 1931/2105/1931 1932/2107/1932
f 1888/2046/1888 1918/2106/1918 1919/2108/1919
f 1901/2044/1901 1933/2076/1933 1902/2047/1902
f 1888/2046/1888 1920/2078/1920 1889/2048/1889
f 1936/2084/1936 1966/2109/1966 1967/2110/1967
f 1923/2085/1923 1953/2111/1953 1954/2112/1954
f 1909/2083/1909 1941/2113/1941 1910/2086/1910
f 1936/2084/1936 1968/2114/1968 1937/2087/1937
f 1924/2088/1924 1954/2112/1954 1955/2115/1955
f 1910/2086/1910 1942/2116/1942 1911/2089/1911
f 1937/2087/1937 1969/2117/1969 1938/2090/1938
f 1924/2088/1924 1956/2118/1956 1925/2091/1925
f 1912/2092/1912 1942/2116/1942 1943/2119/1943
f 1938/2090/1938 1970/2120/1970 1939/2093/1939
f 1925/2091/1925 1957/2121/1957 1926/2094/1926
f 1912/2092/1912 1944/2122/1944 1913/2095/1913
f 1226/2123/1226 1939/2093/1939 1970/2120/1970
f 1927/2097/1927 1957/2121/1957 1958/2124/1958
f 1913/2095/1913 1945/2125/1945 1914/2098/1914
f 1927/2097/1927 1959/2126/1959 1928/2099/1928
f 1915/2100/1915 1945/2125/1945 1946/2127/1946
f 1928/2099/1928 1960/2128/1960 1929/2101/1929
f 1916/2102/1916 1946/2127/1946 1947/2129/1947
f 1929/2101/1929 1961/2130/1961 1930/2103/1930
f 1916/2102/1916 1948/2131/1948 1917/2104/1917
f 1931/2105/1931 1961/2130/1961 1962/2132/1962
f 1917/2104/1917 1949/2133/1949 1918/2106/1918
f 1932/2107/1932 1962/2132/1962 1963/2134/1963
f 1919/2108/1919 1949/2133/1949 1950/2135/1950
f 1932/2107/1932 1964/2136/1964 1933/2076/1933
f 1919/2108/1919 1951/2137/1951 1920/2078/1920
f 1933/2076/1933 1965/2138/1965 1934/2077/1934
f 1921/2079/1921 1951/2137/1951 1952/2139/1952
f 1935/2080/1935 1965/2138/1965 1966/2109/1966
f 1921/2079/1921 1953/2111/1953 1922/2081/1922
f 1909/2083/1909 1039/2140/1039 1940/2141/1940
f 1969/2117/1969 14/33/14 1986/39/1986
f 1955/2115/1955 10/41/10 1956/2118/1956
f 1942/2116/1942 1971/42/1971 1943/2119/1943
f 1969/2117/1969 15/45/15 1970/2120/1970
f 1956/2118/1956 1978/47/1978 1957/2121/1957
f 1944/2122/1944 1971/42/1971 4/48/4
f 1226/2142/1226 1970/2120/1970 15/45/15
f 1958/2124/1958 1978/47/1978 11/52/11
f 1945/2125/1945 4/48/4 1972/54/1972
f 1958/2124/1958 12/56/12 1959/2126/1959
f 1945/2125/1945 1973/58/1973 1946/2127/1946
f 1959/2126/1959 13/60/13 1960/2128/1960
f 1947/2129/1947 1973/58/1973 1974/61/1974
f 1960/2128/1960 1979/1/1979 1961/2130/1961
f 1947/2129/1947 1975/64/1975 1948/2131/1948
f 1962/2132/1962 1979/1/1979 1980/3/1980
f 1948/2131/1948 1976/4/1976 1949/2133/1949
f 1963/2134/1963 1980/3/1980 1981/8/1981
f 1950/2135/1950 1976/4/1976 5/9/5
f 1963/2134/1963 1982/12/1982 1964/2136/1964
f 1951/2137/1951 5/9/5 6/14/6
f 1964/2136/1964 1983/15/1983 1965/2138/1965
f 1952/2139/1952 6/14/6 7/17/7
f 1966/2109/1966 1983/15/1983 1984/19/1984
f 1952/2139/1952 1977/21/1977 1953/2111/1953
f 1940/2141/1940 1039/2143/1039 1/23/1
f 1966/2109/1966 1985/27/1985 1967/2110/1967
f 1954/2112/1954 1977/21/1977 8/29/8
f 1941/2113/1941 1/23/1 2/31/2
f 1968/2114/1968 1985/27/1985 14/33/14
f 1955/2115/1955 8/29/8 9/35/9
f 1942/2116/1942 2/31/2 3/37/3
f 1979/1/1979 37/63/37 38/2/38
f 1976/4/1976 1975/64/1975 24/5/24
f 1980/3/1980 38/2/38 39/7/39
f 5/9/5 1976/4/1976 25/6/25
f 1981/8/1981 39/7/39 40/11/40
f 5/9/5 26/10/26 27/13/27
f 1983/15/1983 1982/12/1982 40/11/40
f 7/17/7 6/14/6 27/13/27
f 1984/19/1984 1983/15/1983 41/16/41
f 1977/21/1977 7/17/7 28/18/28
f 1984/19/1984 42/20/42 43/26/43
f 1977/21/1977 29/22/29 30/28/30
f 1/23/1 16/25/16 17/30/17
f 1985/27/1985 43/26/43 44/32/44
f 8/29/8 30/28/30 31/34/31
f 2/31/2 17/30/17 18/36/18
f 14/33/14 44/32/44 45/38/45
f 9/35/9 31/34/31 32/40/32
f 1971/42/1971 3/37/3 18/36/18
f 1986/39/1986 45/38/45 46/44/46
f 10/41/10 32/40/32 33/46/33
f 4/48/4 1971/42/1971 19/43/19
f 1978/47/1978 33/46/33 34/51/34
f 4/48/4 20/49/20 21/53/21
f 11/52/11 34/51/34 35/55/35
f 1972/54/1972 21/53/21 22/57/22
f 12/56/12 35/55/35 36/59/36
f 1974/61/1974 1973/58/1973 22/57/22
f 13/60/13 36/59/36 37/63/37
f 1975/64/1975 1974/61/1974 23/62/23
f 33/46/33 32/40/32 63/65/63
f 19/43/19 50/97/50 51/67/51
f 34/51/34 33/46/33 64/66/64
f 20/49/20 51/67/51 52/71/52
f 34/51/34 65/70/65 66/72/66
f 21/53/21 52/71/52 53/73/53
f 36/59/36 35/55/35 66/72/66
f 22/57/22 53/73/53 54/75/54
f 36/59/36 67/74/67 68/76/68
f 24/5/24 23/62/23 54/75/54
f 37/63/37 68/76/68 69/78/69
f 25/6/25 24/5/24 55/77/55
f 38/2/38 69/78/69 70/80/70
f 25/6/25 56/79/56 57/81/57
f 40/11/40 39/7/39 70/80/70
f 26/10/26 57/81/57 58/83/58
f 41/16/41 40/11/40 71/82/71
f 28/18/28 27/13/27 58/83/58
f 42/20/42 41/16/41 72/84/72
f 28/18/28 59/85/59 60/87/60
f 43/26/43 42/20/42 73/86/73
f 29/22/29 60/87/60 61/91/61
f 17/30/17 16/25/16 47/89/47
f 44/32/44 43/26/43 74/90/74
f 31/34/31 30/28/30 61/91/61
f 18/36/18 17/30/17 48/92/48
f 45/38/45 44/32/44 75/93/75
f 31/34/31 62/94/62 63/65/63
f 18/36/18 49/95/49 50/97/50
f 45/38/45 76/96/76 77/69/77
f 65/70/65 96/130/96 97/98/97
f 53/73/53 52/71/52 83/99/83
f 67/74/67 66/72/66 97/98/97
f 53/73/53 84/100/84 85/102/85
f 68/76/68 67/74/67 98/101/98
f 54/75/54 85/102/85 86/104/86
f 68/76/68 99/103/99 100/105/100
f 56/79/56 55/77/55 86/104/86
f 70/80/70 69/78/69 100/105/100
f 56/79/56 87/106/87 88/108/88
f 71/82/71 70/80/70 101/107/101
f 57/81/57 88/108/88 89/110/89
f 71/82/71 102/109/102 103/111/103
f 59/85/59 58/83/58 89/110/89
f 72/84/72 103/111/103 104/113/104
f 59/85/59 90/112/90 91/114/91
f 73/86/73 104/113/104 105/117/105
f 61/91/61 60/87/60 91/114/91
f 47/89/47 78/116/78 79/119/79
f 75/93/75 74/90/74 105/117/105
f 62/94/62 61/91/61 92/118/92
f 48/92/48 79/119/79 80/122/80
f 75/93/75 106/120/106 107/123/107
f 63/65/63 62/94/62 93/121/93
f 50/97/50 49/95/49 80/122/80
f 77/69/77 76/96/76 107/123/107
f 63/65/63 94/124/94 95/127/95
f 50/97/50 81/125/81 82/128/82
f 64/66/64 95/127/95 96/130/96
f 52/71/52 51/67/51 82/128/82
f 99/103/99 98/101/98 129/131/129
f 85/102/85 116/163/116 117/133/117
f 99/103/99 130/132/130 131/134/131
f 87/106/87 86/104/86 117/133/117
f 101/107/101 100/105/100 131/134/131
f 87/106/87 118/135/118 119/137/119
f 101/107/101 132/136/132 133/138/133
f 88/108/88 119/137/119 120/139/120
f 102/109/102 133/138/133 134/140/134
f 90/112/90 89/110/89 120/139/120
f 103/111/103 134/140/134 135/142/135
f 91/114/91 90/112/90 121/141/121
f 104/113/104 135/142/135 136/146/136
f 91/114/91 122/143/122 123/147/123
f 78/116/78 109/145/109 110/148/110
f 106/120/106 105/117/105 136/146/136
f 93/121/93 92/118/92 123/147/123
f 79/119/79 110/148/110 111/151/111
f 106/120/106 137/149/137 138/152/138
f 93/121/93 124/150/124 125/153/125
f 80/122/80 111/151/111 112/154/112
f 108/126/108 107/123/107 138/152/138
f 95/127/95 94/124/94 125/153/125
f 81/125/81 112/154/112 113/157/113
f 95/127/95 126/156/126 127/159/127
f 82/128/82 113/157/113 114/160/114
f 96/130/96 127/159/127 128/161/128
f 84/100/84 83/99/83 114/160/114
f 98/101/98 97/98/97 128/161/128
f 84/100/84 115/162/115 116/163/116
f 132/136/132 131/134/131 162/164/162
f 119/137/119 118/135/118 149/166/149
f 133/138/133 132/136/132 163/165/163
f 119/137/119 150/167/150 151/169/151
f 133/138/133 164/168/164 165/170/165
f 120/139/120 151/169/151 152/171/152
f 134/140/134 165/170/165 166/172/166
f 122/143/122 121/141/121 152/171/152
f 136/146/136 135/142/135 166/172/166
f 122/143/122 153/173/153 154/177/154
f 109/145/109 140/175/140 141/178/141
f 136/146/136 167/176/167 168/179/168
f 124/150/124 123/147/123 154/177/154
f 111/151/111 110/148/110 141/178/141
f 137/149/137 168/179/168 169/182/169
f 124/150/124 155/180/155 156/183/156
f 112/154/112 111/151/111 142/181/142
f 139/155/139 138/152/138 169/182/169
f 126/156/126 125/153/125 156/183/156
f 112/154/112 143/184/143 144/187/144
f 126/156/126 157/186/157 158/189/158
f 113/157/113 144/187/144 145/190/145
f 127/159/127 158/189/158 159/191/159
f 115/162/115 114/160/114 145/190/145
f 128/161/128 159/191/159 160/193/160
f 115/162/115 146/192/146 147/194/147
f 129/131/129 160/193/160 161/195/161
f 116/163/116 147/194/147 148/196/148
f 130/132/130 161/195/161 162/164/162
f 118/135/118 117/133/117 148/196/148
f 164/168/164 195/228/195 196/197/196
f 151/169/151 182/229/182 183/198/183
f 165/170/165 196/197/196 197/199/197
f 152/171/152 183/198/183 184/200/184
f 167/176/167 166/172/166 197/199/197
f 153/173/153 184/200/184 185/204/185
f 140/175/140 171/202/171 172/205/172
f 167/176/167 198/203/198 199/206/199
f 155/180/155 154/177/154 185/204/185
f 142/181/142 141/178/141 172/205/172
f 168/179/168 199/206/199 200/209/200
f 155/180/155 186/207/186 187/210/187
f 142/181/142 173/208/173 174/211/174
f 170/185/170 169/182/169 200/209/200
f 157/186/157 156/183/156 187/210/187
f 143/184/143 174/211/174 175/214/175
f 157/186/157 188/213/188 189/216/189
f 144/187/144 175/214/175 176/217/176
f 159/191/159 158/189/158 189/216/189
f 146/192/146 145/190/145 176/217/176
f 159/191/159 190/218/190 191/220/191
f 147/194/147 146/192/146 177/219/177
f 160/193/160 191/220/191 192/222/192
f 147/194/147 178/221/178 179/223/179
f 161/195/161 192/222/192 193/224/193
f 149/166/149 148/196/148 179/223/179
f 163/165/163 162/164/162 193/224/193
f 150/167/150 149/166/149 180/225/180
f 163/165/163 194/226/194 195/228/195
f 151/169/151 150/167/150 181/227/181
f 197/199/197 228/261/228 229/232/229
f 184/200/184 215/262/215 216/233/216
f 172/205/172 171/202/171 202/231/202
f 198/203/198 229/232/229 230/235/230
f 186/207/186 185/204/185 216/233/216
f 172/205/172 203/234/203 204/237/204
f 199/206/199 230/235/230 231/238/231
f 186/207/186 217/236/217 218/239/218
f 174/211/174 173/208/173 204/237/204
f 200/209/200 231/238/231 232/241/232
f 188/213/188 187/210/187 218/239/218
f 174/211/174 205/240/205 206/243/206
f 188/213/188 219/242/219 220/245/220
f 175/214/175 206/243/206 207/246/207
f 190/218/190 189/216/189 220/245/220
f 177/219/177 176/217/176 207/246/207
f 190/218/190 221/247/221 222/249/222
f 178/221/178 177/219/177 208/248/208
f 191/220/191 222/249/222 223/251/223
f 178/221/178 209/250/209 210/252/210
f 192/222/192 223/251/223 224/253/224
f 180/225/180 179/223/179 210/252/210
f 194/226/194 193/224/193 224/253/224
f 181/227/181 180/225/180 211/254/211
f 194/226/194 225/255/225 226/257/226
f 181/227/181 212/256/212 213/258/213
f 195/228/195 226/257/226 227/259/227
f 182/229/182 213/258/213 214/260/214
f 197/199/197 196/197/196 227/259/227
f 184/200/184 183/198/183 214/260/214
f 203/234/203 234/293/234 235/263/235
f 230/235/230 261/294/261 262/264/262
f 217/236/217 248/295/248 249/265/249
f 205/240/205 204/237/204 235/263/235
f 231/238/231 262/264/262 263/267/263
f 219/242/219 218/239/218 249/265/249
f 206/243/206 205/240/205 236/266/236
f 219/242/219 250/268/250 251/271/251
f 206/243/206 237/269/237 238/272/238
f 221/247/221 220/245/220 251/271/251
f 207/246/207 238/272/238 239/274/239
f 221/247/221 252/273/252 253/275/253
f 209/250/209 208/248/208 239/274/239
f 222/249/222 253/275/253 254/277/254
f 209/250/209 240/276/240 241/278/241
f 224/253/224 223/251/223 254/277/254
f 210/252/210 241/278/241 242/280/242
f 225/255/225 224/253/224 255/279/255
f 212/256/212 211/254/211 242/280/242
f 225/255/225 256/281/256 257/283/257
f 213/258/213 212/256/212 243/282/243
f 226/257/226 257/283/257 258/285/258
f 213/258/213 244/284/244 245/286/245
f 228/261/228 227/259/227 258/285/258
f 215/262/215 214/260/214 245/286/245
f 228/261/228 259/287/259 260/291/260
f 215/262/215 246/288/246 247/292/247
f 202/231/202 233/290/233 234/293/234
f 229/232/229 260/291/260 261/294/261
f 217/236/217 216/233/216 247/292/247
f 237/269/237 236/266/236 267/296/267
f 250/268/250 281/328/281 282/300/282
f 237/269/237 268/297/268 269/301/269
f 252/273/252 251/271/251 282/300/282
f 239/274/239 238/272/238 269/301/269
f 252/273/252 283/302/283 284/304/284
f 240/276/240 239/274/239 270/303/270
f 253/275/253 284/304/284 285/306/285
f 240/276/240 271/305/271 272/307/272
f 254/277/254 285/306/285 286/308/286
f 241/278/241 272/307/272 273/309/273
f 256/281/256 255/279/255 286/308/286
f 243/282/243 242/280/242 273/309/273
f 256/281/256 287/310/287 288/312/288
f 244/284/244 243/282/243 274/311/274
f 257/283/257 288/312/288 289/314/289
f 244/284/244 275/313/275 276/315/276
f 259/287/259 258/285/258 289/314/289
f 246/288/246 245/286/245 276/315/276
f 259/287/259 290/316/290 291/320/291
f 246/288/246 277/317/277 278/321/278
f 233/290/233 264/319/264 265/322/265
f 260/291/260 291/320/291 292/323/292
f 248/295/248 247/292/247 278/321/278
f 234/293/234 265/322/265 266/325/266
f 261/294/261 292/323/292 293/326/293
f 248/295/248 279/324/279 280/327/280
f 235/263/235 266/325/266 267/296/267
f 262/264/262 293/326/293 294/299/294
f 249/265/249 280/327/280 281/328/281
f 269/301/269 300/360/300 301/329/301
f 283/302/283 314/361/314 315/330/315
f 271/305/271 270/303/270 301/329/301
f 284/304/284 315/330/315 316/332/316
f 271/305/271 302/331/302 303/333/303
f 286/308/286 285/306/285 316/332/316
f 272/307/272 303/333/303 304/335/304
f 287/310/287 286/308/286 317/334/317
f 274/311/274 273/309/273 304/335/304
f 287/310/287 318/336/318 319/338/319
f 274/311/274 305/337/305 306/339/306
f 289/314/289 288/312/288 319/338/319
f 275/313/275 306/339/306 307/341/307
f 290/316/290 289/314/289 320/340/320
f 277/317/277 276/315/276 307/341/307
f 290/316/290 321/342/321 322/346/322
f 277/317/277 308/343/308 309/347/309
f 265/322/265 264/319/264 295/345/295
f 291/320/291 322/346/322 323/349/323
f 279/324/279 278/321/278 309/347/309
f 266/325/266 265/322/265 296/348/296
f 292/323/292 323/349/323 324/352/324
f 279/324/279 310/350/310 311/353/311
f 266/325/266 297/351/297 298/354/298
f 293/326/293 324/352/324 325/355/325
f 280/327/280 311/353/311 312/356/312
f 268/297/268 267/296/267 298/354/298
f 281/328/281 312/356/312 313/359/313
f 268/297/268 299/357/299 300/360/300
f 283/302/283 282/300/282 313/359/313
f 302/331/302 333/393/333 334/362/334
f 316/332/316 347/394/347 348/363/348
f 303/333/303 334/362/334 335/364/335
f 318/336/318 317/334/317 348/363/348
f 305/337/305 304/335/304 335/364/335
f 318/336/318 349/365/349 350/367/350
f 306/339/306 305/337/305 336/366/336
f 319/338/319 350/367/350 351/369/351
f 306/339/306 337/368/337 338/370/338
f 321/342/321 320/340/320 351/369/351
f 308/343/308 307/341/307 338/370/338
f 321/342/321 352/371/352 353/375/353
f 309/347/309 308/343/308 339/372/339
f 295/345/295 326/374/326 327/377/327
f 323/349/323 322/346/322 353/375/353
f 309/347/309 340/376/340 341/379/341
f 296/348/296 327/377/327 328/380/328
f 324/352/324 323/349/323 354/378/354
f 310/350/310 341/379/341 342/382/342
f 297/351/297 328/380/328 329/383/329
f 325/355/325 324/352/324 355/381/355
f 311/353/311 342/382/342 343/385/343
f 299/357/299 298/354/298 329/383/329
f 312/356/312 343/385/343 344/388/344
f 299/357/299 330/386/330 331/389/331
f 314/361/314 313/359/313 344/388/344
f 301/329/301 300/360/300 331/389/331
f 314/361/314 345/390/345 346/392/346
f 302/331/302 301/329/301 332/391/332
f 315/330/315 346/392/346 347/394/347
f 336/366/336 335/364/335 366/395/366
f 349/365/349 380/427/380 381/397/381
f 337/368/337 336/366/336 367/396/367
f 350/367/350 381/397/381 382/399/382
f 337/368/337 368/398/368 369/400/369
f 352/371/352 351/369/351 382/399/382
f 339/372/339 338/370/338 369/400/369
f 352/371/352 383/401/383 384/405/384
f 340/376/340 339/372/339 370/402/370
f 326/374/326 357/404/357 358/407/358
f 353/375/353 384/405/384 385/408/385
f 340/376/340 371/406/371 372/409/372
f 327/377/327 358/407/358 359/410/359
f 354/378/354 385/408/385 386/411/386
f 342/382/342 341/379/341 372/409/372
f 329/383/329 328/380/328 359/410/359
f 356/384/356 355/381/355 386/411/386
f 342/382/342 373/412/373 374/415/374
f 329/383/329 360/413/360 361/416/361
f 343/385/343 374/415/374 375/418/375
f 330/386/330 361/416/361 362/419/362
f 345/390/345 344/388/344 375/418/375
f 331/389/331 362/419/362 363/421/363
f 345/390/345 376/420/376 377/422/377
f 333/393/333 332/391/332 363/421/363
f 346/392/346 377/422/377 378/424/378
f 333/393/333 364/423/364 365/425/365
f 348/363/348 347/394/347 378/424/378
f 334/362/334 365/425/365 366/395/366
f 349/365/349 348/363/348 379/426/379
f 368/398/368 399/460/399 400/428/400
f 383/401/383 382/399/382 413/429/413
f 370/402/370 369/400/369 400/428/400
f 383/401/383 414/430/414 415/434/415
f 371/406/371 370/402/370 401/431/401
f 357/404/357 388/433/388 389/436/389
f 384/405/384 415/434/415 416/437/416
f 371/406/371 402/435/402 403/438/403
f 359/410/359 358/407/358 389/436/389
f 385/408/385 416/437/416 417/440/417
f 373/412/373 372/409/372 403/438/403
f 360/413/360 359/410/359 390/439/390
f 386/411/386 417/440/417 418/443/418
f 373/412/373 404/441/404 405/444/405
f 361/416/361 360/413/360 391/442/391
f 374/415/374 405/444/405 406/447/406
f 361/416/361 392/445/392 393/448/393
f 376/420/376 375/418/375 406/447/406
f 362/419/362 393/448/393 394/450/394
f 376/420/376 407/449/407 408/451/408
f 364/423/364 363/421/363 394/450/394
f 377/422/377 408/451/408 409/453/409
f 364/423/364 395/452/395 396/454/396
f 378/424/378 409/453/409 410/455/410
f 365/425/365 396/454/396 397/456/397
f 380/427/380 379/426/379 410/455/410
f 367/396/367 366/395/366 397/456/397
f 380/427/380 411/457/411 412/459/412
f 367/396/367 398/458/398 399/460/399
f 381/397/381 412/459/412 413/429/413
f 402/435/402 401/431/401 432/461/432
f 388/433/388 419/492/419 420/463/420
f 415/434/415 446/493/446 447/464/447
f 402/435/402 433/462/433 434/465/434
f 389/436/389 420/463/420 421/466/421
f 416/437/416 447/464/447 448/467/448
f 404/441/404 403/438/403 434/465/434
f 390/439/390 421/466/421 422/469/422
f 417/440/417 448/467/448 449/470/449
f 404/441/404 435/468/435 436/471/436
f 391/442/391 422/469/422 423/472/423
f 405/444/405 436/471/436 437/474/437
f 392/445/392 423/472/423 424/475/424
f 407/449/407 406/447/406 437/474/437
f 393/448/393 424/475/424 425/477/425
f 407/449/407 438/476/438 439/478/439
f 395/452/395 394/450/394 425/477/425
f 408/451/408 439/478/439 440/480/440
f 395/452/395 426/479/426 427/481/427
f 410/455/410 409/453/409 440/480/440
f 396/454/396 427/481/427 428/483/428
f 411/457/411 410/455/410 441/482/441
f 398/458/398 397/456/397 428/483/428
f 411/457/411 442/484/442 443/486/443
f 399/460/399 398/458/398 429/485/429
f 412/459/412 443/486/443 444/488/444
f 399/460/399 430/487/430 431/489/431
f 414/430/414 413/429/413 444/488/444
f 401/431/401 400/428/400 431/489/431
f 415/434/415 414/430/414 445/490/445
f 435/468/435 434/465/434 465/494/465
f 422/469/422 421/466/421 452/496/452
f 449/470/449 448/467/448 479/498/479
f 435/468/435 466/495/466 467/500/467
f 422/469/422 453/497/453 454/501/454
f 436/471/436 467/500/467 468/503/468
f 423/472/423 454/501/454 455/504/455
f 438/476/438 437/474/437 468/503/468
f 425/477/425 424/475/424 455/504/455
f 438/476/438 469/505/469 470/507/470
f 426/479/426 425/477/425 456/506/456
f 439/478/439 470/507/470 471/509/471
f 426/479/426 457/508/457 458/510/458
f 440/480/440 471/509/471 472/511/472
f 427/481/427 458/510/458 459/512/459
f 442/484/442 441/482/441 472/511/472
f 429/485/429 428/483/428 459/512/459
f 442/484/442 473/513/473 474/515/474
f 429/485/429 460/514/460 461/516/461
f 443/486/443 474/515/474 475/517/475
f 430/487/430 461/516/461 462/518/462
f 445/490/445 444/488/444 475/517/475
f 432/461/432 431/489/431 462/518/462
f 446/493/446 445/490/445 476/519/476
f 433/462/433 432/461/432 463/520/463
f 419/492/419 450/522/450 451/525/451
f 446/493/446 477/523/477 478/526/478
f 433/462/433 464/524/464 465/494/465
f 420/463/420 451/525/451 452/496/452
f 447/464/447 478/526/478 479/498/479
f 467/500/467 498/557/498 499/527/499
f 454/501/454 485/558/485 486/528/486
f 469/505/469 468/503/468 499/527/499
f 455/504/455 486/528/486 487/530/487
f 469/505/469 500/529/500 501/531/501
f 457/508/457 456/506/456 487/530/487
f 470/507/470 501/531/501 502/533/502
f 457/508/457 488/532/488 489/534/489
f 472/511/472 471/509/471 502/533/502
f 458/510/458 489/534/489 490/536/490
f 473/513/473 472/511/472 503/535/503
f 460/514/460 459/512/459 490/536/490
f 473/513/473 504/537/504 505/539/505
f 460/514/460 491/538/491 492/540/492
f 474/515/474 505/539/505 506/541/506
f 461/516/461 492/540/492 493/542/493
f 476/519/476 475/517/475 506/541/506
f 463/520/463 462/518/462 493/542/493
f 476/519/476 507/543/507 508/547/508
f 464/524/464 463/520/463 494/544/494
f 450/522/450 481/546/481 482/549/482
f 478/526/478 477/523/477 508/547/508
f 464/524/464 495/548/495 496/551/496
f 452/496/452 451/525/451 482/549/482
f 479/498/479 478/526/478 509/550/509
f 466/495/466 465/494/465 496/551/496
f 452/496/452 483/552/483 484/555/484
f 479/498/479 510/553/510 511/556/511
f 466/495/466 497/554/497 498/557/498
f 453/497/453 484/555/484 485/558/485
f 500/529/500 531/592/531 532/560/532
f 488/532/488 487/530/487 518/561/518
f 501/531/501 532/560/532 533/563/533
f 488/532/488 519/562/519 520/564/520
f 503/535/503 502/533/502 533/563/533
f 489/534/489 520/564/520 521/566/521
f 504/537/504 503/535/503 534/565/534
f 491/538/491 490/536/490 521/566/521
f 504/537/504 535/567/535 536/569/536
f 492/540/492 491/538/491 522/568/522
f 506/541/506 505/539/505 536/569/536
f 492/540/492 523/570/523 524/572/524
f 507/543/507 506/541/506 537/571/537
f 494/544/494 493/542/493 524/572/524
f 507/543/507 538/573/538 539/577/539
f 495/548/495 494/544/494 525/574/525
f 481/546/481 512/576/512 513/579/513
f 508/547/508 539/577/539 540/580/540
f 495/548/495 526/578/526 527/581/527
f 483/552/483 482/549/482 513/579/513
f 509/550/509 540/580/540 541/583/541
f 497/554/497 496/551/496 527/581/527
f 483/552/483 514/582/514 515/585/515
f 510/553/510 541/583/541 542/586/542
f 497/554/497 528/584/528 529/587/529
f 484/555/484 515/585/515 516/588/516
f 498/557/498 529/587/529 530/590/530
f 485/558/485 516/588/516 517/591/517
f 500/529/500 499/527/499 530/590/530
f 486/528/486 517/591/517 518/561/518
f 534/565/534 533/563/533 564/593/564
f 520/564/520 551/625/551 552/595/552
f 535/567/535 534/565/534 565/594/565
f 522/568/522 521/566/521 552/595/552
f 535/567/535 566/596/566 567/598/567
f 522/568/522 553/597/553 554/599/554
f 537/571/537 536/569/536 567/598/567
f 523/570/523 554/599/554 555/601/555
f 538/573/538 537/571/537 568/600/568
f 525/574/525 524/572/524 555/601/555
f 538/573/538 569/602/569 570/606/570
f 526/578/526 525/574/525 556/603/556
f 512/576/512 543/605/543 544/608/544
f 539/577/539 570/606/570 571/609/571
f 526/578/526 557/607/557 558/610/558
f 514/582/514 513/579/513 544/608/544
f 540/580/540 571/609/571 572/612/572
f 528/584/528 527/581/527 558/610/558
f 514/582/514 545/611/545 546/614/546
f 541/583/541 572/612/572 573/615/573
f 528/584/528 559/613/559 560/616/560
f 515/585/515 546/614/546 547/617/547
f 529/587/529 560/616/560 561/619/561
f 516/588/516 547/617/547 548/620/548
f 531/592/531 530/590/530 561/619/561
f 517/591/517 548/620/548 549/622/549
f 531/592/531 562/621/562 563/623/563
f 519/562/519 518/561/518 549/622/549
f 532/560/532 563/623/563 564/593/564
f 519/562/519 550/624/550 551/625/551
f 566/596/566 597/657/597 598/626/598
f 553/597/553 584/658/584 585/627/585
f 567/598/567 598/626/598 599/628/599
f 554/599/554 585/627/585 586/629/586
f 568/600/568 599/628/599 600/630/600
f 556/603/556 555/601/555 586/629/586
f 570/606/570 569/602/569 600/630/600
f 557/607/557 556/603/556 587/631/587
f 543/605/543 574/633/574 575/636/575
f 570/606/570 601/634/601 602/637/602
f 557/607/557 588/635/588 589/638/589
f 544/608/544 575/636/575 576/639/576
f 571/609/571 602/637/602 603/640/603
f 559/613/559 558/610/558 589/638/589
f 545/611/545 576/639/576 577/642/577
f 572/612/572 603/640/603 604/643/604
f 559/613/559 590/641/590 591/644/591
f 546/614/546 577/642/577 578/645/578
f 560/616/560 591/644/591 592/647/592
f 547/617/547 578/645/578 579/648/579
f 562/621/562 561/619/561 592/647/592
f 549/622/549 548/620/548 579/648/579
f 562/621/562 593/649/593 594/651/594
f 550/624/550 549/622/549 580/650/580
f 563/623/563 594/651/594 595/653/595
f 550/624/550 581/652/581 582/654/582
f 564/593/564 595/653/595 596/655/596
f 552/595/552 551/625/551 582/654/582
f 566/596/566 565/594/565 596/655/596
f 553/597/553 552/595/552 583/656/583
f 600/630/600 599/628/599 630/659/630
f 587/631/587 586/629/586 617/661/617
f 600/630/600 631/660/631 632/665/632
f 588/635/588 587/631/587 618/662/618
f 574/633/574 605/664/605 606/667/606
f 602/637/602 601/634/601 632/665/632
f 588/635/588 619/666/619 620/669/620
f 575/636/575 606/667/606 607/670/607
f 602/637/602 633/668/633 634/671/634
f 590/641/590 589/638/589 620/669/620
f 576/639/576 607/670/607 608/673/608
f 603/640/603 634/671/634 635/674/635
f 590/641/590 621/672/621 622/675/622
f 578/645/578 577/642/577 608/673/608
f 591/644/591 622/675/622 623/678/623
f 578/645/578 609/676/609 610/679/610
f 593/649/593 592/647/592 623/678/623
f 580/650/580 579/648/579 610/679/610
f 594/651/594 593/649/593 624/680/624
f 581/652/581 580/650/580 611/681/611
f 594/651/594 625/682/625 626/684/626
f 581/652/581 612/683/612 613/685/613
f 596/655/596 595/653/595 626/684/626
f 582/654/582 613/685/613 614/687/614
f 597/657/597 596/655/596 627/686/627
f 584/658/584 583/656/583 614/687/614
f 597/657/597 628/688/628 629/690/629
f 584/658/584 615/689/615 616/691/616
f 598/626/598 629/690/629 630/659/630
f 585/627/585 616/691/616 617/661/617
f 633/668/633 632/665/632 663/692/663
f 619/666/619 650/724/650 651/694/651
f 607/670/607 606/667/606 637/695/637
f 633/668/633 664/693/664 665/697/665
f 621/672/621 620/669/620 651/694/651
f 607/670/607 638/696/638 639/699/639
f 635/674/635 634/671/634 665/697/665
f 621/672/621 652/698/652 653/701/653
f 608/673/608 639/699/639 640/702/640
f 622/675/622 653/701/653 654/704/654
f 609/676/609 640/702/640 641/705/641
f 624/680/624 623/678/623 654/704/654
f 611/681/611 610/679/610 641/705/641
f 625/682/625 624/680/624 655/706/655
f 612/683/612 611/681/611 642/707/642
f 625/682/625 656/708/656 657/710/657
f 612/683/612 643/709/643 644/711/644
f 626/684/626 657/710/657 658/712/658
f 614/687/614 613/685/613 644/711/644
f 628/688/628 627/686/627 658/712/658
f 615/689/615 614/687/614 645/713/645
f 628/688/628 659/714/659 660/716/660
f 615/689/615 646/715/646 647/717/647
f 629/690/629 660/716/660 661/718/661
f 616/691/616 647/717/647 648/719/648
f 631/660/631 630/659/630 661/718/661
f 617/661/617 648/719/648 649/721/649
f 631/660/631 662/720/662 663/692/663
f 619/666/619 618/662/618 649/721/649
f 605/664/605 636/723/636 637/695/637
f 666/700/666 665/697/665 696/725/696
f 652/698/652 683/756/683 684/727/684
f 639/699/639 670/757/670 671/728/671
f 653/701/653 684/727/684 685/730/685
f 640/702/640 671/728/671 672/731/672
f 655/706/655 654/704/654 685/730/685
f 642/707/642 641/705/641 672/731/672
f 656/708/656 655/706/655 686/732/686
f 643/709/643 642/707/642 673/733/673
f 656/708/656 687/734/687 688/736/688
f 643/709/643 674/735/674 675/737/675
f 657/710/657 688/736/688 689/738/689
f 645/713/645 644/711/644 675/737/675
f 659/714/659 658/712/658 689/738/689
f 646/715/646 645/713/645 676/739/676
f 659/714/659 690/740/690 691/742/691
f 646/715/646 677/741/677 678/743/678
f 660/716/660 691/742/691 692/744/692
f 647/717/647 678/743/678 679/745/679
f 662/720/662 661/718/661 692/744/692
f 648/719/648 679/745/679 680/747/680
f 663/692/663 662/720/662 693/746/693
f 650/724/650 649/721/649 680/747/680
f 636/723/636 667/749/667 668/752/668
f 664/693/664 663/692/663 694/750/694
f 650/724/650 681/751/681 682/754/682
f 638/696/638 637/695/637 668/752/668
f 664/693/664 695/753/695 696/725/696
f 652/698/652 651/694/651 682/754/682
f 638/696/638 669/755/669 670/757/670
f 686/732/686 685/730/685 716/758/716
f 673/733/673 672/731/672 703/760/703
f 686/732/686 717/759/717 718/762/718
f 674/735/674 673/733/673 704/761/704
f 687/734/687 718/762/718 719/764/719
f 674/735/674 705/763/705 706/765/706
f 688/736/688 719/764/719 720/766/720
f 676/739/676 675/737/675 706/765/706
f 690/740/690 689/738/689 720/766/720
f 677/741/677 676/739/676 707/767/707
f 690/740/690 721/768/721 722/770/722
f 678/743/678 677/741/677 708/769/708
f 691/742/691 722/770/722 723/772/723
f 678/743/678 709/771/709 710/773/710
f 693/746/693 692/744/692 723/772/723
f 680/747/680 679/745/679 710/773/710
f 693/746/693 724/774/724 725/778/725
f 681/751/681 680/747/680 711/775/711
f 667/749/667 698/777/698 699/780/699
f 694/750/694 725/778/725 726/781/726
f 681/751/681 712/779/712 713/782/713
f 668/752/668 699/780/699 700/783/700
f 695/753/695 726/781/726 727/784/727
f 682/754/682 713/782/713 714/785/714
f 669/755/669 700/783/700 701/786/701
f 697/726/697 696/725/696 727/784/727
f 683/756/683 714/785/714 715/788/715
f 671/728/671 670/757/670 701/786/701
f 684/727/684 715/788/715 716/758/716
f 671/728/671 702/789/702 703/760/703
f 718/762/718 749/822/749 750/791/750
f 705/763/705 736/823/736 737/792/737
f 719/764/719 750/791/750 751/793/751
f 707/767/707 706/765/706 737/792/737
f 721/768/721 720/766/720 751/793/751
f 708/769/708 707/767/707 738/794/738
f 721/768/721 752/795/752 753/797/753
f 709/771/709 708/769/708 739/796/739
f 722/770/722 753/797/753 754/799/754
f 709/771/709 740/798/740 741/800/741
f 724/774/724 723/772/723 754/799/754
f 710/773/710 741/800/741 742/802/742
f 725/778/725 724/774/724 755/801/755
f 712/779/712 711/775/711 742/802/742
f 698/777/698 729/804/729 730/807/730
f 726/781/726 725/778/725 756/805/756
f 713/782/713 712/779/712 743/806/743
f 700/783/700 699/780/699 730/807/730
f 726/781/726 757/808/757 758/811/758
f 713/782/713 744/809/744 745/812/745
f 700/783/700 731/810/731 732/813/732
f 727/784/727 758/811/758 759/814/759
f 714/785/714 745/812/745 746/815/746
f 701/786/701 732/813/732 733/816/733
f 715/788/715 746/815/746 747/818/747
f 702/789/702 733/816/733 734/819/734
f 717/759/717 716/758/716 747/818/747
f 704/761/704 703/760/703 734/819/734
f 717/759/717 748/820/748 749/822/749
f 705/763/705 704/761/704 735/821/735
f 752/795/752 751/793/751 782/824/782
f 739/796/739 738/794/738 769/826/769
f 752/795/752 783/825/783 784/828/784
f 740/798/740 739/796/739 770/827/770
f 753/797/753 784/828/784 785/830/785
f 740/798/740 771/829/771 772/831/772
f 755/801/755 754/799/754 785/830/785
f 741/800/741 772/831/772 773/833/773
f 755/801/755 786/832/786 787/836/787
f 743/806/743 742/802/742 773/833/773
f 729/804/729 760/835/760 761/838/761
f 757/808/757 756/805/756 787/836/787
f 744/809/744 743/806/743 774/837/774
f 731/810/731 730/807/730 761/838/761
f 757/808/757 788/839/788 789/842/789
f 744/809/744 775/840/775 776/843/776
f 731/810/731 762/841/762 763/844/763
f 759/814/759 758/811/758 789/842/789
f 745/812/745 776/843/776 777/846/777
f 733/816/733 732/813/732 763/844/763
f 746/815/746 777/846/777 778/849/778
f 733/816/733 764/847/764 765/850/765
f 748/820/748 747/818/747 778/849/778
f 735/821/735 734/819/734 765/850/765
f 748/820/748 779/851/779 780/853/780
f 736/823/736 735/821/735 766/852/766
f 749/822/749 780/853/780 781/855/781
f 736/823/736 767/854/767 768/856/768
f 750/791/750 781/855/781 782/824/782
f 738/794/738 737/792/737 768/856/768
f 784/828/784 815/888/815 816/857/816
f 771/829/771 802/889/802 803/858/803
f 786/832/786 785/830/785 816/857/816
f 773/833/773 772/831/772 803/858/803
f 786/832/786 817/859/817 818/863/818
f 774/837/774 773/833/773 804/860/804
f 760/835/760 791/862/791 792/865/792
f 788/839/788 787/836/787 818/863/818
f 775/840/775 774/837/774 805/864/805
f 762/841/762 761/838/761 792/865/792
f 788/839/788 819/866/819 820/869/820
f 775/840/775 806/867/806 807/870/807
f 762/841/762 793/868/793 794/871/794
f 790/845/790 789/842/789 820/869/820
f 776/843/776 807/870/807 808/873/808
f 763/844/763 794/871/794 795/874/795
f 778/849/778 777/846/777 808/873/808
f 764/847/764 795/874/795 796/877/796
f 779/851/779 778/849/778 809/876/809
f 766/852/766 765/850/765 796/877/796
f 779/851/779 810/878/810 811/880/811
f 767/854/767 766/852/766 797/879/797
f 780/853/780 811/880/811 812/882/812
f 767/854/767 798/881/798 799/883/799
f 781/855/781 812/882/812 813/884/813
f 769/826/769 768/856/768 799/883/799
f 783/825/783 782/824/782 813/884/813
f 770/827/770 769/826/769 800/885/800
f 783/825/783 814/886/814 815/888/815
f 771/829/771 770/827/770 801/887/801
f 814/886/814 845/922/845 846/890/846
f 802/889/802 801/887/801 832/891/832
f 815/888/815 846/890/846 847/893/847
f 802/889/802 833/892/833 834/894/834
f 817/859/817 816/857/816 847/893/847
f 803/858/803 834/894/834 835/896/835
f 817/859/817 848/895/848 849/899/849
f 805/864/805 804/860/804 835/896/835
f 791/862/791 822/898/822 823/901/823
f 819/866/819 818/863/818 849/899/849
f 806/867/806 805/864/805 836/900/836
f 793/868/793 792/865/792 823/901/823
f 819/866/819 850/902/850 851/905/851
f 806/867/806 837/903/837 838/906/838
f 794/871/794 793/868/793 824/904/824
f 821/872/821 820/869/820 851/905/851
f 807/870/807 838/906/838 839/909/839
f 795/874/795 794/871/794 825/907/825
f 809/876/809 808/873/808 839/909/839
f 795/874/795 826/910/826 827/913/827
f 810/878/810 809/876/809 840/912/840
f 797/879/797 796/877/796 827/913/827
f 810/878/810 841/914/841 842/916/842
f 798/881/798 797/879/797 828/915/828
f 811/880/811 842/916/842 843/918/843
f 798/881/798 829/917/829 830/919/830
f 812/882/812 843/918/843 844/920/844
f 799/883/799 830/919/830 831/921/831
f 814/886/814 813/884/813 844/920/844
f 801/887/801 800/885/800 831/921/831
f 848/895/848 847/893/847 878/923/878
f 834/894/834 865/955/865 866/925/866
f 848/895/848 879/924/879 880/928/880
f 836/900/836 835/896/835 866/925/866
f 822/898/822 853/927/853 854/930/854
f 849/899/849 880/928/880 881/931/881
f 837/903/837 836/900/836 867/929/867
f 824/904/824 823/901/823 854/930/854
f 850/902/850 881/931/881 882/934/882
f 837/903/837 868/932/868 869/935/869
f 824/904/824 855/933/855 856/936/856
f 852/908/852 851/905/851 882/934/882
f 838/906/838 869/935/869 870/938/870
f 826/910/826 825/907/825 856/936/856
f 840/912/840 839/909/839 870/938/870
f 826/910/826 857/939/857 858/942/858
f 841/914/841 840/912/840 871/941/871
f 828/915/828 827/913/827 858/942/858
f 841/914/841 872/943/872 873/945/873
f 829/917/829 828/915/828 859/944/859
f 842/916/842 873/945/873 874/947/874
f 829/917/829 860/946/860 861/948/861
f 843/918/843 874/947/874 875/949/875
f 830/919/830 861/948/861 862/950/862
f 845/922/845 844/920/844 875/949/875
f 832/891/832 831/921/831 862/950/862
f 845/922/845 876/951/876 877/953/877
f 833/892/833 832/891/832 863/952/863
f 846/890/846 877/953/877 878/923/878
f 833/892/833 864/954/864 865/955/865
f 853/927/853 884/988/884 885/956/885
f 881/931/881 880/928/880 911/957/911
f 868/932/868 867/929/867 898/959/898
f 855/933/855 854/930/854 885/956/885
f 881/931/881 912/958/912 913/962/913
f 868/932/868 899/960/899 900/963/900
f 855/933/855 886/961/886 887/964/887
f 882/934/882 913/962/913 914/965/914
f 869/935/869 900/963/900 901/966/901
f 856/936/856 887/964/887 888/967/888
f 871/941/871 870/938/870 901/966/901
f 857/939/857 888/967/888 889/970/889
f 872/943/872 871/941/871 902/969/902
f 858/942/858 889/970/889 890/972/890
f 872/943/872 903/971/903 904/973/904
f 860/946/860 859/944/859 890/972/890
f 873/945/873 904/973/904 905/975/905
f 860/946/860 891/974/891 892/976/892
f 875/949/875 874/947/874 905/975/905
f 861/948/861 892/976/892 893/978/893
f 876/951/876 875/949/875 906/977/906
f 863/952/863 862/950/862 893/978/893
f 876/951/876 907/979/907 908/981/908
f 864/954/864 863/952/863 894/980/894
f 877/953/877 908/981/908 909/983/909
f 864/954/864 895/982/895 896/984/896
f 879/924/879 878/923/878 909/983/909
f 865/955/865 896/984/896 897/986/897
f 880/928/880 879/924/879 910/985/910
f 867/929/867 866/925/866 897/986/897
f 886/961/886 917/1020/917 918/989/918
f 914/965/914 913/962/913 944/990/944
f 900/963/900 931/1021/931 932/992/932
f 887/964/887 918/989/918 919/993/919
f 902/969/902 901/966/901 932/992/932
f 888/967/888 919/993/919 920/996/920
f 903/971/903 902/969/902 933/995/933
f 889/970/889 920/996/920 921/998/921
f 903/971/903 934/997/934 935/999/935
f 891/974/891 890/972/890 921/998/921
f 904/973/904 935/999/935 936/1001/936
f 891/974/891 922/1000/922 923/1002/923
f 906/977/906 905/975/905 936/1001/936
f 892/976/892 923/1002/923 924/1004/924
f 907/979/907 906/977/906 937/1003/937
f 894/980/894 893/978/893 924/1004/924
f 907/979/907 938/1005/938 939/1007/939
f 894/980/894 925/1006/925 926/1008/926
f 908/981/908 939/1007/939 940/1009/940
f 895/982/895 926/1008/926 927/1010/927
f 910/985/910 909/983/909 940/1009/940
f 896/984/896 927/1010/927 928/1012/928
f 910/985/910 941/1011/941 942/1015/942
f 898/959/898 897/986/897 928/1012/928
f 884/988/884 915/1014/915 916/1017/916
f 911/957/911 942/1015/942 943/1018/943
f 899/960/899 898/959/898 929/1016/929
f 886/961/886 885/956/885 916/1017/916
f 912/958/912 943/1018/943 944/990/944
f 899/960/899 930/1019/930 931/1021/931
f 919/993/919 950/1053/950 951/1022/951
f 934/997/934 933/995/933 964/1023/964
f 921/998/921 920/996/920 951/1022/951
f 935/999/935 934/997/934 965/1024/965
f 922/1000/922 921/998/921 952/1025/952
f 935/999/935 966/1026/966 967/1028/967
f 922/1000/922 953/1027/953 954/1029/954
f 937/1003/937 936/1001/936 967/1028/967
f 923/1002/923 954/1029/954 955/1031/955
f 938/1005/938 937/1003/937 968/1030/968
f 925/1006/925 924/1004/924 955/1031/955
f 938/1005/938 969/1032/969 970/1034/970
f 925/1006/925 956/1033/956 957/1035/957
f 939/1007/939 970/1034/970 971/1036/971
f 926/1008/926 957/1035/957 958/1037/958
f 941/1011/941 940/1009/940 971/1036/971
f 927/1010/927 958/1037/958 959/1039/959
f 942/1015/942 941/1011/941 972/1038/972
f 929/1016/929 928/1012/928 959/1039/959
f 915/1014/915 946/1041/946 947/1044/947
f 942/1015/942 973/1042/973 974/1045/974
f 930/1019/930 929/1016/929 960/1043/960
f 916/1017/916 947/1044/947 948/1047/948
f 943/1018/943 974/1045/974 975/1048/975
f 930/1019/930 961/1046/961 962/1049/962
f 918/989/918 917/1020/917 948/1047/948
f 945/991/945 944/990/944 975/1048/975
f 931/1021/931 962/1049/962 963/1052/963
f 918/989/918 949/1050/949 950/1053/950
f 933/995/933 932/992/932 963/1052/963
f 953/1027/953 952/1025/952 983/1055/983
f 966/1026/966 997/1087/997 998/1057/998
f 953/1027/953 984/1056/984 985/1058/985
f 968/1030/968 967/1028/967 998/1057/998
f 954/1029/954 985/1058/985 986/1060/986
f 969/1032/969 968/1030/968 999/1059/999
f 956/1033/956 955/1031/955 986/1060/986
f 969/1032/969 1000/1061/1000 1001/1063/1001
f 956/1033/956 987/1062/987 988/1064/988
f 970/1034/970 1001/1063/1001 1002/1065/1002
f 957/1035/957 988/1064/988 989/1066/989
f 972/1038/972 971/1036/971 1002/1065/1002
f 958/1037/958 989/1066/989 990/1068/990
f 972/1038/972 1003/1067/1003 1004/1071/1004
f 960/1043/960 959/1039/959 990/1068/990
f 946/1041/946 977/1070/977 978/1073/978
f 974/1045/974 973/1042/973 1004/1071/1004
f 961/1046/961 960/1043/960 991/1072/991
f 948/1047/948 947/1044/947 978/1073/978
f 974/1045/974 1005/1074/1005 1006/1077/1006
f 961/1046/961 992/1075/992 993/1078/993
f 948/1047/948 979/1076/979 980/1079/980
f 975/1048/975 1006/1077/1006 1007/1080/1007
f 962/1049/962 993/1078/993 994/1081/994
f 950/1053/950 949/1050/949 980/1079/980
f 964/1023/964 963/1052/963 994/1081/994
f 950/1053/950 981/1082/981 982/1085/982
f 965/1024/965 964/1023/964 995/1084/995
f 951/1022/951 982/1085/982 983/1055/983
f 965/1024/965 996/1086/996 997/1087/997
f 985/1058/985 1016/1120/1016 1017/1088/1017
f 1000/1061/1000 999/1059/999 1030/1089/1030
f 987/1062/987 986/1060/986 1017/1088/1017
f 1000/1061/1000 1031/1090/1031 1032/1092/1032
f 988/1064/988 987/1062/987 1018/1091/1018
f 1001/1063/1001 1032/1092/1032 1033/1094/1033
f 989/1066/989 988/1064/988 1019/1093/1019
f 1003/1067/1003 1002/1065/1002 1033/1094/1033
f 989/1066/989 1020/1095/1020 1021/1097/1021
f 1003/1067/1003 1034/1096/1034 1035/1100/1035
f 991/1072/991 990/1068/990 1021/1097/1021
f 977/1070/977 1008/1099/1008 1009/1102/1009
f 1005/1074/1005 1004/1071/1004 1035/1100/1035
f 992/1075/992 991/1072/991 1022/1101/1022
f 979/1076/979 978/1073/978 1009/1102/1009
f 1005/1074/1005 1036/1103/1036 1037/1106/1037
f 992/1075/992 1023/1104/1023 1024/1107/1024
f 979/1076/979 1010/1105/1010 1011/1108/1011
f 1007/1080/1007 1006/1077/1006 1037/1106/1037
f 993/1078/993 1024/1107/1024 1025/1110/1025
f 980/1079/980 1011/1108/1011 1012/1111/1012
f 995/1084/995 994/1081/994 1025/1110/1025
f 981/1082/981 1012/1111/1012 1013/1114/1013
f 995/1084/995 1026/1113/1026 1027/1115/1027
f 982/1085/982 1013/1114/1013 1014/1116/1014
f 996/1086/996 1027/1115/1027 1028/1117/1028
f 984/1056/984 983/1055/983 1014/1116/1014
f 997/1087/997 1028/1117/1028 1029/1119/1029
f 984/1056/984 1015/1118/1015 1016/1120/1016
f 999/1059/999 998/1057/998 1029/1119/1029
f 1019/1093/1019 1018/1091/1018 1050/1121/1050
f 1032/1092/1032 1064/1153/1064 1065/1123/1065
f 1019/1093/1019 1051/1122/1051 1052/1124/1052
f 1034/1096/1034 1033/1094/1033 1065/1123/1065
f 1020/1095/1020 1052/1124/1052 1053/1126/1053
f 1035/1100/1035 1034/1096/1034 1066/1125/1066
f 1022/1101/1022 1021/1097/1021 1053/1126/1053
f 1008/1099/1008 1040/1128/1040 1041/1131/1041
f 1035/1100/1035 1067/1129/1067 1068/1132/1068
f 1023/1104/1023 1022/1101/1022 1054/1130/1054
f 1010/1105/1010 1009/1102/1009 1041/1131/1041
f 1036/1103/1036 1068/1132/1068 1069/1135/1069
f 1023/1104/1023 1055/1133/1055 1056/1136/1056
f 1010/1105/1010 1042/1134/1042 1043/1137/1043
f 1037/1106/1037 1069/1135/1069 1070/1138/1070
f 1024/1107/1024 1056/1136/1056 1057/1139/1057
f 1011/1108/1011 1043/1137/1043 1044/1140/1044
f 1026/1113/1026 1025/1110/1025 1057/1139/1057
f 1012/1111/1012 1044/1140/1044 1045/1143/1045
f 1027/1115/1027 1026/1113/1026 1058/1142/1058
f 1014/1116/1014 1013/1114/1013 1045/1143/1045
f 1027/1115/1027 1059/1144/1059 1060/1146/1060
f 1015/1118/1015 1014/1116/1014 1046/1145/1046
f 1028/1117/1028 1060/1146/1060 1061/1148/1061
f 1015/1118/1015 1047/1147/1047 1048/1149/1048
f 1029/1119/1029 1061/1148/1061 1062/1150/1062
f 1017/1088/1017 1016/1120/1016 1048/1149/1048
f 1031/1090/1031 1030/1089/1030 1062/1150/1062
f 1018/1091/1018 1017/1088/1017 1049/1151/1049
f 1031/1090/1031 1063/1152/1063 1064/1153/1064
f 1052/1124/1052 1083/1186/1083 1084/1154/1084
f 1067/1129/1067 1066/1125/1066 1097/1157/1097
f 1054/1130/1054 1053/1126/1053 1084/1154/1084
f 1040/1128/1040 1071/1156/1071 1072/1160/1072
f 1068/1132/1068 1067/1129/1067 1098/1158/1098
f 1055/1133/1055 1054/1130/1054 1085/1159/1085
f 1041/1131/1041 1072/1160/1072 1073/1163/1073
f 1068/1132/1068 1099/1161/1099 1100/1164/1100
f 1055/1133/1055 1086/1162/1086 1087/1165/1087
f 1042/1134/1042 1073/1163/1073 1074/1166/1074
f 1070/1138/1070 1069/1135/1069 1100/1164/1100
f 1056/1136/1056 1087/1165/1087 1088/1168/1088
f 1043/1137/1043 1074/1166/1074 1075/1169/1075
f 1058/1142/1058 1057/1139/1057 1088/1168/1088
f 1044/1140/1044 1075/1169/1075 1076/1172/1076
f 1058/1142/1058 1089/1171/1089 1090/1173/1090
f 1045/1143/1045 1076/1172/1076 1077/1174/1077
f 1059/1144/1059 1090/1173/1090 1091/1175/1091
f 1047/1147/1047 1046/1145/1046 1077/1174/1077
f 1060/1146/1060 1091/1175/1091 1092/1177/1092
f 1047/1147/1047 1078/1176/1078 1079/1178/1079
f 1062/1150/1062 1061/1148/1061 1092/1177/1092
f 1048/1149/1048 1079/1178/1079 1080/1180/1080
f 1063/1152/1063 1062/1150/1062 1093/1179/1093
f 1050/1121/1050 1049/1151/1049 1080/1180/1080
f 1063/1152/1063 1094/1181/1094 1095/1183/1095
f 1050/1121/1050 1081/1182/1081 1082/1184/1082
f 1064/1153/1064 1095/1183/1095 1096/1185/1096
f 1052/1124/1052 1051/1122/1051 1082/1184/1082
f 1066/1125/1066 1065/1123/1065 1096/1185/1096
f 1086/1162/1086 1085/1159/1085 1116/1187/1116
f 1072/1160/1072 1103/1218/1103 1104/1189/1104
f 1099/1161/1099 1130/1219/1130 1131/1190/1131
f 1086/1162/1086 1117/1188/1117 1118/1191/1118
f 1073/1163/1073 1104/1189/1104 1105/1192/1105
f 1101/1167/1101 1100/1164/1100 1131/1190/1131
f 1087/1165/1087 1118/1191/1118 1119/1194/1119
f 1075/1169/1075 1074/1166/1074 1105/1192/1105
f 1089/1171/1089 1088/1168/1088 1119/1194/1119
f 1075/1169/1075 1106/1195/1106 1107/1198/1107
f 1089/1171/1089 1120/1197/1120 1121/1199/1121
f 1076/1172/1076 1107/1198/1107 1108/1200/1108
f 1091/1175/1091 1090/1173/1090 1121/1199/1121
f 1078/1176/1078 1077/1174/1077 1108/1200/1108
f 1091/1175/1091 1122/1201/1122 1123/1203/1123
f 1078/1176/1078 1109/1202/1109 1110/1204/1110
f 1093/1179/1093 1092/1177/1092 1123/1203/1123
f 1079/1178/1079 1110/1204/1110 1111/1206/1111
f 1094/1181/1094 1093/1179/1093 1124/1205/1124
f 1081/1182/1081 1080/1180/1080 1111/1206/1111
f 1094/1181/1094 1125/1207/1125 1126/1209/1126
f 1081/1182/1081 1112/1208/1112 1113/1210/1113
f 1096/1185/1096 1095/1183/1095 1126/1209/1126
f 1083/1186/1083 1082/1184/1082 1113/1210/1113
f 1097/1157/1097 1096/1185/1096 1127/1211/1127
f 1083/1186/1083 1114/1212/1114 1115/1214/1115
f 1097/1157/1097 1128/1213/1128 1129/1217/1129
f 1085/1159/1085 1084/1154/1084 1115/1214/1115
f 1071/1156/1071 1102/1216/1102 1103/1218/1103
f 1098/1158/1098 1129/1217/1129 1130/1219/1130
f 1118/1191/1118 1149/1252/1149 1150/1220/1150
f 1106/1195/1106 1105/1192/1105 1136/1221/1136
f 1120/1197/1120 1119/1194/1119 1150/1220/1150
f 1106/1195/1106 1137/1222/1137 1138/1226/1138
f 1120/1197/1120 1151/1225/1151 1152/1227/1152
f 1108/1200/1108 1107/1198/1107 1138/1226/1138
f 1121/1199/1121 1152/1227/1152 1153/1229/1153
f 1109/1202/1109 1108/1200/1108 1139/1228/1139
f 1122/1201/1122 1153/1229/1153 1154/1231/1154
f 1109/1202/1109 1140/1230/1140 1141/1232/1141
f 1124/1205/1124 1123/1203/1123 1154/1231/1154
f 1110/1204/1110 1141/1232/1141 1142/1234/1142
f 1125/1207/1125 1124/1205/1124 1155/1233/1155
f 1112/1208/1112 1111/1206/1111 1142/1234/1142
f 1125/1207/1125 1156/1235/1156 1157/1237/1157
f 1112/1208/1112 1143/1236/1143 1144/1238/1144
f 1126/1209/1126 1157/1237/1157 1158/1239/1158
f 1114/1212/1114 1113/1210/1113 1144/1238/1144
f 1128/1213/1128 1127/1211/1127 1158/1239/1158
f 1114/1212/1114 1145/1240/1145 1146/1242/1146
f 1128/1213/1128 1159/1241/1159 1160/1245/1160
f 1116/1187/1116 1115/1214/1115 1146/1242/1146
f 1102/1216/1102 1133/1244/1133 1134/1247/1134
f 1130/1219/1130 1129/1217/1129 1160/1245/1160
f 1117/1188/1117 1116/1187/1116 1147/1246/1147
f 1103/1218/1103 1134/1247/1134 1135/1250/1135
f 1130/1219/1130 1161/1248/1161 1162/1251/1162
f 1117/1188/1117 1148/1249/1148 1149/1252/1149
f 1104/1189/1104 1135/1250/1135 1136/1221/1136
f 1132/1193/1132 1131/1190/1131 1162/1251/1162
f 1151/1225/1151 1182/1285/1182 1183/1253/1183
f 1139/1228/1139 1138/1226/1138 1169/1254/1169
f 1153/1229/1153 1152/1227/1152 1183/1253/1183
f 1140/1230/1140 1139/1228/1139 1170/1255/1170
f 1153/1229/1153 1184/1256/1184 1185/1258/1185
f 1140/1230/1140 1171/1257/1171 1172/1259/1172
f 1154/1231/1154 1185/1258/1185 1186/1260/1186
f 1142/1234/1142 1141/1232/1141 1172/1259/1172
f 1156/1235/1156 1155/1233/1155 1186/1260/1186
f 1143/1236/1143 1142/1234/1142 1173/1261/1173
f 1156/1235/1156 1187/1262/1187 1188/1264/1188
f 1143/1236/1143 1174/1263/1174 1175/1265/1175
f 1157/1237/1157 1188/1264/1188 1189/1266/1189
f 1145/1240/1145 1144/1238/1144 1175/1265/1175
f 1159/1241/1159 1158/1239/1158 1189/1266/1189
f 1145/1240/1145 1176/1267/1176 1177/1269/1177
f 1159/1241/1159 1190/1268/1190 1191/1272/1191
f 1147/1246/1147 1146/1242/1146 1177/1269/1177
f 1133/1244/1133 1164/1271/1164 1165/1274/1165
f 1161/1248/1161 1160/1245/1160 1191/1272/1191
f 1148/1249/1148 1147/1246/1147 1178/1273/1178
f 1134/1247/1134 1165/1274/1165 1166/1277/1166
f 1161/1248/1161 1192/1275/1192 1193/1278/1193
f 1148/1249/1148 1179/1276/1179 1180/1279/1180
f 1136/1221/1136 1135/1250/1135 1166/1277/1166
f 1163/1224/1163 1162/1251/1162 1193/1278/1193
f 1149/1252/1149 1180/1279/1180 1181/1282/1181
f 1137/1222/1137 1136/1221/1136 1167/1280/1167
f 1151/1225/1151 1150/1220/1150 1181/1282/1181
f 1137/1222/1137 1168/1283/1168 1169/1254/1169
f 1184/1256/1184 1215/1317/1215 1216/1286/1216
f 1171/1257/1171 1202/1318/1202 1203/1287/1203
f 1186/1260/1186 1185/1258/1185 1216/1286/1216
f 1173/1261/1173 1172/1259/1172 1203/1287/1203
f 1187/1262/1187 1186/1260/1186 1217/1288/1217
f 1174/1263/1174 1173/1261/1173 1204/1289/1204
f 1187/1262/1187 1218/1290/1218 1219/1292/1219
f 1175/1265/1175 1174/1263/1174 1205/1291/1205
f 1189/1266/1189 1188/1264/1188 1219/1292/1219
f 1176/1267/1176 1175/1265/1175 1206/1293/1206
f 1190/1268/1190 1189/1266/1189 1220/1294/1220
f 1176/1267/1176 1207/1295/1207 1208/1297/1208
f 1190/1268/1190 1221/1296/1221 1222/1300/1222
f 1178/1273/1178 1177/1269/1177 1208/1297/1208
f 1164/1271/1164 1195/1299/1195 1196/1302/1196
f 1192/1275/1192 1191/1272/1191 1222/1300/1222
f 1179/1276/1179 1178/1273/1178 1209/1301/1209
f 1166/1277/1166 1165/1274/1165 1196/1302/1196
f 1193/1278/1193 1192/1275/1192 1223/1303/1223
f 1179/1276/1179 1210/1304/1210 1211/1307/1211
f 1166/1277/1166 1197/1305/1197 1198/1308/1198
f 1193/1278/1193 1224/1306/1224 1225/1309/1225
f 1180/1279/1180 1211/1307/1211 1212/1310/1212
f 1167/1280/1167 1198/1308/1198 1199/1311/1199
f 1182/1285/1182 1181/1282/1181 1212/1310/1212
f 1168/1283/1168 1199/1311/1199 1200/1314/1200
f 1182/1285/1182 1213/1313/1213 1214/1315/1214
f 1169/1254/1169 1200/1314/1200 1201/1316/1201
f 1183/1253/1183 1214/1315/1214 1215/1317/1215
f 1171/1257/1171 1170/1255/1170 1201/1316/1201
f 1218/1290/1218 1217/1288/1217 1249/1319/1249
f 1205/1291/1205 1204/1289/1204 1236/1321/1236
f 1218/1290/1218 1250/1320/1250 1251/1323/1251
f 1206/1293/1206 1205/1291/1205 1237/1322/1237
f 1219/1292/1219 1251/1323/1251 1252/1325/1252
f 1207/1295/1207 1206/1293/1206 1238/1324/1238
f 1221/1296/1221 1220/1294/1220 1252/1325/1252
f 1207/1295/1207 1239/1326/1239 1240/1328/1240
f 1221/1296/1221 1253/1327/1253 1254/1331/1254
f 1209/1301/1209 1208/1297/1208 1240/1328/1240
f 1195/1299/1195 1227/1330/1227 1228/1333/1228
f 1222/1300/1222 1254/1331/1254 1255/1334/1255
f 1210/1304/1210 1209/1301/1209 1241/1332/1241
f 1197/1305/1197 1196/1302/1196 1228/1333/1228
f 1223/1303/1223 1255/1334/1255 1256/1337/1256
f 1210/1304/1210 1242/1335/1242 1243/1338/1243
f 1197/1305/1197 1229/1336/1229 1230/1339/1230
f 1224/1306/1224 1256/1337/1256 1257/1340/1257
f 1211/1307/1211 1243/1338/1243 1244/1341/1244
f 1198/1308/1198 1230/1339/1230 1231/1342/1231
f 1213/1313/1213 1212/1310/1212 1244/1341/1244
f 1199/1311/1199 1231/1342/1231 1232/1345/1232
f 1213/1313/1213 1245/1344/1245 1246/1346/1246
f 1200/1314/1200 1232/1345/1232 1233/1347/1233
f 1214/1315/1214 1246/1346/1246 1247/1348/1247
f 1202/1318/1202 1201/1316/1201 1233/1347/1233
f 1215/1317/1215 1247/1348/1247 1248/1350/1248
f 1202/1318/1202 1234/1349/1234 1235/1351/1235
f 1217/1288/1217 1216/1286/1216 1248/1350/1248
f 1203/1287/1203 1235/1351/1235 1236/1321/1236
f 1251/1323/1251 1282/1383/1282 1283/1352/1283
f 1238/1324/1238 1269/1384/1269 1270/1353/1270
f 1253/1327/1253 1252/1325/1252 1283/1352/1283
f 1239/1326/1239 1270/1353/1270 1271/1355/1271
f 1253/1327/1253 1284/1354/1284 1285/1358/1285
f 1241/1332/1241 1240/1328/1240 1271/1355/1271
f 1227/1330/1227 1258/1357/1258 1259/1360/1259
f 1255/1334/1255 1254/1331/1254 1285/1358/1285
f 1242/1335/1242 1241/1332/1241 1272/1359/1272
f 1229/1336/1229 1228/1333/1228 1259/1360/1259
f 1255/1334/1255 1286/1361/1286 1287/1364/1287
f 1242/1335/1242 1273/1362/1273 1274/1365/1274
f 1229/1336/1229 1260/1363/1260 1261/1366/1261
f 1257/1340/1257 1256/1337/1256 1287/1364/1287
f 1243/1338/1243 1274/1365/1274 1275/1368/1275
f 1231/1342/1231 1230/1339/1230 1261/1366/1261
f 1245/1344/1245 1244/1341/1244 1275/1368/1275
f 1231/1342/1231 1262/1369/1262 1263/1372/1263
f 1246/1346/1246 1245/1344/1245 1276/1371/1276
f 1232/1345/1232 1263/1372/1263 1264/1374/1264
f 1246/1346/1246 1277/1373/1277 1278/1375/1278
f 1234/1349/1234 1233/1347/1233 1264/1374/1264
f 1247/1348/1247 1278/1375/1278 1279/1377/1279
f 1234/1349/1234 1265/1376/1265 1266/1378/1266
f 1248/1350/1248 1279/1377/1279 1280/1379/1280
f 1236/1321/1236 1235/1351/1235 1266/1378/1266
f 1250/1320/1250 1249/1319/1249 1280/1379/1280
f 1237/1322/1237 1236/1321/1236 1267/1380/1267
f 1250/1320/1250 1281/1381/1281 1282/1383/1282
f 1238/1324/1238 1237/1322/1237 1268/1382/1268
f 1284/1354/1284 1315/1415/1315 1316/1385/1316
f 1272/1359/1272 1271/1355/1271 1302/1386/1302
f 1258/1357/1258 1289/1417/1289 1290/1388/1290
f 1286/1361/1286 1285/1358/1285 1316/1385/1316
f 1273/1362/1273 1272/1359/1272 1303/1387/1303
f 1260/1363/1260 1259/1360/1259 1290/1388/1290
f 1286/1361/1286 1317/1389/1317 1318/1392/1318
f 1273/1362/1273 1304/1390/1304 1305/1393/1305
f 1260/1363/1260 1291/1391/1291 1292/1394/1292
f 1288/1367/1288 1287/1364/1287 1318/1392/1318
f 1274/1365/1274 1305/1393/1305 1306/1396/1306
f 1261/1366/1261 1292/1394/1292 1293/1397/1293
f 1276/1371/1276 1275/1368/1275 1306/1396/1306
f 1262/1369/1262 1293/1397/1293 1294/1400/1294
f 1276/1371/1276 1307/1399/1307 1308/1401/1308
f 1263/1372/1263 1294/1400/1294 1295/1402/1295
f 1277/1373/1277 1308/1401/1308 1309/1403/1309
f 1265/1376/1265 1264/1374/1264 1295/1402/1295
f 1278/1375/1278 1309/1403/1309 1310/1405/1310
f 1265/1376/1265 1296/1404/1296 1297/1406/1297
f 1279/1377/1279 1310/1405/1310 1311/1407/1311
f 1266/1378/1266 1297/1406/1297 1298/1408/1298
f 1281/1381/1281 1280/1379/1280 1311/1407/1311
f 1268/1382/1268 1267/1380/1267 1298/1408/1298
f 1281/1381/1281 1312/1409/1312 1313/1411/1313
f 1269/1384/1269 1268/1382/1268 1299/1410/1299
f 1283/1352/1283 1282/1383/1282 1313/1411/1313
f 1269/1384/1269 1300/1412/1300 1301/1414/1301
f 1284/1354/1284 1283/1352/1283 1314/1413/1314
f 1270/1353/1270 1301/1414/1301 1302/1386/1302
f 1317/1389/1317 1348/1448/1348 1349/1418/1349
f 1304/1390/1304 1335/1449/1335 1336/1419/1336
f 1291/1391/1291 1322/1450/1322 1323/1420/1323
f 1319/1395/1319 1318/1392/1318 1349/1418/1349
f 1305/1393/1305 1336/1419/1336 1337/1422/1337
f 1293/1397/1293 1292/1394/1292 1323/1420/1323
f 1307/1399/1307 1306/1396/1306 1337/1422/1337
f 1293/1397/1293 1324/1423/1324 1325/1426/1325
f 1308/1401/1308 1307/1399/1307 1338/1425/1338
f 1294/1400/1294 1325/1426/1325 1326/1428/1326
f 1308/1401/1308 1339/1427/1339 1340/1429/1340
f 1296/1404/1296 1295/1402/1295 1326/1428/1326
f 1309/1403/1309 1340/1429/1340 1341/1431/1341
f 1296/1404/1296 1327/1430/1327 1328/1432/1328
f 1311/1407/1311 1310/1405/1310 1341/1431/1341
f 1297/1406/1297 1328/1432/1328 1329/1434/1329
f 1312/1409/1312 1311/1407/1311 1342/1433/1342
f 1299/1410/1299 1298/1408/1298 1329/1434/1329
f 1312/1409/1312 1343/1435/1343 1344/1437/1344
f 1300/1412/1300 1299/1410/1299 1330/1436/1330
f 1313/1411/1313 1344/1437/1344 1345/1439/1345
f 1300/1412/1300 1331/1438/1331 1332/1440/1332
f 1315/1415/1315 1314/1413/1314 1345/1439/1345
f 1301/1414/1301 1332/1440/1332 1333/1442/1333
f 1316/1385/1316 1315/1415/1315 1346/1441/1346
f 1303/1387/1303 1302/1386/1302 1333/1442/1333
f 1289/1417/1289 1320/1444/1320 1321/1447/1321
f 1316/1385/1316 1347/1445/1347 1348/1448/1348
f 1304/1390/1304 1303/1387/1303 1334/1446/1334
f 1291/1391/1291 1290/1388/1290 1321/1447/1321
f 1338/1425/1338 1337/1422/1337 1368/1453/1368
f 1324/1423/1324 1355/1483/1355 1356/1455/1356
f 1338/1425/1338 1369/1454/1369 1370/1456/1370
f 1325/1426/1325 1356/1455/1356 1357/1457/1357
f 1339/1427/1339 1370/1456/1370 1371/1458/1371
f 1327/1430/1327 1326/1428/1326 1357/1457/1357
f 1340/1429/1340 1371/1458/1371 1372/1460/1372
f 1327/1430/1327 1358/1459/1358 1359/1461/1359
f 1342/1433/1342 1341/1431/1341 1372/1460/1372
f 1328/1432/1328 1359/1461/1359 1360/1463/1360
f 1343/1435/1343 1342/1433/1342 1373/1462/1373
f 1330/1436/1330 1329/1434/1329 1360/1463/1360
f 1343/1435/1343 1374/1464/1374 1375/1466/1375
f 1331/1438/1331 1330/1436/1330 1361/1465/1361
f 1344/1437/1344 1375/1466/1375 1376/1468/1376
f 1332/1440/1332 1331/1438/1331 1362/1467/1362
f 1346/1441/1346 1345/1439/1345 1376/1468/1376
f 1332/1440/1332 1363/1469/1363 1364/1471/1364
f 1346/1441/1346 1377/1470/1377 1378/1474/1378
f 1334/1446/1334 1333/1442/1333 1364/1471/1364
f 1320/1444/1320 1351/1473/1351 1352/1476/1352
f 1348/1448/1348 1347/1445/1347 1378/1474/1378
f 1335/1449/1335 1334/1446/1334 1365/1475/1365
f 1322/1450/1322 1321/1447/1321 1352/1476/1352
f 1348/1448/1348 1379/1477/1379 1380/1480/1380
f 1335/1449/1335 1366/1478/1366 1367/1481/1367
f 1323/1420/1323 1322/1450/1322 1353/1479/1353
f 1350/1421/1350 1349/1418/1349 1380/1480/1380
f 1336/1419/1336 1367/1481/1367 1368/1453/1368
f 1324/1423/1324 1323/1420/1323 1354/1482/1354
f 1370/1456/1370 1401/1516/1401 1402/1484/1402
f 1358/1459/1358 1357/1457/1357 1388/1485/1388
f 1371/1458/1371 1402/1484/1402 1403/1487/1403
f 1358/1459/1358 1389/1486/1389 1390/1488/1390
f 1373/1462/1373 1372/1460/1372 1403/1487/1403
f 1359/1461/1359 1390/1488/1390 1391/1490/1391
f 1374/1464/1374 1373/1462/1373 1404/1489/1404
f 1361/1465/1361 1360/1463/1360 1391/1490/1391
f 1374/1464/1374 1405/1491/1405 1406/1493/1406
f 1362/1467/1362 1361/1465/1361 1392/1492/1392
f 1375/1466/1375 1406/1493/1406 1407/1495/1407
f 1362/1467/1362 1393/1494/1393 1394/1496/1394
f 1377/1470/1377 1376/1468/1376 1407/1495/1407
f 1363/1469/1363 1394/1496/1394 1395/1498/1395
f 1377/1470/1377 1408/1497/1408 1409/1501/1409
f 1365/1475/1365 1364/1471/1364 1395/1498/1395
f 1351/1473/1351 1382/1500/1382 1383/1503/1383
f 1379/1477/1379 1378/1474/1378 1409/1501/1409
f 1366/1478/1366 1365/1475/1365 1396/1502/1396
f 1352/1476/1352 1383/1503/1383 1384/1506/1384
f 1379/1477/1379 1410/1504/1410 1411/1507/1411
f 1366/1478/1366 1397/1505/1397 1398/1508/1398
f 1353/1479/1353 1384/1506/1384 1385/1509/1385
f 1380/1480/1380 1411/1507/1411 1412/1510/1412
f 1367/1481/1367 1398/1508/1398 1399/1511/1399
f 1354/1482/1354 1385/1509/1385 1386/1512/1386
f 1369/1454/1369 1368/1453/1368 1399/1511/1399
f 1355/1483/1355 1386/1512/1386 1387/1515/1387
f 1370/1456/1370 1369/1454/1369 1400/1514/1400
f 1357/1457/1357 1356/1455/1356 1387/1515/1387
f 1404/1489/1404 1403/1487/1403 1434/1517/1434
f 1390/1488/1390 1421/1549/1421 1422/1519/1422
f 1405/1491/1405 1404/1489/1404 1435/1518/1435
f 1392/1492/1392 1391/1490/1391 1422/1519/1422
f 1405/1491/1405 1436/1520/1436 1437/1522/1437
f 1393/1494/1393 1392/1492/1392 1423/1521/1423
f 1407/1495/1407 1406/1493/1406 1437/1522/1437
f 1393/1494/1393 1424/1523/1424 1425/1525/1425
f 1408/1497/1408 1407/1495/1407 1438/1524/1438
f 1394/1496/1394 1425/1525/1425 1426/1527/1426
f 1408/1497/1408 1439/1526/1439 1440/1530/1440
f 1396/1502/1396 1395/1498/1395 1426/1527/1426
f 1382/1500/1382 1413/1529/1413 1414/1532/1414
f 1410/1504/1410 1409/1501/1409 1440/1530/1440
f 1397/1505/1397 1396/1502/1396 1427/1531/1427
f 1384/1506/1384 1383/1503/1383 1414/1532/1414
f 1410/1504/1410 1441/1533/1441 1442/1536/1442
f 1397/1505/1397 1428/1534/1428 1429/1537/1429
f 1384/1506/1384 1415/1535/1415 1416/1538/1416
f 1411/1507/1411 1442/1536/1442 1443/1539/1443
f 1398/1508/1398 1429/1537/1429 1430/1540/1430
f 1385/1509/1385 1416/1538/1416 1417/1541/1417
f 1400/1514/1400 1399/1511/1399 1430/1540/1430
f 1386/1512/1386 1417/1541/1417 1418/1544/1418
f 1400/1514/1400 1431/1543/1431 1432/1545/1432
f 1387/1515/1387 1418/1544/1418 1419/1546/1419
f 1401/1516/1401 1432/1545/1432 1433/1547/1433
f 1389/1486/1389 1388/1485/1388 1419/1546/1419
f 1402/1484/1402 1433/1547/1433 1434/1517/1434
f 1389/1486/1389 1420/1548/1420 1421/1549/1421
f 1436/1520/1436 1467/1582/1467 1468/1550/1468
f 1424/1523/1424 1423/1521/1423 1454/1551/1454
f 1438/1524/1438 1437/1522/1437 1468/1550/1468
f 1425/1525/1425 1424/1523/1424 1455/1552/1455
f 1439/1526/1439 1438/1524/1438 1469/1553/1469
f 1425/1525/1425 1456/1554/1456 1457/1556/1457
f 1439/1526/1439 1470/1555/1470 1471/1559/1471
f 1427/1531/1427 1426/1527/1426 1457/1556/1457
f 1413/1529/1413 1444/1558/1444 1445/1561/1445
f 1440/1530/1440 1471/1559/1471 1472/1562/1472
f 1428/1534/1428 1427/1531/1427 1458/1560/1458
f 1414/1532/1414 1445/1561/1445 1446/1564/1446
f 1441/1533/1441 1472/1562/1472 1473/1565/1473
f 1428/1534/1428 1459/1563/1459 1460/1566/1460
f 1416/1538/1416 1415/1535/1415 1446/1564/1446
f 1443/1539/1443 1442/1536/1442 1473/1565/1473
f 1429/1537/1429 1460/1566/1460 1461/1569/1461
f 1416/1538/1416 1447/1567/1447 1448/1570/1448
f 1431/1543/1431 1430/1540/1430 1461/1569/1461
f 1417/1541/1417 1448/1570/1448 1449/1573/1449
f 1432/1545/1432 1431/1543/1431 1462/1572/1462
f 1418/1544/1418 1449/1573/1449 1450/1575/1450
f 1432/1545/1432 1463/1574/1463 1464/1576/1464
f 1420/1548/1420 1419/1546/1419 1450/1575/1450
f 1433/1547/1433 1464/1576/1464 1465/1578/1465
f 1420/1548/1420 1451/1577/1451 1452/1579/1452
f 1435/1518/1435 1434/1517/1434 1465/1578/1465
f 1422/1519/1422 1421/1549/1421 1452/1579/1452
f 1436/1520/1436 1435/1518/1435 1466/1580/1466
f 1423/1521/1423 1422/1519/1422 1453/1581/1453
f 1470/1555/1470 1469/1553/1469 1500/1583/1500
f 1456/1554/1456 1487/1615/1487 1488/1585/1488
f 1470/1555/1470 1501/1584/1501 1502/1588/1502
f 1458/1560/1458 1457/1556/1457 1488/1585/1488
f 1444/1558/1444 1475/1587/1475 1476/1590/1476
f 1472/1562/1472 1471/1559/1471 1502/1588/1502
f 1459/1563/1459 1458/1560/1458 1489/1589/1489
f 1446/1564/1446 1445/1561/1445 1476/1590/1476
f 1472/1562/1472 1503/1591/1503 1504/1594/1504
f 1459/1563/1459 1490/1592/1490 1491/1595/1491
f 1446/1564/1446 1477/1593/1477 1478/1596/1478
f 1473/1565/1473 1504/1594/1504 1505/1597/1505
f 1460/1566/1460 1491/1595/1491 1492/1598/1492
f 1447/1567/1447 1478/1596/1478 1479/1599/1479
f 1462/1572/1462 1461/1569/1461 1492/1598/1492
f 1448/1570/1448 1479/1599/1479 1480/1602/1480
f 1463/1574/1463 1462/1572/1462 1493/1601/1493
f 1449/1573/1449 1480/1602/1480 1481/1604/1481
f 1463/1574/1463 1494/1603/1494 1495/1605/1495
f 1451/1577/1451 1450/1575/1450 1481/1604/1481
f 1464/1576/1464 1495/1605/1495 1496/1607/1496
f 1451/1577/1451 1482/1606/1482 1483/1608/1483
f 1466/1580/1466 1465/1578/1465 1496/1607/1496
f 1452/1579/1452 1483/1608/1483 1484/1610/1484
f 1467/1582/1467 1466/1580/1466 1497/1609/1497
f 1454/1551/1454 1453/1581/1453 1484/1610/1484
f 1467/1582/1467 1498/1611/1498 1499/1613/1499
f 1455/1552/1455 1454/1551/1454 1485/1612/1485
f 1468/1550/1468 1499/1613/1499 1500/1583/1500
f 1455/1552/1455 1486/1614/1486 1487/1615/1487
f 1475/1616/1475 1506/1677/1506 1507/1617/1507
f 1503/1619/1503 1502/1678/1502 1533/1620/1533
f 1490/1622/1490 1489/1679/1489 1520/1623/1520
f 1477/1625/1477 1476/1618/1476 1507/1617/1507
f 1503/1619/1503 1534/1621/1534 1535/1627/1535
f 1490/1622/1490 1521/1624/1521 1522/1629/1522
f 1477/1625/1477 1508/1626/1508 1509/1631/1509
f 1504/1628/1504 1535/1627/1535 1536/1633/1536
f 1491/1630/1491 1522/1629/1522 1523/1635/1523
f 1479/1637/1479 1478/1632/1478 1509/1631/1509
f 1493/1640/1493 1492/1636/1492 1523/1635/1523
f 1479/1637/1479 1510/1638/1510 1511/1642/1511
f 1493/1640/1493 1524/1641/1524 1525/1644/1525
f 1480/1643/1480 1511/1642/1511 1512/1646/1512
f 1494/1645/1494 1525/1644/1525 1526/1648/1526
f 1482/1650/1482 1481/1647/1481 1512/1646/1512
f 1495/1649/1495 1526/1648/1526 1527/1652/1527
f 1482/1650/1482 1513/1651/1513 1514/1654/1514
f 1497/1656/1497 1496/1653/1496 1527/1652/1527
f 1483/1655/1483 1514/1654/1514 1515/1658/1515
f 1498/1660/1498 1497/1656/1497 1528/1657/1528
f 1485/1662/1485 1484/1659/1484 1515/1658/1515
f 1498/1660/1498 1529/1661/1529 1530/1664/1530
f 1486/1666/1486 1485/1662/1485 1516/1663/1516
f 1500/1668/1500 1499/1665/1499 1530/1664/1530
f 1487/1670/1487 1486/1666/1486 1517/1667/1517
f 1501/1672/1501 1500/1668/1500 1531/1669/1531
f 1487/1670/1487 1518/1671/1518 1519/1674/1519
f 1502/1678/1502 1501/1672/1501 1532/1673/1532
f 1489/1679/1489 1488/1675/1488 1519/1674/1519
f 1508/1626/1508 1539/1710/1539 1540/1680/1540
f 1535/1627/1535 1566/1711/1566 1567/1681/1567
f 1522/1629/1522 1553/1712/1553 1554/1682/1554
f 1510/1638/1510 1509/1631/1509 1540/1680/1540
f 1524/1641/1524 1523/1635/1523 1554/1682/1554
f 1510/1638/1510 1541/1683/1541 1542/1686/1542
f 1524/1641/1524 1555/1685/1555 1556/1687/1556
f 1512/1646/1512 1511/1642/1511 1542/1686/1542
f 1525/1644/1525 1556/1687/1556 1557/1689/1557
f 1513/1651/1513 1512/1646/1512 1543/1688/1543
f 1526/1648/1526 1557/1689/1557 1558/1691/1558
f 1513/1651/1513 1544/1690/1544 1545/1692/1545
f 1528/1657/1528 1527/1652/1527 1558/1691/1558
f 1514/1654/1514 1545/1692/1545 1546/1694/1546
f 1529/1661/1529 1528/1657/1528 1559/1693/1559
f 1516/1663/1516 1515/1658/1515 1546/1694/1546
f 1529/1661/1529 1560/1695/1560 1561/1697/1561
f 1517/1667/1517 1516/1663/1516 1547/1696/1547
f 1530/1664/1530 1561/1697/1561 1562/1699/1562
f 1518/1671/1518 1517/1667/1517 1548/1698/1548
f 1532/1673/1532 1531/1669/1531 1562/1699/1562
f 1518/1671/1518 1549/1700/1549 1550/1702/1550
f 1532/1673/1532 1563/1701/1563 1564/1705/1564
f 1520/1623/1520 1519/1674/1519 1550/1702/1550
f 1507/1617/1507 1506/1677/1506 1537/1704/1537
f 1534/1621/1534 1533/1620/1533 1564/1705/1564
f 1521/1624/1521 1520/1623/1520 1551/1706/1551
f 1508/1626/1508 1507/1617/1507 1538/1707/1538
f 1534/1621/1534 1565/1708/1565 1566/1711/1566
f 1521/1624/1521 1552/1709/1552 1553/1712/1553
f 1541/1683/1541 1572/1743/1572 1573/1713/1573
f 1555/1685/1555 1586/1745/1586 1587/1714/1587
f 1542/1686/1542 1573/1713/1573 1574/1715/1574
f 1556/1687/1556 1587/1714/1587 1588/1716/1588
f 1544/1690/1544 1543/1688/1543 1574/1715/1574
f 1557/1689/1557 1588/1716/1588 1589/1718/1589
f 1544/1690/1544 1575/1717/1575 1576/1719/1576
f 1559/1693/1559 1558/1691/1558 1589/1718/1589
f 1545/1692/1545 1576/1719/1576 1577/1721/1577
f 1560/1695/1560 1559/1693/1559 1590/1720/1590
f 1547/1696/1547 1546/1694/1546 1577/1721/1577
f 1560/1695/1560 1591/1722/1591 1592/1724/1592
f 1548/1698/1548 1547/1696/1547 1578/1723/1578
f 1561/1697/1561 1592/1724/1592 1593/1726/1593
f 1549/1700/1549 1548/1698/1548 1579/1725/1579
f 1563/1701/1563 1562/1699/1562 1593/1726/1593
f 1549/1700/1549 1580/1727/1580 1581/1729/1581
f 1563/1701/1563 1594/1728/1594 1595/1732/1595
f 1551/1706/1551 1550/1702/1550 1581/1729/1581
f 1537/1704/1537 1568/1731/1568 1569/1734/1569
f 1565/1708/1565 1564/1705/1564 1595/1732/1595
f 1552/1709/1552 1551/1706/1551 1582/1733/1582
f 1538/1707/1538 1569/1734/1569 1570/1737/1570
f 1565/1708/1565 1596/1735/1596 1597/1738/1597
f 1552/1709/1552 1583/1736/1583 1584/1739/1584
f 1539/1710/1539 1570/1737/1570 1571/1740/1571
f 1566/1711/1566 1597/1738/1597 1598/1741/1598
f 1553/1712/1553 1584/1739/1584 1585/1742/1585
f 1540/1680/1540 1571/1740/1571 1572/1743/1572
f 1555/1685/1555 1554/1682/1554 1585/1742/1585
f 1572/1743/1572 1603/1776/1603 1604/1746/1604
f 1586/1745/1586 1617/1778/1617 1618/1747/1618
f 1573/1713/1573 1604/1746/1604 1605/1748/1605
f 1587/1714/1587 1618/1747/1618 1619/1749/1619
f 1575/1717/1575 1574/1715/1574 1605/1748/1605
f 1588/1716/1588 1619/1749/1619 1620/1751/1620
f 1575/1717/1575 1606/1750/1606 1607/1752/1607
f 1590/1720/1590 1589/1718/1589 1620/1751/1620
f 1576/1719/1576 1607/1752/1607 1608/1754/1608
f 1591/1722/1591 1590/1720/1590 1621/1753/1621
f 1578/1723/1578 1577/1721/1577 1608/1754/1608
f 1591/1722/1591 1622/1755/1622 1623/1757/1623
f 1579/1725/1579 1578/1723/1578 1609/1756/1609
f 1592/1724/1592 1623/1757/1623 1624/1759/1624
f 1580/1727/1580 1579/1725/1579 1610/1758/1610
f 1594/1728/1594 1593/1726/1593 1624/1759/1624
f 1580/1727/1580 1611/1760/1611 1612/1762/1612
f 1594/1728/1594 1625/1761/1625 1626/1765/1626
f 1582/1733/1582 1581/1729/1581 1612/1762/1612
f 1568/1731/1568 1599/1764/1599 1600/1767/1600
f 1596/1735/1596 1595/1732/1595 1626/1765/1626
f 1583/1736/1583 1582/1733/1582 1613/1766/1613
f 1569/1734/1569 1600/1767/1600 1601/1770/1601
f 1596/1735/1596 1627/1768/1627 1628/1771/1628
f 1583/1736/1583 1614/1769/1614 1615/1772/1615
f 1571/1740/1571 1570/1737/1570 1601/1770/1601
f 1597/1738/1597 1628/1771/1628 1629/1774/1629
f 1584/1739/1584 1615/1772/1615 1616/1775/1616
f 1572/1743/1572 1571/1740/1571 1602/1773/1602
f 1586/1745/1586 1585/1742/1585 1616/1775/1616
f 1606/1750/1606 1605/1748/1605 1636/1779/1636
f 1619/1749/1619 1650/1811/1650 1651/1781/1651
f 1606/1750/1606 1637/1780/1637 1638/1782/1638
f 1621/1753/1621 1620/1751/1620 1651/1781/1651
f 1607/1752/1607 1638/1782/1638 1639/1784/1639
f 1622/1755/1622 1621/1753/1621 1652/1783/1652
f 1609/1756/1609 1608/1754/1608 1639/1784/1639
f 1622/1755/1622 1653/1785/1653 1654/1787/1654
f 1610/1758/1610 1609/1756/1609 1640/1786/1640
f 1623/1757/1623 1654/1787/1654 1655/1789/1655
f 1610/1758/1610 1641/1788/1641 1642/1790/1642
f 1625/1761/1625 1624/1759/1624 1655/1789/1655
f 1611/1760/1611 1642/1790/1642 1643/1792/1643
f 1625/1761/1625 1656/1791/1656 1657/1795/1657
f 1613/1766/1613 1612/1762/1612 1643/1792/1643
f 1599/1764/1599 1630/1794/1630 1631/1797/1631
f 1626/1765/1626 1657/1795/1657 1658/1798/1658
f 1614/1769/1614 1613/1766/1613 1644/1796/1644
f 1600/1767/1600 1631/1797/1631 1632/1800/1632
f 1627/1768/1627 1658/1798/1658 1659/1801/1659
f 1614/1769/1614 1645/1799/1645 1646/1802/1646
f 1601/1770/1601 1632/1800/1632 1633/1803/1633
f 1629/1774/1629 1628/1771/1628 1659/1801/1659
f 1615/1772/1615 1646/1802/1646 1647/1805/1647
f 1602/1773/1602 1633/1803/1633 1634/1806/1634
f 1617/1778/1617 1616/1775/1616 1647/1805/1647
f 1603/1776/1603 1634/1806/1634 1635/1809/1635
f 1617/1778/1617 1648/1808/1648 1649/1810/1649
f 1605/1748/1605 1604/1746/1604 1635/1809/1635
f 1618/1747/1618 1649/1810/1649 1650/1811/1650
f 1639/1784/1639 1638/1782/1638 1669/1812/1669
f 1653/1785/1653 1652/1783/1652 1683/1814/1683
f 1640/1786/1640 1639/1784/1639 1670/1813/1670
f 1653/1785/1653 1684/1815/1684 1685/1817/1685
f 1641/1788/1641 1640/1786/1640 1671/1816/1671
f 1655/1789/1655 1654/1787/1654 1685/1817/1685
f 1641/1788/1641 1672/1818/1672 1673/1820/1673
f 1656/1791/1656 1655/1789/1655 1686/1819/1686
f 1642/1790/1642 1673/1820/1673 1674/1822/1674
f 1656/1791/1656 1687/1821/1687 1688/1825/1688
f 1644/1796/1644 1643/1792/1643 1674/1822/1674
f 1630/1794/1630 1661/1824/1661 1662/1827/1662
f 1657/1795/1657 1688/1825/1688 1689/1828/1689
f 1645/1799/1645 1644/1796/1644 1675/1826/1675
f 1631/1797/1631 1662/1827/1662 1663/1830/1663
f 1658/1798/1658 1689/1828/1689 1690/1831/1690
f 1645/1799/1645 1676/1829/1676 1677/1832/1677
f 1633/1803/1633 1632/1800/1632 1663/1830/1663
f 1660/1804/1660 1659/1801/1659 1690/1831/1690
f 1646/1802/1646 1677/1832/1677 1678/1835/1678
f 1634/1806/1634 1633/1803/1633 1664/1833/1664
f 1648/1808/1648 1647/1805/1647 1678/1835/1678
f 1634/1806/1634 1665/1836/1665 1666/1839/1666
f 1648/1808/1648 1679/1838/1679 1680/1840/1680
f 1636/1779/1636 1635/1809/1635 1666/1839/1666
f 1649/1810/1649 1680/1840/1680 1681/1842/1681
f 1637/1780/1637 1636/1779/1636 1667/1841/1667
f 1650/1811/1650 1681/1842/1681 1682/1844/1682
f 1637/1780/1637 1668/1843/1668 1669/1812/1669
f 1651/1781/1651 1682/1844/1682 1683/1814/1683
f 1672/1818/1672 1671/1816/1671 1702/1845/1702
f 1685/1817/1685 1716/1877/1716 1717/1847/1717
f 1673/1820/1673 1672/1818/1672 1703/1846/1703
f 1687/1821/1687 1686/1819/1686 1717/1847/1717
f 1673/1820/1673 1704/1848/1704 1705/1850/1705
f 1687/1821/1687 1718/1849/1718 1719/1853/1719
f 1675/1826/1675 1674/1822/1674 1705/1850/1705
f 1661/1824/1661 1692/1852/1692 1693/1855/1693
f 1688/1825/1688 1719/1853/1719 1720/1856/1720
f 1676/1829/1676 1675/1826/1675 1706/1854/1706
f 1662/1827/1662 1693/1855/1693 1694/1858/1694
f 1689/1828/1689 1720/1856/1720 1721/1859/1721
f 1676/1829/1676 1707/1857/1707 1708/1860/1708
f 1663/1830/1663 1694/1858/1694 1695/1861/1695
f 1690/1831/1690 1721/1859/1721 1722/1862/1722
f 1677/1832/1677 1708/1860/1708 1709/1863/1709
f 1664/1833/1664 1695/1861/1695 1696/1864/1696
f 1679/1838/1679 1678/1835/1678 1709/1863/1709
f 1665/1836/1665 1696/1864/1696 1697/1867/1697
f 1679/1838/1679 1710/1866/1710 1711/1868/1711
f 1667/1841/1667 1666/1839/1666 1697/1867/1697
f 1680/1840/1680 1711/1868/1711 1712/1870/1712
f 1668/1843/1668 1667/1841/1667 1698/1869/1698
f 1681/1842/1681 1712/1870/1712 1713/1872/1713
f 1668/1843/1668 1699/1871/1699 1700/1873/1700
f 1683/1814/1683 1682/1844/1682 1713/1872/1713
f 1669/1812/1669 1700/1873/1700 1701/1875/1701
f 1684/1815/1684 1683/1814/1683 1714/1874/1714
f 1671/1816/1671 1670/1813/1670 1701/1875/1701
f 1684/1815/1684 1715/1876/1715 1716/1877/1716
f 1704/1848/1704 1735/1909/1735 1736/1878/1736
f 1718/1849/1718 1749/1910/1749 1750/1881/1750
f 1706/1854/1706 1705/1850/1705 1736/1878/1736
f 1692/1852/1692 1723/1880/1723 1724/1883/1724
f 1719/1853/1719 1750/1881/1750 1751/1884/1751
f 1707/1857/1707 1706/1854/1706 1737/1882/1737
f 1694/1858/1694 1693/1855/1693 1724/1883/1724
f 1720/1856/1720 1751/1884/1751 1752/1887/1752
f 1707/1857/1707 1738/1885/1738 1739/1888/1739
f 1694/1858/1694 1725/1886/1725 1726/1889/1726
f 1722/1862/1722 1721/1859/1721 1752/1887/1752
f 1708/1860/1708 1739/1888/1739 1740/1891/1740
f 1695/1861/1695 1726/1889/1726 1727/1892/1727
f 1710/1866/1710 1709/1863/1709 1740/1891/1740
f 1696/1864/1696 1727/1892/1727 1728/1895/1728
f 1710/1866/1710 1741/1894/1741 1742/1896/1742
f 1697/1867/1697 1728/1895/1728 1729/1897/1729
f 1711/1868/1711 1742/1896/1742 1743/1898/1743
f 1699/1871/1699 1698/1869/1698 1729/1897/1729
f 1712/1870/1712 1743/1898/1743 1744/1900/1744
f 1699/1871/1699 1730/1899/1730 1731/1901/1731
f 1714/1874/1714 1713/1872/1713 1744/1900/1744
f 1700/1873/1700 1731/1901/1731 1732/1903/1732
f 1715/1876/1715 1714/1874/1714 1745/1902/1745
f 1702/1845/1702 1701/1875/1701 1732/1903/1732
f 1715/1876/1715 1746/1904/1746 1747/1906/1747
f 1703/1846/1703 1702/1845/1702 1733/1905/1733
f 1717/1847/1717 1716/1877/1716 1747/1906/1747
f 1704/1848/1704 1703/1846/1703 1734/1907/1734
f 1718/1849/1718 1717/1847/1717 1748/1908/1748
f 1738/1885/1738 1737/1882/1737 1768/1911/1768
f 1724/1883/1724 1755/1942/1755 1756/1913/1756
f 1751/1884/1751 1782/1943/1782 1783/1914/1783
f 1738/1885/1738 1769/1912/1769 1770/1915/1770
f 1725/1886/1725 1756/1913/1756 1757/1916/1757
f 1753/1890/1753 1752/1887/1752 1783/1914/1783
f 1739/1888/1739 1770/1915/1770 1771/1918/1771
f 1726/1889/1726 1757/1916/1757 1758/1919/1758
f 1741/1894/1741 1740/1891/1740 1771/1918/1771
f 1727/1892/1727 1758/1919/1758 1759/1922/1759
f 1741/1894/1741 1772/1921/1772 1773/1923/1773
f 1728/1895/1728 1759/1922/1759 1760/1924/1760
f 1742/1896/1742 1773/1923/1773 1774/1925/1774
f 1730/1899/1730 1729/1897/1729 1760/1924/1760
f 1743/1898/1743 1774/1925/1774 1775/1927/1775
f 1730/1899/1730 1761/1926/1761 1762/1928/1762
f 1745/1902/1745 1744/1900/1744 1775/1927/1775
f 1731/1901/1731 1762/1928/1762 1763/1930/1763
f 1746/1904/1746 1745/1902/1745 1776/1929/1776
f 1733/1905/1733 1732/1903/1732 1763/1930/1763
f 1746/1904/1746 1777/1931/1777 1778/1933/1778
f 1734/1907/1734 1733/1905/1733 1764/1932/1764
f 1748/1908/1748 1747/1906/1747 1778/1933/1778
f 1734/1907/1734 1765/1934/1765 1766/1936/1766
f 1749/1910/1749 1748/1908/1748 1779/1935/1779
f 1735/1909/1735 1766/1936/1766 1767/1938/1767
f 1749/1910/1749 1780/1937/1780 1781/1941/1781
f 1736/1878/1736 1767/1938/1767 1768/1911/1768
f 1723/1880/1723 1754/1940/1754 1755/1942/1755
f 1751/1884/1751 1750/1881/1750 1781/1941/1781
f 1770/1915/1770 1801/1976/1801 1802/1944/1802
f 1758/1919/1758 1757/1916/1757 1788/1945/1788
f 1772/1921/1772 1771/1918/1771 1802/1944/1802
f 1758/1919/1758 1789/1946/1789 1790/1950/1790
f 1772/1921/1772 1803/1949/1803 1804/1951/1804
f 1759/1922/1759 1790/1950/1790 1791/1952/1791
f 1773/1923/1773 1804/1951/1804 1805/1953/1805
f 1761/1926/1761 1760/1924/1760 1791/1952/1791
f 1774/1925/1774 1805/1953/1805 1806/1955/1806
f 1761/1926/1761 1792/1954/1792 1793/1956/1793
f 1776/1929/1776 1775/1927/1775 1806/1955/1806
f 1762/1928/1762 1793/1956/1793 1794/1958/1794
f 1777/1931/1777 1776/1929/1776 1807/1957/1807
f 1764/1932/1764 1763/1930/1763 1794/1958/1794
f 1777/1931/1777 1808/1959/1808 1809/1961/1809
f 1765/1934/1765 1764/1932/1764 1795/1960/1795
f 1779/1935/1779 1778/1933/1778 1809/1961/1809
f 1766/1936/1766 1765/1934/1765 1796/1962/1796
f 1780/1937/1780 1779/1935/1779 1810/1963/1810
f 1766/1936/1766 1797/1964/1797 1798/1966/1798
f 1781/1941/1781 1780/1937/1780 1811/1965/1811
f 1768/1911/1768 1767/1938/1767 1798/1966/1798
f 1754/1940/1754 1785/1968/1785 1786/1971/1786
f 1781/1941/1781 1812/1969/1812 1813/1972/1813
f 1769/1912/1769 1768/1911/1768 1799/1970/1799
f 1756/1913/1756 1755/1942/1755 1786/1971/1786
f 1782/1943/1782 1813/1972/1813 1814/1975/1814
f 1769/1912/1769 1800/1973/1800 1801/1976/1801
f 1756/1913/1756 1787/1974/1787 1788/1945/1788
f 1784/1917/1784 1783/1914/1783 1814/1975/1814
f 1803/1949/1803 1834/2008/1834 1835/1977/1835
f 1790/1950/1790 1821/2009/1821 1822/1978/1822
f 1804/1951/1804 1835/1977/1835 1836/1979/1836
f 1792/1954/1792 1791/1952/1791 1822/1978/1822
f 1805/1953/1805 1836/1979/1836 1837/1981/1837
f 1792/1954/1792 1823/1980/1823 1824/1982/1824
f 1807/1957/1807 1806/1955/1806 1837/1981/1837
f 1793/1956/1793 1824/1982/1824 1825/1984/1825
f 1808/1959/1808 1807/1957/1807 1838/1983/1838
f 1795/1960/1795 1794/1958/1794 1825/1984/1825
f 1808/1959/1808 1839/1985/1839 1840/1987/1840
f 1795/1960/1795 1826/1986/1826 1827/1988/1827
f 1810/1963/1810 1809/1961/1809 1840/1987/1840
f 1797/1964/1797 1796/1962/1796 1827/1988/1827
f 1811/1965/1811 1810/1963/1810 1841/1989/1841
f 1797/1964/1797 1828/1990/1828 1829/1992/1829
f 1811/1965/1811 1842/1991/1842 1843/1995/1843
f 1799/1970/1799 1798/1966/1798 1829/1992/1829
f 1785/1968/1785 1816/1994/1816 1817/1997/1817
f 1812/1969/1812 1843/1995/1843 1844/1998/1844
f 1800/1973/1800 1799/1970/1799 1830/1996/1830
f 1786/1971/1786 1817/1997/1817 1818/2000/1818
f 1813/1972/1813 1844/1998/1844 1845/2001/1845
f 1800/1973/1800 1831/1999/1831 1832/2002/1832
f 1787/1974/1787 1818/2000/1818 1819/2003/1819
f 1815/1948/1815 1814/1975/1814 1845/2001/1845
f 1801/1976/1801 1832/2002/1832 1833/2005/1833
f 1788/1945/1788 1819/2003/1819 1820/2006/1820
f 1803/1949/1803 1802/1944/1802 1833/2005/1833
f 1789/1946/1789 1820/2006/1820 1821/2009/1821
f 1836/1979/1836 1867/2041/1867 1868/2010/1868
f 1823/1980/1823 1854/2042/1854 1855/2011/1855
f 1838/1983/1838 1837/1981/1837 1868/2010/1868
f 1824/1982/1824 1855/2011/1855 1856/2013/1856
f 1839/1985/1839 1838/1983/1838 1869/2012/1869
f 1826/1986/1826 1825/1984/1825 1856/2013/1856
f 1839/1985/1839 1870/2014/1870 1871/2016/1871
f 1826/1986/1826 1857/2015/1857 1858/2017/1858
f 1840/1987/1840 1871/2016/1871 1872/2018/1872
f 1828/1990/1828 1827/1988/1827 1858/2017/1858
f 1842/1991/1842 1841/1989/1841 1872/2018/1872
f 1828/1990/1828 1859/2019/1859 1860/2021/1860
f 1842/1991/1842 1873/2020/1873 1874/2024/1874
f 1830/1996/1830 1829/1992/1829 1860/2021/1860
f 1816/1994/1816 1847/2023/1847 1848/2026/1848
f 1843/1995/1843 1874/2024/1874 1875/2027/1875
f 1831/1999/1831 1830/1996/1830 1861/2025/1861
f 1818/2000/1818 1817/1997/1817 1848/2026/1848
f 1844/1998/1844 1875/2027/1875 1876/2030/1876
f 1831/1999/1831 1862/2028/1862 1863/2031/1863
f 1819/2003/1819 1818/2000/1818 1849/2029/1849
f 1846/2004/1846 1845/2001/1845 1876/2030/1876
f 1832/2002/1832 1863/2031/1863 1864/2034/1864
f 1819/2003/1819 1850/2032/1850 1851/2035/1851
f 1834/2008/1834 1833/2005/1833 1864/2034/1864
f 1820/2006/1820 1851/2035/1851 1852/2038/1852
f 1834/2008/1834 1865/2037/1865 1866/2039/1866
f 1821/2009/1821 1852/2038/1852 1853/2040/1853
f 1836/1979/1836 1835/1977/1835 1866/2039/1866
f 1823/1980/1823 1822/1978/1822 1853/2040/1853
f 1870/2014/1870 1869/2012/1869 1900/2043/1900
f 1857/2015/1857 1856/2013/1856 1887/2045/1887
f 1870/2014/1870 1901/2044/1901 1902/2047/1902
f 1857/2015/1857 1888/2046/1888 1889/2048/1889
f 1871/2016/1871 1902/2047/1902 1903/2049/1903
f 1859/2019/1859 1858/2017/1858 1889/2048/1889
f 1872/2018/1872 1903/2049/1903 1904/2051/1904
f 1859/2019/1859 1890/2050/1890 1891/2052/1891
f 1873/2020/1873 1904/2051/1904 1905/2055/1905
f 1861/2025/1861 1860/2021/1860 1891/2052/1891
f 1847/2023/1847 1878/2054/1878 1879/2057/1879
f 1874/2024/1874 1905/2055/1905 1906/2058/1906
f 1862/2028/1862 1861/2025/1861 1892/2056/1892
f 1848/2026/1848 1879/2057/1879 1880/2060/1880
f 1875/2027/1875 1906/2058/1906 1907/2061/1907
f 1862/2028/1862 1893/2059/1893 1894/2062/1894
f 1849/2029/1849 1880/2060/1880 1881/2063/1881
f 1877/2033/1877 1876/2030/1876 1907/2061/1907
f 1863/2031/1863 1894/2062/1894 1895/2065/1895
f 1850/2032/1850 1881/2063/1881 1882/2066/1882
f 1865/2037/1865 1864/2034/1864 1895/2065/1895
f 1851/2035/1851 1882/2066/1882 1883/2069/1883
f 1865/2037/1865 1896/2068/1896 1897/2070/1897
f 1853/2040/1853 1852/2038/1852 1883/2069/1883
f 1866/2039/1866 1897/2070/1897 1898/2072/1898
f 1854/2042/1854 1853/2040/1853 1884/2071/1884
f 1867/2041/1867 1898/2072/1898 1899/2074/1899
f 1854/2042/1854 1885/2073/1885 1886/2075/1886
f 1869/2012/1869 1868/2010/1868 1899/2074/1899
f 1855/2011/1855 1886/2075/1886 1887/2045/1887
f 1903/2049/1903 1902/2047/1902 1933/2076/1933
f 1890/2050/1890 1889/2048/1889 1920/2078/1920
f 1904/2051/1904 1903/2049/1903 1934/2077/1934
f 1890/2050/1890 1921/2079/1921 1922/2081/1922
f 1904/2051/1904 1935/2080/1935 1936/2084/1936
f 1892/2056/1892 1891/2052/1891 1922/2081/1922
f 1878/2054/1878 1909/2083/1909 1910/2086/1910
f 1905/2055/1905 1936/2084/1936 1937/2087/1937
f 1893/2059/1893 1892/2056/1892 1923/2085/1923
f 1879/2057/1879 1910/2086/1910 1911/2089/1911
f 1906/2058/1906 1937/2087/1937 1938/2090/1938
f 1893/2059/1893 1924/2088/1924 1925/2091/1925
f 1880/2060/1880 1911/2089/1911 1912/2092/1912
f 1907/2061/1907 1938/2090/1938 1939/2093/1939
f 1894/2062/1894 1925/2091/1925 1926/2094/1926
f 1881/2063/1881 1912/2092/1912 1913/2095/1913
f 1896/2068/1896 1895/2065/1895 1926/2094/1926
f 1882/2066/1882 1913/2095/1913 1914/2098/1914
f 1896/2068/1896 1927/2097/1927 1928/2099/1928
f 1883/2069/1883 1914/2098/1914 1915/2100/1915
f 1898/2072/1898 1897/2070/1897 1928/2099/1928
f 1885/2073/1885 1884/2071/1884 1915/2100/1915
f 1898/2072/1898 1929/2101/1929 1930/2103/1930
f 1885/2073/1885 1916/2102/1916 1917/2104/1917
f 1900/2043/1900 1899/2074/1899 1930/2103/1930
f 1886/2075/1886 1917/2104/1917 1918/2106/1918
f 1901/2044/1901 1900/2043/1900 1931/2105/1931
f 1888/2046/1888 1887/2045/1887 1918/2106/1918
f 1901/2044/1901 1932/2107/1932 1933/2076/1933
f 1888/2046/1888 1919/2108/1919 1920/2078/1920
f 1936/2084/1936 1935/2080/1935 1966/2109/1966
f 1923/2085/1923 1922/2081/1922 1953/2111/1953
f 1909/2083/1909 1940/2141/1940 1941/2113/1941
f 1936/2084/1936 1967/2110/1967 1968/2114/1968
f 1924/2088/1924 1923/2085/1923 1954/2112/1954
f 1910/2086/1910 1941/2113/1941 1942/2116/1942
f 1937/2087/1937 1968/2114/1968 1969/2117/1969
f 1924/2088/1924 1955/2115/1955 1956/2118/1956
f 1912/2092/1912 1911/2089/1911 1942/2116/1942
f 1938/2090/1938 1969/2117/1969 1970/2120/1970
f 1925/2091/1925 1956/2118/1956 1957/2121/1957
f 1912/2092/1912 1943/2119/1943 1944/2122/1944
f 1927/2097/1927 1926/2094/1926 1957/2121/1957
f 1913/2095/1913 1944/2122/1944 1945/2125/1945
f 1927/2097/1927 1958/2124/1958 1959/2126/1959
f 1915/2100/1915 1914/2098/1914 1945/2125/1945
f 1928/2099/1928 1959/2126/1959 1960/2128/1960
f 1916/2102/1916 1915/2100/1915 1946/2127/1946
f 1929/2101/1929 1960/2128/1960 1961/2130/1961
f 1916/2102/1916 1947/2129/1947 1948/2131/1948
f 1931/2105/1931 1930/2103/1930 1961/2130/1961
f 1917/2104/1917 1948/2131/1948 1949/2133/1949
f 1932/2107/1932 1931/2105/1931 1962/2132/1962
f 1919/2108/1919 1918/2106/1918 1949/2133/1949
f 1932/2107/1932 1963/2134/1963 1964/2136/1964
f 1919/2108/1919 1950/2135/1950 1951/2137/1951
f 1933/2076/1933 1964/2136/1964 1965/2138/1965
f 1921/2079/1921 1920/2078/1920 1951/2137/1951
f 1935/2080/1935 1934/2077/1934 1965/2138/1965
f 1921/2079/1921 1952/2139/1952 1953/2111/1953
f 1969/2117/1969 1968/2114/1968 14/33/14
f 1955/2115/1955 9/35/9 10/41/10
f 1942/2116/1942 3/37/3 1971/42/1971
f 1969/2117/1969 1986/39/1986 15/45/15
f 1956/2118/1956 10/41/10 1978/47/1978
f 1944/2122/1944 1943/2119/1943 1971/42/1971
f 1958/2124/1958 1957/2121/1957 1978/47/1978
f 1945/2125/1945 1944/2122/1944 4/48/4
f 1958/2124/1958 11/52/11 12/56/12
f 1945/2125/1945 1972/54/1972 1973/58/1973
f 1959/2126/1959 12/56/12 13/60/13
f 1947/2129/1947 1946/2127/1946 1973/58/1973
f 1960/2128/1960 13/60/13 1979/1/1979
f 1947/2129/1947 1974/61/1974 1975/64/1975
f 1962/2132/1962 1961/2130/1961 1979/1/1979
f 1948/2131/1948 1975/64/1975 1976/4/1976
f 1963/2134/1963 1962/2132/1962 1980/3/1980
f 1950/2135/1950 1949/2133/1949 1976/4/1976
f 1963/2134/1963 1981/8/1981 1982/12/1982
f 1951/2137/1951 1950/2135/1950 5/9/5
f 1964/2136/1964 1982/12/1982 1983/15/1983
f 1952/2139/1952 1951/2137/1951 6/14/6
f 1966/2109/1966 1965/2138/1965 1983/15/1983
f 1952/2139/1952 7/17/7 1977/21/1977
f 1966/2109/1966 1984/19/1984 1985/27/1985
f 1954/2112/1954 1953/2111/1953 1977/21/1977
f 1941/2113/1941 1940/2141/1940 1/23/1
f 1968/2114/1968 1967/2110/1967 1985/27/1985
f 1955/2115/1955 1954/2112/1954 8/29/8
f 1942/2116/1942 1941/2113/1941 2/31/2
